sample	reference	mapq_min	read_count	neg_read_count	z_score	p_value	gtdb_taxonomy	ncbi_taxid
CasClinique2_ADN	GCF_003030305.1	25	168364	0	238101.94510860258	0.0	d__Bacteria;p__Actinomycetota;c__Actinomycetes;o__Propionibacteriales;f__Propionibacteriaceae;g__Cutibacterium;s__Cutibacterium acnes	765068.0
CasClinique1_ARN	GCF_003030305.1	25	111096	0	157112.76281862016	0.0	d__Bacteria;p__Actinomycetota;c__Actinomycetes;o__Propionibacteriales;f__Propionibacteriaceae;g__Cutibacterium;s__Cutibacterium acnes	765068.0
CasClinique1_ARN	GCF_000023205.1	25	29557	0	41799.20315628038	0.0	d__Bacteria;p__Actinomycetota;c__Actinomycetes;o__Actinomycetales;f__Micrococcaceae;g__Micrococcus;s__Micrococcus luteus	1270.0
CasClinique1_ARN	GCF_006742205.1	25	29499	0	41717.17876966274	0.0	d__Bacteria;p__Bacillota;c__Bacilli;o__Staphylococcales;f__Staphylococcaceae;g__Staphylococcus;s__Staphylococcus epidermidis	1282.0
CasClinique2_ADN	GCF_030503735.1	25	28798	0	40725.8150624392	0.0	d__Bacteria;p__Actinomycetota;c__Actinomycetes;o__Mycobacteriales;f__Mycobacteriaceae;g__Corynebacterium;s__Corynebacterium sp025144025	2916102.0
CasClinique2_ADN	GCF_006742205.1	25	28017	0	39621.31427022581	0.0	d__Bacteria;p__Bacillota;c__Bacilli;o__Staphylococcales;f__Staphylococcaceae;g__Staphylococcus;s__Staphylococcus epidermidis	1282.0
CasClinique1_ARN	GCF_030503735.1	25	24236	0	34274.17279089314	0.0	d__Bacteria;p__Actinomycetota;c__Actinomycetes;o__Mycobacteriales;f__Mycobacteriaceae;g__Corynebacterium;s__Corynebacterium sp025144025	2916102.0
CasClinique2_ADN	GCF_000023205.1	25	20399	0	28847.835352067577	0.0	d__Bacteria;p__Actinomycetota;c__Actinomycetes;o__Actinomycetales;f__Micrococcaceae;g__Micrococcus;s__Micrococcus luteus	1270.0
CasClinique2_ADN	GCF_002901845.1	25	17210	0	24337.908301659776	0.0	d__Bacteria;p__Bacillota;c__Bacilli;o__Staphylococcales;f__Staphylococcaceae;g__Staphylococcus;s__Staphylococcus hominis	1290.0
CasClinique1_ARN	GCF_002901845.1	25	12376	0	17501.599941148237	0.0	d__Bacteria;p__Bacillota;c__Bacilli;o__Staphylococcales;f__Staphylococcaceae;g__Staphylococcus;s__Staphylococcus hominis	1290.0
CasClinique2_ADN	GCF_000722765.2	25	11792	0	16675.69922072235	0.0	d__Bacteria;p__Bacillota;c__Bacilli;o__Lactobacillales;f__Streptococcaceae;g__Streptococcus;s__Streptococcus mitis_AQ	28037.0
CasClinique1_ARN	GCF_001027105.1	25	11231	0	15882.325412231043	0.0	d__Bacteria;p__Bacillota;c__Bacilli;o__Staphylococcales;f__Staphylococcaceae;g__Staphylococcus;s__Staphylococcus aureus	1280.0
CasClinique1_ARN	GCF_000722765.2	25	10257	0	14504.881402479648	0.0	d__Bacteria;p__Bacillota;c__Bacilli;o__Lactobacillales;f__Streptococcaceae;g__Streptococcus;s__Streptococcus mitis_AQ	28037.0
CasClinique2_ADN	GCF_001027105.1	25	6843	0	9676.756300537902	0.0	d__Bacteria;p__Bacillota;c__Bacilli;o__Staphylococcales;f__Staphylococcaceae;g__Staphylococcus;s__Staphylococcus aureus	1280.0
CasClinique1_ARN	GCF_013347965.1	25	2395	0	3386.334375102376	0.0	d__Bacteria;p__Pseudomonadota;c__Gammaproteobacteria;o__Pseudomonadales;f__Pseudomonadaceae;g__Pseudomonas_E;s__Pseudomonas_E bijieensis	2681983.0
CasClinique2_ADN	GCF_008326345.1	25	2330	0	3294.4104935481246	0.0	d__Bacteria;p__Actinomycetota;c__Actinomycetes;o__Propionibacteriales;f__Propionibacteriaceae;g__Cutibacterium;s__Cutibacterium modestum	1182755.0
CasClinique2_ADN	GCF_013347965.1	25	2168	0	3065.307896443683	0.0	d__Bacteria;p__Pseudomonadota;c__Gammaproteobacteria;o__Pseudomonadales;f__Pseudomonadaceae;g__Pseudomonas_E;s__Pseudomonas_E bijieensis	2681983.0
CasClinique1_ARN	GCF_008326345.1	25	1507	0	2130.5127317150677	0.0	d__Bacteria;p__Actinomycetota;c__Actinomycetes;o__Propionibacteriales;f__Propionibacteriaceae;g__Cutibacterium;s__Cutibacterium modestum	1182755.0
CasClinique1_ARN	GCF_011058205.1	25	1119	0	1581.7978695143067	0.0	d__Bacteria;p__Pseudomonadota;c__Gammaproteobacteria;o__Pseudomonadales;f__Moraxellaceae;g__Acinetobacter;s__Acinetobacter fasciculus	575588.0
CasClinique7_ADN	GCF_003030305.1	25	1077	0	1522.4008998946367	0.0	d__Bacteria;p__Actinomycetota;c__Actinomycetes;o__Propionibacteriales;f__Propionibacteriaceae;g__Cutibacterium;s__Cutibacterium acnes	765068.0
CasClinique2_ADN	GCF_001642025.1	25	664	0	938.3306986345485	0.0	d__Bacteria;p__Actinomycetota;c__Actinomycetes;o__Propionibacteriales;f__Propionibacteriaceae;g__Cutibacterium;s__Cutibacterium namnetense	1912223.0
CasClinique2_ADN	GCF_011058205.1	25	575	0	812.4656915833431	0.0	d__Bacteria;p__Pseudomonadota;c__Gammaproteobacteria;o__Pseudomonadales;f__Moraxellaceae;g__Acinetobacter;s__Acinetobacter fasciculus	575588.0
CasClinique4_ADN	GCF_000013285.1	25	564	0	796.909342397239	0.0	d__Bacteria;p__Bacillota_A;c__Clostridia;o__Clostridiales;f__Clostridiaceae;g__Sarcina;s__Sarcina perfringens	1502.0
CasClinique1_ARN	GCF_000236925.1	25	467	0	659.7306268470488	0.0	d__Bacteria;p__Bacillota;c__Bacilli;o__Staphylococcales;f__Staphylococcaceae;g__Staphylococcus;s__Staphylococcus argenteus	985002.0
CasClinique1_ARN	GCF_001642025.1	25	454	0	641.3458505361986	0.0	d__Bacteria;p__Actinomycetota;c__Actinomycetes;o__Propionibacteriales;f__Propionibacteriaceae;g__Cutibacterium;s__Cutibacterium namnetense	1912223.0
CasClinique10_ADN	GCF_029024925.1	25	416	0	587.605735166021	0.0	d__Bacteria;p__Bacillota;c__Bacilli;o__Lactobacillales;f__Enterococcaceae;g__Enterococcus;s__Enterococcus faecalis	1351.0
CasClinique2_ADN	GCF_000236925.1	25	360	0	508.4097756731276	0.0	d__Bacteria;p__Bacillota;c__Bacilli;o__Staphylococcales;f__Staphylococcaceae;g__Staphylococcus;s__Staphylococcus argenteus	985002.0
CasClinique2_ADN	GCF_016894265.1	25	279	0	393.85847712090697	0.0	d__Bacteria;p__Actinomycetota;c__Actinomycetes;o__Mycobacteriales;f__Mycobacteriaceae;g__Corynebacterium;s__Corynebacterium tuberculostearicum_D	2918198.0
CasClinique2_ADN	GCF_000239695.1	25	236	0	333.04729393886385	0.0	d__Bacteria;p__Actinomycetota;c__Actinomycetes;o__Actinomycetales;f__Actinomycetaceae;g__Actinomyces;s__Actinomyces graevenitzii	1321817.0
CasClinique1_ARN	GCF_016894265.1	25	225	0	317.49094475275984	0.0	d__Bacteria;p__Actinomycetota;c__Actinomycetes;o__Mycobacteriales;f__Mycobacteriaceae;g__Corynebacterium;s__Corynebacterium tuberculostearicum_D	2918198.0
CasClinique2_ADN	GCF_000227295.1	25	199	0	280.72139213105936	0.0	d__Bacteria;p__Actinomycetota;c__Actinomycetes;o__Propionibacteriales;f__Propionibacteriaceae;g__Cutibacterium;s__Cutibacterium avidum	33010.0
CasClinique1_ARN	GCF_019048525.1	25	183	0	258.0939751330898	0.0	d__Bacteria;p__Pseudomonadota;c__Gammaproteobacteria;o__Pseudomonadales;f__Moraxellaceae;g__Acinetobacter;s__Acinetobacter lwoffii_K	28090.0
CasClinique8_ARN	GCF_003030305.1	25	182	0	256.6797615707167	0.0	d__Bacteria;p__Actinomycetota;c__Actinomycetes;o__Propionibacteriales;f__Propionibacteriaceae;g__Cutibacterium;s__Cutibacterium acnes	765068.0
CasClinique8_ARN	GCA_022631215.1	25	179	0	252.43712088359746	0.0	d__Bacteria;p__Pseudomonadota;c__Gammaproteobacteria;o__Burkholderiales;f__Burkholderiaceae;g__Ralstonia;s__Ralstonia sp001078575	190721.0
CasClinique2_ADN	GCF_027570215.1	25	169	0	238.2949852598665	0.0	d__Bacteria;p__Actinomycetota;c__Actinomycetes;o__Mycobacteriales;f__Mycobacteriaceae;g__Corynebacterium;s__Corynebacterium hesseae	3051103.0
CasClinique8_ARN	GCF_023518235.1	25	162	0	228.39549032325485	0.0	d__Bacteria;p__Pseudomonadota;c__Gammaproteobacteria;o__Xanthomonadales;f__Xanthomonadaceae;g__Stenotrophomonas;s__Stenotrophomonas sp003028475	69392.0
CasClinique1_ARN	GCF_027570215.1	25	157	0	221.32442251138937	0.0	d__Bacteria;p__Actinomycetota;c__Actinomycetes;o__Mycobacteriales;f__Mycobacteriaceae;g__Corynebacterium;s__Corynebacterium hesseae	3051103.0
CasClinique1_ARN	GCF_014769185.1	25	145	0	204.3538597629122	0.0	d__Bacteria;p__Pseudomonadota;c__Gammaproteobacteria;o__Pseudomonadales;f__Moraxellaceae;g__Acinetobacter;s__Acinetobacter lwoffii_D	28090.0
CasClinique1_ARN	GCF_000227295.1	25	141	0	198.69700551341984	0.0	d__Bacteria;p__Actinomycetota;c__Actinomycetes;o__Propionibacteriales;f__Propionibacteriaceae;g__Cutibacterium;s__Cutibacterium avidum	33010.0
CasClinique1_ARN	GCF_000239695.1	25	136	0	191.62593770155436	0.0	d__Bacteria;p__Actinomycetota;c__Actinomycetes;o__Actinomycetales;f__Actinomycetaceae;g__Actinomyces;s__Actinomyces graevenitzii	1321817.0
CasClinique1_ARN	GCF_027570155.1	25	129	0	181.7264427649427	0.0	d__Bacteria;p__Actinomycetota;c__Actinomycetes;o__Mycobacteriales;f__Mycobacteriaceae;g__Corynebacterium;s__Corynebacterium marquesiae	169292.0
CasClinique2_ADN	GCF_027570155.1	25	124	0	174.65537495307723	0.0	d__Bacteria;p__Actinomycetota;c__Actinomycetes;o__Mycobacteriales;f__Mycobacteriaceae;g__Corynebacterium;s__Corynebacterium marquesiae	169292.0
CasClinique6_ARN	GCF_003030305.1	25	119	0	167.58430714121175	0.0	d__Bacteria;p__Actinomycetota;c__Actinomycetes;o__Propionibacteriales;f__Propionibacteriaceae;g__Cutibacterium;s__Cutibacterium acnes	765068.0
CasClinique1_ARN	GCA_013530545.1	25	118	0	166.17009357883865	0.0	d__Bacteria;p__Pseudomonadota;c__Gammaproteobacteria;o__Pseudomonadales;f__Moraxellaceae;g__Acinetobacter;s__Acinetobacter lwoffii_G	28090.0
CasClinique2_ADN	GCF_028308085.1	25	102	0	143.54267658086914	0.0	d__Bacteria;p__Bacillota;c__Bacilli;o__Staphylococcales;f__Gemellaceae;g__Gemella;s__Gemella haemolysans_D	1379.0
CasClinique1_ARN	GCF_024129735.1	25	87	0	122.32947314527271	0.0	d__Bacteria;p__Pseudomonadota;c__Gammaproteobacteria;o__Pseudomonadales;f__Moraxellaceae;g__Acinetobacter;s__Acinetobacter lwoffii_H	28090.0
CasClinique1_ARN	GCF_002321025.1	25	83	0	116.67261889578033	0.0	d__Bacteria;p__Pseudomonadota;c__Gammaproteobacteria;o__Pseudomonadales;f__Moraxellaceae;g__Acinetobacter;s__Acinetobacter lwoffii_J	28090.0
CasClinique2_ADN	GCF_019048525.1	25	81	0	113.84419177103415	0.0	d__Bacteria;p__Pseudomonadota;c__Gammaproteobacteria;o__Pseudomonadales;f__Moraxellaceae;g__Acinetobacter;s__Acinetobacter lwoffii_K	28090.0
CasClinique1_ARN	GCF_001708445.1	25	79	0	111.01576464628795	0.0	d__Bacteria;p__Pseudomonadota;c__Gammaproteobacteria;o__Pseudomonadales;f__Pseudomonadaceae;g__Pseudomonas_E;s__Pseudomonas_E fluorescens_AN	2070623.0
CasClinique6_ARN	GCF_000622145.1	25	78	0	109.60155108391486	0.0	d__Bacteria;p__Pseudomonadota;c__Alphaproteobacteria;o__Rhodobacterales;f__Rhodobacteraceae;g__Paracoccus;s__Paracoccus yeei	147645.0
CasClinique1_ARN	GCF_015602705.1	25	75	0	105.35891039679558	0.0	d__Bacteria;p__Pseudomonadota;c__Gammaproteobacteria;o__Pseudomonadales;f__Moraxellaceae;g__Acinetobacter;s__Acinetobacter lwoffii_E	28090.0
CasClinique2_ADN	GCA_958349165.1	25	75	0	105.35891039679558	0.0	d__Bacteria;p__Actinomycetota;c__Actinomycetes;o__Actinomycetales;f__Actinomycetaceae;g__Pauljensenia;s__Pauljensenia sp958349165	249061.0
CasClinique2_ADN	GCF_030408415.1	25	74	0	103.94469683442247	0.0	d__Bacteria;p__Actinomycetota;c__Actinomycetes;o__Mycobacteriales;f__Mycobacteriaceae;g__Corynebacterium;s__Corynebacterium appendicis	1161099.0
CasClinique2_ADN	GCF_002266425.1	25	71	0	99.7020561473032	0.0	d__Bacteria;p__Bacillota_A;c__Clostridia;o__Tissierellales;f__Tissierellaceae;g__Tissierella;s__Tissierella carlieri	689904.0
CasClinique2_ADN	GCF_013408445.1	25	71	0	99.7020561473032	0.0	d__Bacteria;p__Actinomycetota;c__Actinomycetes;o__Mycobacteriales;f__Mycobacteriaceae;g__Corynebacterium;s__Corynebacterium tuberculostearicum	38304.0
CasClinique2_ADN	GCA_013530545.1	25	70	0	98.2878425849301	0.0	d__Bacteria;p__Pseudomonadota;c__Gammaproteobacteria;o__Pseudomonadales;f__Moraxellaceae;g__Acinetobacter;s__Acinetobacter lwoffii_G	28090.0
CasClinique2_ADN	GCF_030506365.1	25	70	0	98.2878425849301	0.0	d__Bacteria;p__Actinomycetota;c__Actinomycetes;o__Mycobacteriales;f__Mycobacteriaceae;g__Corynebacterium;s__Corynebacterium tuberculostearicum_E	38304.0
CasClinique2_ADN	GCF_006094395.1	25	68	0	95.4594154601839	0.0	d__Bacteria;p__Bacillota;c__Bacilli;o__Staphylococcales;f__Staphylococcaceae;g__Staphylococcus;s__Staphylococcus haemolyticus	1283.0
CasClinique2_ADN	GCF_001708445.1	25	67	0	94.04520189781081	0.0	d__Bacteria;p__Pseudomonadota;c__Gammaproteobacteria;o__Pseudomonadales;f__Pseudomonadaceae;g__Pseudomonas_E;s__Pseudomonas_E fluorescens_AN	2070623.0
CasClinique1_ARN	GCF_030408415.1	25	65	0	91.21677477306463	0.0	d__Bacteria;p__Actinomycetota;c__Actinomycetes;o__Mycobacteriales;f__Mycobacteriaceae;g__Corynebacterium;s__Corynebacterium appendicis	1161099.0
CasClinique1_ARN	GCF_028308085.1	25	65	0	91.21677477306463	0.0	d__Bacteria;p__Bacillota;c__Bacilli;o__Staphylococcales;f__Gemellaceae;g__Gemella;s__Gemella haemolysans_D	1379.0
CasClinique2_ADN	GCF_001224225.1	25	65	0	91.21677477306463	0.0	d__Bacteria;p__Bacillota;c__Bacilli;o__Staphylococcales;f__Staphylococcaceae;g__Staphylococcus;s__Staphylococcus borealis	2742203.0
CasClinique7_ADN	GCF_003241315.1	25	63	0	88.38834764831843	0.0	d__Bacteria;p__Actinomycetota;c__Actinomycetes;o__Mycobacteriales;f__Mycobacteriaceae;g__Lawsonella;s__Lawsonella clevelandensis_A	2041415.0
CasClinique1_ARN	GCF_030506365.1	25	63	0	88.38834764831843	0.0	d__Bacteria;p__Actinomycetota;c__Actinomycetes;o__Mycobacteriales;f__Mycobacteriaceae;g__Corynebacterium;s__Corynebacterium tuberculostearicum_E	38304.0
CasClinique1_ARN	GCF_029024105.1	25	63	0	88.38834764831843	0.0	d__Bacteria;p__Pseudomonadota;c__Gammaproteobacteria;o__Pseudomonadales;f__Moraxellaceae;g__Acinetobacter;s__Acinetobacter lwoffii	28090.0
CasClinique2_ADN	GCF_004785665.1	25	62	0	86.97413408594534	0.0	d__Bacteria;p__Bacillota;c__Bacilli;o__Staphylococcales;f__Staphylococcaceae;g__Staphylococcus;s__Staphylococcus pragensis	1611836.0
CasClinique2_ADN	GCF_014769185.1	25	60	0	84.14570696119915	0.0	d__Bacteria;p__Pseudomonadota;c__Gammaproteobacteria;o__Pseudomonadales;f__Moraxellaceae;g__Acinetobacter;s__Acinetobacter lwoffii_D	28090.0
CasClinique1_ARN	GCF_001224225.1	25	60	0	84.14570696119915	0.0	d__Bacteria;p__Bacillota;c__Bacilli;o__Staphylococcales;f__Staphylococcaceae;g__Staphylococcus;s__Staphylococcus borealis	2742203.0
CasClinique8_ARN	GCF_000686025.1	25	58	0	81.31727983645295	0.0	d__Bacteria;p__Actinomycetota;c__Actinomycetes;o__Mycobacteriales;f__Mycobacteriaceae;g__Rhodococcus;s__Rhodococcus sp000686025	2739443.0
CasClinique1_ARN	GCF_013408445.1	25	58	0	81.31727983645295	0.0	d__Bacteria;p__Actinomycetota;c__Actinomycetes;o__Mycobacteriales;f__Mycobacteriaceae;g__Corynebacterium;s__Corynebacterium tuberculostearicum	38304.0
CasClinique1_ARN	GCF_006094395.1	25	57	0	79.90306627407986	0.0	d__Bacteria;p__Bacillota;c__Bacilli;o__Staphylococcales;f__Staphylococcaceae;g__Staphylococcus;s__Staphylococcus haemolyticus	1283.0
CasClinique1_ARN	GCF_004785665.1	25	54	0	75.66042558696059	0.0	d__Bacteria;p__Bacillota;c__Bacilli;o__Staphylococcales;f__Staphylococcaceae;g__Staphylococcus;s__Staphylococcus pragensis	1611836.0
CasClinique2_ADN	GCF_001586215.1	25	54	0	75.66042558696059	0.0	d__Bacteria;p__Actinomycetota;c__Actinomycetes;o__Mycobacteriales;f__Mycobacteriaceae;g__Corynebacterium;s__Corynebacterium simulans	146827.0
CasClinique1_ARN	GCF_001586215.1	25	49	0	68.58935777509511	0.0	d__Bacteria;p__Actinomycetota;c__Actinomycetes;o__Mycobacteriales;f__Mycobacteriaceae;g__Corynebacterium;s__Corynebacterium simulans	146827.0
CasClinique1_ARN	GCF_002266425.1	25	49	0	68.58935777509511	0.0	d__Bacteria;p__Bacillota_A;c__Clostridia;o__Tissierellales;f__Tissierellaceae;g__Tissierella;s__Tissierella carlieri	689904.0
CasClinique2_ADN	GCF_015602705.1	25	48	0	67.17514421272202	0.0	d__Bacteria;p__Pseudomonadota;c__Gammaproteobacteria;o__Pseudomonadales;f__Moraxellaceae;g__Acinetobacter;s__Acinetobacter lwoffii_E	28090.0
CasClinique2_ADN	GCF_002321025.1	25	47	0	65.76093065034891	0.0	d__Bacteria;p__Pseudomonadota;c__Gammaproteobacteria;o__Pseudomonadales;f__Moraxellaceae;g__Acinetobacter;s__Acinetobacter lwoffii_J	28090.0
CasClinique1_ARN	GCF_024129595.1	25	45	0	62.932503525602726	0.0	d__Bacteria;p__Pseudomonadota;c__Gammaproteobacteria;o__Pseudomonadales;f__Moraxellaceae;g__Acinetobacter;s__Acinetobacter lwoffii_O	28090.0
CasClinique1_ARN	GCF_022493055.1	25	44	0	61.51828996322963	0.0	d__Bacteria;p__Bacillota;c__Bacilli;o__Staphylococcales;f__Staphylococcaceae;g__Staphylococcus;s__Staphylococcus singaporensis	2742142.0
CasClinique1_ARN	GCA_958349165.1	25	44	0	61.51828996322963	0.0	d__Bacteria;p__Actinomycetota;c__Actinomycetes;o__Actinomycetales;f__Actinomycetaceae;g__Pauljensenia;s__Pauljensenia sp958349165	249061.0
CasClinique1_ARN	GCF_001623525.1	25	40	0	55.86143571373725	0.0	d__Bacteria;p__Pseudomonadota;c__Gammaproteobacteria;o__Pseudomonadales;f__Pseudomonadaceae;g__Pseudomonas_E;s__Pseudomonas_E fluorescens_Q	294.0
CasClinique1_ARN	GCF_024129355.1	25	39	0	54.44722215136416	0.0	d__Bacteria;p__Pseudomonadota;c__Gammaproteobacteria;o__Pseudomonadales;f__Moraxellaceae;g__Acinetobacter;s__Acinetobacter lwoffii_I	28090.0
CasClinique1_ARN	GCF_008801605.1	25	38	0	53.03300858899106	0.0	d__Bacteria;p__Pseudomonadota;c__Gammaproteobacteria;o__Pseudomonadales;f__Pseudomonadaceae;g__Pseudomonas_E;s__Pseudomonas_E brassicacearum	2054929.0
CasClinique1_ARN	GCF_002803605.1	25	38	0	53.03300858899106	0.0	d__Bacteria;p__Pseudomonadota;c__Gammaproteobacteria;o__Pseudomonadales;f__Moraxellaceae;g__Acinetobacter;s__Acinetobacter pseudolwoffii	2601136.0
CasClinique2_ADN	GCF_024129735.1	25	38	0	53.03300858899106	0.0	d__Bacteria;p__Pseudomonadota;c__Gammaproteobacteria;o__Pseudomonadales;f__Moraxellaceae;g__Acinetobacter;s__Acinetobacter lwoffii_H	28090.0
CasClinique2_ADN	GCF_004127215.1	25	36	0	50.20458146424487	0.0	d__Bacteria;p__Bacillota;c__Bacilli;o__Lactobacillales;f__Streptococcaceae;g__Streptococcus;s__Streptococcus oralis_BD	1303.0
CasClinique1_ARN	GCA_002332985.1	25	36	0	50.20458146424487	0.0	d__Bacteria;p__Pseudomonadota;c__Gammaproteobacteria;o__Pseudomonadales;f__Moraxellaceae;g__Acinetobacter;s__Acinetobacter lwoffii_N	28090.0
CasClinique1_ARN	GCF_003970495.1	25	36	0	50.20458146424487	0.0	d__Bacteria;p__Bacillota;c__Bacilli;o__Staphylococcales;f__Staphylococcaceae;g__Staphylococcus;s__Staphylococcus pasteuri	2653174.0
CasClinique1_ARN	GCF_004127215.1	25	35	0	48.790367901871775	0.0	d__Bacteria;p__Bacillota;c__Bacilli;o__Lactobacillales;f__Streptococcaceae;g__Streptococcus;s__Streptococcus oralis_BD	1303.0
CasClinique7_ADN	GCF_015712065.1	25	35	0	48.790367901871775	0.0	d__Bacteria;p__Pseudomonadota;c__Gammaproteobacteria;o__Pseudomonadales;f__Pseudomonadaceae;g__Pseudomonas_E;s__Pseudomonas_E chengduensis_A	554344.0
CasClinique2_ADN	GCF_003970495.1	25	34	0	47.37615433949868	0.0	d__Bacteria;p__Bacillota;c__Bacilli;o__Staphylococcales;f__Staphylococcaceae;g__Staphylococcus;s__Staphylococcus pasteuri	2653174.0
CasClinique2_ADN	GCF_001623525.1	25	32	0	44.54772721475249	0.0	d__Bacteria;p__Pseudomonadota;c__Gammaproteobacteria;o__Pseudomonadales;f__Pseudomonadaceae;g__Pseudomonas_E;s__Pseudomonas_E fluorescens_Q	294.0
CasClinique2_ADN	GCF_002086275.1	25	32	0	44.54772721475249	0.0	d__Bacteria;p__Actinomycetota;c__Actinomycetes;o__Mycobacteriales;f__Mycobacteriaceae;g__Mycobacterium;s__Mycobacterium intermedium	28445.0
CasClinique2_ADN	GCF_008801605.1	25	31	0	43.1335136523794	0.0	d__Bacteria;p__Pseudomonadota;c__Gammaproteobacteria;o__Pseudomonadales;f__Pseudomonadaceae;g__Pseudomonas_E;s__Pseudomonas_E brassicacearum	2054929.0
CasClinique7_ADN	GCF_001642025.1	25	31	0	43.1335136523794	0.0	d__Bacteria;p__Actinomycetota;c__Actinomycetes;o__Propionibacteriales;f__Propionibacteriaceae;g__Cutibacterium;s__Cutibacterium namnetense	1912223.0
CasClinique2_ADN	GCA_001023535.1	25	30	0	41.7193000900063	0.0	d__Bacteria;p__Pseudomonadota;c__Gammaproteobacteria;o__Pseudomonadales;f__Pseudomonadaceae;g__Pseudomonas_E;s__Pseudomonas_E chlororaphis_E	930166.0
CasClinique2_ADN	GCF_002154655.1	25	28	0	38.89087296526011	0.0	d__Bacteria;p__Actinomycetota;c__Actinomycetes;o__Mycobacteriales;f__Mycobacteriaceae;g__Corynebacterium;s__Corynebacterium kefirresidentii	1203558.0
CasClinique1_ARN	GCF_009601685.2	25	28	0	38.89087296526011	0.0	d__Bacteria;p__Pseudomonadota;c__Gammaproteobacteria;o__Pseudomonadales;f__Pseudomonadaceae;g__Pseudomonas_E;s__Pseudomonas_E kilonensis_B	294.0
CasClinique2_ADN	GCF_029024105.1	25	28	0	38.89087296526011	0.0	d__Bacteria;p__Pseudomonadota;c__Gammaproteobacteria;o__Pseudomonadales;f__Moraxellaceae;g__Acinetobacter;s__Acinetobacter lwoffii	28090.0
CasClinique6_ARN	GCF_014190775.1	25	28	0	38.89087296526011	0.0	d__Bacteria;p__Actinomycetota;c__Actinomycetes;o__Actinomycetales;f__Microbacteriaceae;g__Leifsonia;s__Leifsonia aquatica	144185.0
CasClinique7_ADN	GCF_012396315.1	25	27	0	37.476659402887016	0.0	d__Bacteria;p__Actinomycetota;c__Actinomycetes;o__Mycobacteriales;f__Mycobacteriaceae;g__Corynebacterium;s__Corynebacterium mucifaciens	159447.0
CasClinique2_ADN	GCF_000175635.1	25	27	0	37.476659402887016	0.0	d__Bacteria;p__Actinomycetota;c__Actinomycetes;o__Mycobacteriales;f__Mycobacteriaceae;g__Corynebacterium;s__Corynebacterium tuberculostearicum_C	38304.0
CasClinique1_ARN	GCA_001023535.1	25	27	0	37.476659402887016	0.0	d__Bacteria;p__Pseudomonadota;c__Gammaproteobacteria;o__Pseudomonadales;f__Pseudomonadaceae;g__Pseudomonas_E;s__Pseudomonas_E chlororaphis_E	930166.0
CasClinique8_ARN	GCF_001941945.1	25	27	0	37.476659402887016	0.0	d__Bacteria;p__Pseudomonadota;c__Alphaproteobacteria;o__Acetobacterales;f__Acetobacteraceae;g__Roseomonas;s__Roseomonas sp001941945	243956.0
CasClinique2_ADN	GCF_024129355.1	25	27	0	37.476659402887016	0.0	d__Bacteria;p__Pseudomonadota;c__Gammaproteobacteria;o__Pseudomonadales;f__Moraxellaceae;g__Acinetobacter;s__Acinetobacter lwoffii_I	28090.0
CasClinique2_ADN	GCF_022493055.1	25	26	0	36.062445840513924	0.0	d__Bacteria;p__Bacillota;c__Bacilli;o__Staphylococcales;f__Staphylococcaceae;g__Staphylococcus;s__Staphylococcus singaporensis	2742142.0
CasClinique2_ADN	GCF_024129595.1	25	26	0	36.062445840513924	0.0	d__Bacteria;p__Pseudomonadota;c__Gammaproteobacteria;o__Pseudomonadales;f__Moraxellaceae;g__Acinetobacter;s__Acinetobacter lwoffii_O	28090.0
CasClinique2_ADN	GCF_009601685.2	25	25	0	34.648232278140824	0.0	d__Bacteria;p__Pseudomonadota;c__Gammaproteobacteria;o__Pseudomonadales;f__Pseudomonadaceae;g__Pseudomonas_E;s__Pseudomonas_E kilonensis_B	294.0
CasClinique1_ARN	GCF_022967985.1	25	25	0	34.648232278140824	0.0	d__Bacteria;p__Pseudomonadota;c__Gammaproteobacteria;o__Pseudomonadales;f__Moraxellaceae;g__Acinetobacter;s__Acinetobacter sp002367455	28090.0
CasClinique1_ARN	GCF_014191425.1	25	24	0	33.23401871576773	0.0	d__Bacteria;p__Actinomycetota;c__Actinomycetes;o__Actinomycetales;f__Dermabacteraceae;g__Helcobacillus;s__Helcobacillus massiliensis	521392.0
CasClinique7_ADN	GCF_003243515.1	25	24	0	33.23401871576773	0.0	d__Bacteria;p__Actinomycetota;c__Actinomycetes;o__Mycobacteriales;f__Mycobacteriaceae;g__Corynebacterium;s__Corynebacterium kroppenstedtii_B	161879.0
CasClinique1_ARN	GCF_030408715.1	25	24	0	33.23401871576773	0.0	d__Bacteria;p__Actinomycetota;c__Actinomycetes;o__Mycobacteriales;f__Mycobacteriaceae;g__Corynebacterium;s__Corynebacterium confusum	71254.0
CasClinique1_ARN	GCF_013417155.1	25	23	0	31.819805153394636	0.0	d__Bacteria;p__Pseudomonadota;c__Gammaproteobacteria;o__Pseudomonadales;f__Moraxellaceae;g__Acinetobacter;s__Acinetobacter sp013417155	28090.0
CasClinique2_ADN	GCF_001307275.1	25	23	0	31.819805153394636	0.0	d__Bacteria;p__Pseudomonadota;c__Gammaproteobacteria;o__Pseudomonadales;f__Pseudomonadaceae;g__Pseudomonas_E;s__Pseudomonas_E fluorescens_AA	1566196.0
CasClinique1_ARN	GCF_019343495.1	25	23	0	31.819805153394636	0.0	d__Bacteria;p__Pseudomonadota;c__Gammaproteobacteria;o__Pseudomonadales;f__Moraxellaceae;g__Acinetobacter;s__Acinetobacter lwoffii_P	28090.0
CasClinique1_ARN	GCF_001307275.1	25	22	0	30.40559159102154	0.0	d__Bacteria;p__Pseudomonadota;c__Gammaproteobacteria;o__Pseudomonadales;f__Pseudomonadaceae;g__Pseudomonas_E;s__Pseudomonas_E fluorescens_AA	1566196.0
CasClinique1_ARN	GCF_000175635.1	25	20	0	27.577164466275352	0.0	d__Bacteria;p__Actinomycetota;c__Actinomycetes;o__Mycobacteriales;f__Mycobacteriaceae;g__Corynebacterium;s__Corynebacterium tuberculostearicum_C	38304.0
CasClinique2_ADN	GCF_030408715.1	25	19	0	26.162950903902257	0.0	d__Bacteria;p__Actinomycetota;c__Actinomycetes;o__Mycobacteriales;f__Mycobacteriaceae;g__Corynebacterium;s__Corynebacterium confusum	71254.0
CasClinique2_ADN	GCF_014191425.1	25	19	0	26.162950903902257	0.0	d__Bacteria;p__Actinomycetota;c__Actinomycetes;o__Actinomycetales;f__Dermabacteraceae;g__Helcobacillus;s__Helcobacillus massiliensis	521392.0
CasClinique8_ARN	GCF_016767715.1	25	19	0	26.162950903902257	0.0	d__Bacteria;p__Actinomycetota;c__Actinomycetes;o__Mycobacteriales;f__Mycobacteriaceae;g__Mycobacterium;s__Mycobacterium gwanakae	1774.0
CasClinique2_ADN	GCF_000296505.1	25	18	0	24.74873734152916	0.0	d__Bacteria;p__Actinomycetota;c__Actinomycetes;o__Actinomycetales;f__Actinomycetaceae;g__Pauljensenia;s__Pauljensenia turicensis_A	1926276.0
CasClinique8_ARN	GCF_014190775.1	25	18	0	24.74873734152916	0.0	d__Bacteria;p__Actinomycetota;c__Actinomycetes;o__Actinomycetales;f__Microbacteriaceae;g__Leifsonia;s__Leifsonia aquatica	144185.0
CasClinique1_ARN	GCF_000296505.1	25	17	0	23.33452377915607	0.0	d__Bacteria;p__Actinomycetota;c__Actinomycetes;o__Actinomycetales;f__Actinomycetaceae;g__Pauljensenia;s__Pauljensenia turicensis_A	1926276.0
CasClinique8_ARN	GCF_001699815.1	25	17	0	23.33452377915607	0.0	d__Bacteria;p__Pseudomonadota;c__Gammaproteobacteria;o__Burkholderiales;f__Burkholderiaceae;g__Ralstonia;s__Ralstonia pickettii_B	329.0
CasClinique10_ADN	GCF_003030305.1	25	17	0	23.33452377915607	0.0	d__Bacteria;p__Actinomycetota;c__Actinomycetes;o__Propionibacteriales;f__Propionibacteriaceae;g__Cutibacterium;s__Cutibacterium acnes	765068.0
CasClinique2_ADN	GCF_028609805.1	25	17	0	23.33452377915607	0.0	d__Bacteria;p__Actinomycetota;c__Actinomycetes;o__Mycobacteriales;f__Mycobacteriaceae;g__Corynebacterium;s__Corynebacterium massiliense	1121364.0
CasClinique2_ADN	GCF_002902285.1	25	17	0	23.33452377915607	0.0	d__Bacteria;p__Bacillota;c__Bacilli;o__Staphylococcales;f__Staphylococcaceae;g__Staphylococcus;s__Staphylococcus simulans	1286.0
CasClinique8_ARN	GCF_030408835.1	25	16	0	21.920310216782973	0.0	d__Bacteria;p__Actinomycetota;c__Actinomycetes;o__Mycobacteriales;f__Mycobacteriaceae;g__Corynebacterium;s__Corynebacterium freneyi	1581089.0
CasClinique8_ARN	GCF_001584615.1	25	16	0	21.920310216782973	0.0	d__Bacteria;p__Actinomycetota;c__Actinomycetes;o__Actinomycetales;f__Brevibacteriaceae;g__Brevibacterium;s__Brevibacterium ravenspurgense	479117.0
CasClinique2_ADN	GCF_002803605.1	25	15	0	20.506096654409877	0.0	d__Bacteria;p__Pseudomonadota;c__Gammaproteobacteria;o__Pseudomonadales;f__Moraxellaceae;g__Acinetobacter;s__Acinetobacter pseudolwoffii	2601136.0
CasClinique1_ARN	GCF_024129855.1	25	15	0	20.506096654409877	0.0	d__Bacteria;p__Pseudomonadota;c__Gammaproteobacteria;o__Pseudomonadales;f__Moraxellaceae;g__Acinetobacter;s__Acinetobacter lwoffii_L	28090.0
CasClinique1_ARN	GCF_030408355.1	25	15	0	20.506096654409877	0.0	d__Bacteria;p__Actinomycetota;c__Actinomycetes;o__Mycobacteriales;f__Mycobacteriaceae;g__Corynebacterium;s__Corynebacterium afermentans	38288.0
CasClinique2_ADN	GCA_002332985.1	25	14	0	19.09188309203678	0.0	d__Bacteria;p__Pseudomonadota;c__Gammaproteobacteria;o__Pseudomonadales;f__Moraxellaceae;g__Acinetobacter;s__Acinetobacter lwoffii_N	28090.0
CasClinique1_ARN	GCF_024129435.1	25	14	0	19.09188309203678	0.0	d__Bacteria;p__Pseudomonadota;c__Gammaproteobacteria;o__Pseudomonadales;f__Moraxellaceae;g__Acinetobacter;s__Acinetobacter lwoffii_F	28090.0
CasClinique7_ADN	GCF_014144855.1	25	14	0	19.09188309203678	0.0	d__Bacteria;p__Actinomycetota;c__Actinomycetes;o__Mycobacteriales;f__Mycobacteriaceae;g__Dietzia;s__Dietzia maris	37915.0
CasClinique1_ARN	GCF_002902285.1	25	14	0	19.09188309203678	0.0	d__Bacteria;p__Bacillota;c__Bacilli;o__Staphylococcales;f__Staphylococcaceae;g__Staphylococcus;s__Staphylococcus simulans	1286.0
CasClinique1_ARN	GCF_002154655.1	25	14	0	19.09188309203678	0.0	d__Bacteria;p__Actinomycetota;c__Actinomycetes;o__Mycobacteriales;f__Mycobacteriaceae;g__Corynebacterium;s__Corynebacterium kefirresidentii	1203558.0
CasClinique1_ARN	GCF_000069945.1	25	14	0	19.09188309203678	0.0	d__Bacteria;p__Actinomycetota;c__Actinomycetes;o__Mycobacteriales;f__Mycobacteriaceae;g__Corynebacterium;s__Corynebacterium urealyticum	43771.0
CasClinique2_ADN	GCF_000293885.2	25	13	0	17.677669529663685	0.0	d__Bacteria;p__Pseudomonadota;c__Gammaproteobacteria;o__Pseudomonadales;f__Pseudomonadaceae;g__Pseudomonas_E;s__Pseudomonas_E fluorescens_B	1221522.0
CasClinique1_ARN	GCF_002086275.1	25	13	0	17.677669529663685	0.0	d__Bacteria;p__Actinomycetota;c__Actinomycetes;o__Mycobacteriales;f__Mycobacteriaceae;g__Mycobacterium;s__Mycobacterium intermedium	28445.0
CasClinique2_ADN	GCF_022967985.1	25	13	0	17.677669529663685	0.0	d__Bacteria;p__Pseudomonadota;c__Gammaproteobacteria;o__Pseudomonadales;f__Moraxellaceae;g__Acinetobacter;s__Acinetobacter sp002367455	28090.0
CasClinique8_ARN	GCF_003143995.1	25	13	0	17.677669529663685	0.0	d__Bacteria;p__Actinomycetota;c__Actinomycetes;o__Actinomycetales;f__Micrococcaceae;g__Pseudoglutamicibacter;s__Pseudoglutamicibacter albus	98671.0
CasClinique2_ADN	GCF_019343495.1	25	12	0	16.263455967290593	0.0	d__Bacteria;p__Pseudomonadota;c__Gammaproteobacteria;o__Pseudomonadales;f__Moraxellaceae;g__Acinetobacter;s__Acinetobacter lwoffii_P	28090.0
CasClinique1_ARN	GCF_028609805.1	25	12	0	16.263455967290593	0.0	d__Bacteria;p__Actinomycetota;c__Actinomycetes;o__Mycobacteriales;f__Mycobacteriaceae;g__Corynebacterium;s__Corynebacterium massiliense	1121364.0
CasClinique1_ARN	GCF_000282495.1	25	12	0	16.263455967290593	0.0	d__Bacteria;p__Pseudomonadota;c__Gammaproteobacteria;o__Pseudomonadales;f__Pseudomonadaceae;g__Pseudomonas_E;s__Pseudomonas_E sp000282495	2769270.0
CasClinique1_ARN	GCF_000281895.1	25	12	0	16.263455967290593	0.0	d__Bacteria;p__Pseudomonadota;c__Gammaproteobacteria;o__Pseudomonadales;f__Pseudomonadaceae;g__Pseudomonas_E;s__Pseudomonas_E fluorescens_S	1038922.0
CasClinique1_ARN	GCF_900111835.1	25	12	0	16.263455967290593	0.0	d__Bacteria;p__Pseudomonadota;c__Gammaproteobacteria;o__Pseudomonadales;f__Pseudomonadaceae;g__Pseudomonas_F;s__Pseudomonas_F otitidis	319939.0
CasClinique2_ADN	GCF_000069945.1	25	11	0	14.849242404917497	0.0	d__Bacteria;p__Actinomycetota;c__Actinomycetes;o__Mycobacteriales;f__Mycobacteriaceae;g__Corynebacterium;s__Corynebacterium urealyticum	43771.0
CasClinique1_ARN	GCF_014837015.1	25	11	0	14.849242404917497	0.0	d__Bacteria;p__Pseudomonadota;c__Gammaproteobacteria;o__Pseudomonadales;f__Moraxellaceae;g__Acinetobacter;s__Acinetobacter pecorum	1805635.0
CasClinique2_ADN	GCF_900111835.1	25	11	0	14.849242404917497	0.0	d__Bacteria;p__Pseudomonadota;c__Gammaproteobacteria;o__Pseudomonadales;f__Pseudomonadaceae;g__Pseudomonas_F;s__Pseudomonas_F otitidis	319939.0
CasClinique6_ARN	GCF_016767715.1	25	11	0	14.849242404917497	0.0	d__Bacteria;p__Actinomycetota;c__Actinomycetes;o__Mycobacteriales;f__Mycobacteriaceae;g__Mycobacterium;s__Mycobacterium gwanakae	1774.0
CasClinique1_ARN	GCF_900458815.1	25	11	0	14.849242404917497	0.0	d__Bacteria;p__Bacillota;c__Bacilli;o__Staphylococcales;f__Staphylococcaceae;g__Staphylococcus;s__Staphylococcus saccharolyticus	33028.0
CasClinique2_ADN	GCF_003991585.1	25	11	0	14.849242404917497	0.0	d__Bacteria;p__Pseudomonadota;c__Gammaproteobacteria;o__Burkholderiales;f__Burkholderiaceae;g__Saezia;s__Saezia sanguinis	1965230.0
CasClinique2_ADN	GCF_013417155.1	25	10	0	13.435028842544401	0.0	d__Bacteria;p__Pseudomonadota;c__Gammaproteobacteria;o__Pseudomonadales;f__Moraxellaceae;g__Acinetobacter;s__Acinetobacter sp013417155	28090.0
CasClinique8_ARN	GCF_003241315.1	25	10	0	13.435028842544401	0.0	d__Bacteria;p__Actinomycetota;c__Actinomycetes;o__Mycobacteriales;f__Mycobacteriaceae;g__Lawsonella;s__Lawsonella clevelandensis_A	2041415.0
CasClinique2_ADN	GCF_000281895.1	25	10	0	13.435028842544401	0.0	d__Bacteria;p__Pseudomonadota;c__Gammaproteobacteria;o__Pseudomonadales;f__Pseudomonadaceae;g__Pseudomonas_E;s__Pseudomonas_E fluorescens_S	1038922.0
CasClinique2_ADN	GCF_000375525.1	25	10	0	13.435028842544401	0.0	d__Bacteria;p__Actinomycetota;c__Actinomycetes;o__Mycobacteriales;f__Mycobacteriaceae;g__Corynebacterium;s__Corynebacterium propinquum	43769.0
CasClinique2_ADN	GCF_014268615.1	25	10	0	13.435028842544401	0.0	d__Bacteria;p__Pseudomonadota;c__Gammaproteobacteria;o__Pseudomonadales;f__Pseudomonadaceae;g__Pseudomonas_E;s__Pseudomonas_E tehranensis	294.0
CasClinique6_ARN	GCF_900106665.1	25	10	0	13.435028842544401	0.0	d__Bacteria;p__Pseudomonadota;c__Alphaproteobacteria;o__Rhodobacterales;f__Rhodobacteraceae;g__Paracoccus;s__Paracoccus sanguinis	1545044.0
CasClinique2_ADN	GCF_024129435.1	25	10	0	13.435028842544401	0.0	d__Bacteria;p__Pseudomonadota;c__Gammaproteobacteria;o__Pseudomonadales;f__Moraxellaceae;g__Acinetobacter;s__Acinetobacter lwoffii_F	28090.0
CasClinique10_ADN	GCF_014144855.1	25	9	0	12.020815280171307	0.0	d__Bacteria;p__Actinomycetota;c__Actinomycetes;o__Mycobacteriales;f__Mycobacteriaceae;g__Dietzia;s__Dietzia maris	37915.0
CasClinique1_ARN	GCF_016599715.1	25	9	0	12.020815280171307	0.0	d__Bacteria;p__Pseudomonadota;c__Gammaproteobacteria;o__Pseudomonadales;f__Moraxellaceae;g__Acinetobacter;s__Acinetobacter sp002135245	2601140.0
CasClinique1_ARN	GCF_014268615.1	25	9	0	12.020815280171307	0.0	d__Bacteria;p__Pseudomonadota;c__Gammaproteobacteria;o__Pseudomonadales;f__Pseudomonadaceae;g__Pseudomonas_E;s__Pseudomonas_E tehranensis	294.0
CasClinique8_ARN	GCF_016466415.2	25	9	0	12.020815280171307	0.0	d__Bacteria;p__Pseudomonadota;c__Gammaproteobacteria;o__Burkholderiales;f__Burkholderiaceae;g__Ralstonia;s__Ralstonia pickettii	329.0
CasClinique2_ADN	GCA_915063485.1	25	9	0	12.020815280171307	0.0	d__Bacteria;p__Actinomycetota;c__Actinomycetes;o__Actinomycetales;f__Actinomycetaceae;g__Actinomyces;s__Actinomyces sp915063485	55565.0
CasClinique6_ARN	GCF_003241315.1	25	8	0	10.606601717798211	0.0	d__Bacteria;p__Actinomycetota;c__Actinomycetes;o__Mycobacteriales;f__Mycobacteriaceae;g__Lawsonella;s__Lawsonella clevelandensis_A	2041415.0
CasClinique7_ADN	GCF_003667225.1	25	8	0	10.606601717798211	0.0	d__Bacteria;p__Actinomycetota;c__Actinomycetes;o__Actinomycetales;f__Micrococcaceae;g__Kocuria;s__Kocuria rhizophila	72000.0
CasClinique2_ADN	GCF_030408355.1	25	8	0	10.606601717798211	0.0	d__Bacteria;p__Actinomycetota;c__Actinomycetes;o__Mycobacteriales;f__Mycobacteriaceae;g__Corynebacterium;s__Corynebacterium afermentans	38288.0
CasClinique7_ADN	GCF_002901845.1	25	8	0	10.606601717798211	0.0	d__Bacteria;p__Bacillota;c__Bacilli;o__Staphylococcales;f__Staphylococcaceae;g__Staphylococcus;s__Staphylococcus hominis	1290.0
CasClinique2_ADN	GCF_024129855.1	25	8	0	10.606601717798211	0.0	d__Bacteria;p__Pseudomonadota;c__Gammaproteobacteria;o__Pseudomonadales;f__Moraxellaceae;g__Acinetobacter;s__Acinetobacter lwoffii_L	28090.0
CasClinique1_ARN	GCF_000293885.2	25	8	0	10.606601717798211	0.0	d__Bacteria;p__Pseudomonadota;c__Gammaproteobacteria;o__Pseudomonadales;f__Pseudomonadaceae;g__Pseudomonas_E;s__Pseudomonas_E fluorescens_B	1221522.0
CasClinique7_ADN	GCF_000159635.1	25	8	0	10.606601717798211	0.0	d__Bacteria;p__Actinomycetota;c__Actinomycetes;o__Mycobacteriales;f__Mycobacteriaceae;g__Corynebacterium;s__Corynebacterium lipophiloflavum	525263.0
CasClinique8_ARN	GCF_003667225.1	25	8	0	10.606601717798211	0.0	d__Bacteria;p__Actinomycetota;c__Actinomycetes;o__Actinomycetales;f__Micrococcaceae;g__Kocuria;s__Kocuria rhizophila	72000.0
CasClinique7_ADN	GCF_014205115.1	25	7	0	9.192388155425117	0.0	d__Bacteria;p__Actinomycetota;c__Actinomycetes;o__Actinomycetales;f__Micrococcaceae;g__Micrococcus;s__Micrococcus endophyticus	1270.0
CasClinique4_ADN	GCF_003970865.1	25	7	0	9.192388155425117	0.0	d__Bacteria;p__Pseudomonadota;c__Gammaproteobacteria;o__Xanthomonadales;f__Xanthomonadaceae;g__Stenotrophomonas;s__Stenotrophomonas maltophilia_AR	40324.0
CasClinique1_ARN	GCF_000375525.1	25	7	0	9.192388155425117	0.0	d__Bacteria;p__Actinomycetota;c__Actinomycetes;o__Mycobacteriales;f__Mycobacteriaceae;g__Corynebacterium;s__Corynebacterium propinquum	43769.0
CasClinique10_ADN	GCF_018137945.1	25	7	0	9.192388155425117	0.0	d__Bacteria;p__Actinomycetota;c__Actinomycetes;o__Actinomycetales;f__Brevibacteriaceae;g__Brevibacterium;s__Brevibacterium sp018137945	2823518.0
CasClinique6_ARN	GCF_000633535.1	25	7	0	9.192388155425117	0.0	d__Bacteria;p__Actinomycetota;c__Actinomycetes;o__Actinomycetales;f__Microbacteriaceae;g__Leifsonia;s__Leifsonia aquatica_A	1416759.0
CasClinique7_ADN	GCF_900106665.1	25	7	0	9.192388155425117	0.0	d__Bacteria;p__Pseudomonadota;c__Alphaproteobacteria;o__Rhodobacterales;f__Rhodobacteraceae;g__Paracoccus;s__Paracoccus sanguinis	1545044.0
CasClinique7_ADN	GCF_020567375.1	25	7	0	9.192388155425117	0.0	d__Bacteria;p__Actinomycetota;c__Actinomycetes;o__Actinomycetales;f__Dermatophilaceae;g__Marihabitans;s__Marihabitans melonis	262209.0
CasClinique7_ADN	GCF_000227295.1	25	7	0	9.192388155425117	0.0	d__Bacteria;p__Actinomycetota;c__Actinomycetes;o__Propionibacteriales;f__Propionibacteriaceae;g__Cutibacterium;s__Cutibacterium avidum	33010.0
CasClinique1_ARN	GCF_003991585.1	25	6	0	7.7781745930520225	3.6637359812630166e-15	d__Bacteria;p__Pseudomonadota;c__Gammaproteobacteria;o__Burkholderiales;f__Burkholderiaceae;g__Saezia;s__Saezia sanguinis	1965230.0
CasClinique7_ADN	GCF_001598915.1	25	6	0	7.7781745930520225	3.6637359812630166e-15	d__Bacteria;p__Actinomycetota;c__Actinomycetes;o__Mycobacteriales;f__Mycobacteriaceae;g__Williamsia;s__Williamsia muralis	322609.0
CasClinique7_ADN	GCF_006094695.1	25	6	0	7.7781745930520225	3.6637359812630166e-15	d__Bacteria;p__Actinomycetota;c__Actinomycetes;o__Actinomycetales;f__Micrococcaceae;g__Kocuria;s__Kocuria rosea	1275.0
CasClinique10_ADN	GCF_000622145.1	25	6	0	7.7781745930520225	3.6637359812630166e-15	d__Bacteria;p__Pseudomonadota;c__Alphaproteobacteria;o__Rhodobacterales;f__Rhodobacteraceae;g__Paracoccus;s__Paracoccus yeei	147645.0
CasClinique2_ADN	GCF_000368625.1	25	6	0	7.7781745930520225	3.6637359812630166e-15	d__Bacteria;p__Pseudomonadota;c__Gammaproteobacteria;o__Pseudomonadales;f__Moraxellaceae;g__Acinetobacter;s__Acinetobacter schindleri	472.0
CasClinique4_ADN	GCF_900547475.1	25	6	0	7.7781745930520225	3.6637359812630166e-15	d__Bacteria;p__Bacillota_A;c__Clostridia;o__Clostridiales;f__Clostridiaceae;g__Clostridium;s__Clostridium sp900547475	59620.0
CasClinique1_ARN	GCF_000010125.1	25	6	0	7.7781745930520225	3.6637359812630166e-15	d__Bacteria;p__Bacillota;c__Bacilli;o__Staphylococcales;f__Staphylococcaceae;g__Staphylococcus;s__Staphylococcus saprophyticus	29385.0
CasClinique1_ARN	GCF_022809915.1	25	6	0	7.7781745930520225	3.6637359812630166e-15	d__Bacteria;p__Pseudomonadota;c__Gammaproteobacteria;o__Pseudomonadales;f__Moraxellaceae;g__Acinetobacter;s__Acinetobacter lwoffii_M	28090.0
CasClinique1_ARN	GCF_900156465.1	25	6	0	7.7781745930520225	3.6637359812630166e-15	d__Bacteria;p__Pseudomonadota;c__Gammaproteobacteria;o__Pseudomonadales;f__Pseudomonadaceae;g__Pseudomonas_E;s__Pseudomonas_E sp900156465	1881017.0
CasClinique2_ADN	GCF_000010125.1	25	6	0	7.7781745930520225	3.6637359812630166e-15	d__Bacteria;p__Bacillota;c__Bacilli;o__Staphylococcales;f__Staphylococcaceae;g__Staphylococcus;s__Staphylococcus saprophyticus	29385.0
CasClinique6_ARN	GCF_902859645.1	25	6	0	7.7781745930520225	3.6637359812630166e-15	d__Bacteria;p__Pseudomonadota;c__Gammaproteobacteria;o__Burkholderiales;f__Burkholderiaceae;g__Achromobacter;s__Achromobacter insuavis	134375.0
CasClinique6_ARN	GCF_003667225.1	25	6	0	7.7781745930520225	3.6637359812630166e-15	d__Bacteria;p__Actinomycetota;c__Actinomycetes;o__Actinomycetales;f__Micrococcaceae;g__Kocuria;s__Kocuria rhizophila	72000.0
CasClinique6_ARN	GCF_000740775.1	25	5	0	6.363961030678928	9.830802838450836e-11	d__Bacteria;p__Pseudomonadota;c__Alphaproteobacteria;o__Rhodobacterales;f__Rhodobacteraceae;g__Haematobacter;s__Haematobacter missouriensis	366616.0
CasClinique7_ADN	GCF_000023205.1	25	5	0	6.363961030678928	9.830802838450836e-11	d__Bacteria;p__Actinomycetota;c__Actinomycetes;o__Actinomycetales;f__Micrococcaceae;g__Micrococcus;s__Micrococcus luteus	1270.0
CasClinique7_ADN	GCF_000368045.1	25	5	0	6.363961030678928	9.830802838450836e-11	d__Bacteria;p__Pseudomonadota;c__Gammaproteobacteria;o__Pseudomonadales;f__Moraxellaceae;g__Acinetobacter;s__Acinetobacter johnsonii	472.0
CasClinique8_ARN	GCF_002901845.1	25	5	0	6.363961030678928	9.830802838450836e-11	d__Bacteria;p__Bacillota;c__Bacilli;o__Staphylococcales;f__Staphylococcaceae;g__Staphylococcus;s__Staphylococcus hominis	1290.0
CasClinique7_ADN	GCF_000622145.1	25	5	0	6.363961030678928	9.830802838450836e-11	d__Bacteria;p__Pseudomonadota;c__Alphaproteobacteria;o__Rhodobacterales;f__Rhodobacteraceae;g__Paracoccus;s__Paracoccus yeei	147645.0
CasClinique4_ADN	GCF_003991585.1	25	5	0	6.363961030678928	9.830802838450836e-11	d__Bacteria;p__Pseudomonadota;c__Gammaproteobacteria;o__Burkholderiales;f__Burkholderiaceae;g__Saezia;s__Saezia sanguinis	1965230.0
CasClinique8_ARN	GCF_013004595.1	25	5	0	6.363961030678928	9.830802838450836e-11	d__Bacteria;p__Actinomycetota;c__Actinomycetes;o__Actinomycetales;f__Brevibacteriaceae;g__Brevibacterium;s__Brevibacterium luteolum	199591.0
CasClinique6_ARN	GCF_900186975.1	25	5	0	6.363961030678928	9.830802838450836e-11	d__Bacteria;p__Actinomycetota;c__Actinomycetes;o__Propionibacteriales;f__Propionibacteriaceae;g__Cutibacterium;s__Cutibacterium granulosum	1912223.0
CasClinique2_ADN	GCF_900458815.1	25	5	0	6.363961030678928	9.830802838450836e-11	d__Bacteria;p__Bacillota;c__Bacilli;o__Staphylococcales;f__Staphylococcaceae;g__Staphylococcus;s__Staphylococcus saccharolyticus	33028.0
CasClinique7_ADN	GCF_900186975.1	25	5	0	6.363961030678928	9.830802838450836e-11	d__Bacteria;p__Actinomycetota;c__Actinomycetes;o__Propionibacteriales;f__Propionibacteriaceae;g__Cutibacterium;s__Cutibacterium granulosum	1912223.0
CasClinique8_ARN	GCF_000497205.1	25	5	0	6.363961030678928	9.830802838450836e-11	d__Bacteria;p__Actinomycetota;c__Actinomycetes;o__Mycobacteriales;f__Pseudonocardiaceae;g__Saccharopolyspora;s__Saccharopolyspora rectivirgula	1283279.0
CasClinique1_ARN	GCF_002902365.1	25	5	0	6.363961030678928	9.830802838450836e-11	d__Bacteria;p__Bacillota;c__Bacilli;o__Staphylococcales;f__Staphylococcaceae;g__Staphylococcus;s__Staphylococcus cohnii	29382.0
CasClinique7_ADN	GCF_900234795.1	25	5	0	6.363961030678928	9.830802838450836e-11	d__Bacteria;p__Pseudomonadota;c__Alphaproteobacteria;o__Rhizobiales;f__Beijerinckiaceae;g__Methylobacterium;s__Methylobacterium extorquens	272630.0
CasClinique8_ARN	GCF_001485415.1	25	5	0	6.363961030678928	9.830802838450836e-11	d__Bacteria;p__Bacteroidota;c__Bacteroidia;o__Flavobacteriales;f__Flavobacteriaceae;g__Flavobacterium;s__Flavobacterium odoratimimum	1416760.0
CasClinique2_ADN	GCF_900156465.1	25	5	0	6.363961030678928	9.830802838450836e-11	d__Bacteria;p__Pseudomonadota;c__Gammaproteobacteria;o__Pseudomonadales;f__Pseudomonadaceae;g__Pseudomonas_E;s__Pseudomonas_E sp900156465	1881017.0
CasClinique7_ADN	GCF_002813375.1	25	5	0	6.363961030678928	9.830802838450836e-11	d__Bacteria;p__Actinomycetota;c__Actinomycetes;o__Mycobacteriales;f__Pseudonocardiaceae;g__Pseudonocardia;s__Pseudonocardia alni	2758030.0
CasClinique8_ARN	GCF_006757745.1	25	4	0	4.949747468305833	3.7154918619553e-7	d__Bacteria;p__Pseudomonadota;c__Gammaproteobacteria;o__Pseudomonadales;f__Moraxellaceae;g__Acinetobacter;s__Acinetobacter radioresistens	40216.0
CasClinique7_ADN	GCF_009467805.1	25	4	0	4.949747468305833	3.7154918619553e-7	d__Bacteria;p__Pseudomonadota;c__Gammaproteobacteria;o__Xanthomonadales;f__Xanthomonadaceae;g__Stenotrophomonas;s__Stenotrophomonas nematodicola	2656746.0
CasClinique1_ARN	GCF_000802155.2	25	4	0	4.949747468305833	3.7154918619553e-7	d__Bacteria;p__Pseudomonadota;c__Gammaproteobacteria;o__Pseudomonadales;f__Pseudomonadaceae;g__Pseudomonas_E;s__Pseudomonas_E frederiksbergensis_A	104087.0
CasClinique6_ARN	GCF_010669145.1	25	4	0	4.949747468305833	3.7154918619553e-7	d__Bacteria;p__Pseudomonadota;c__Alphaproteobacteria;o__Rhizobiales;f__Rhizobiaceae;g__Agrobacterium;s__Agrobacterium oryzihabitans	358.0
CasClinique2_ADN	GCF_001648775.1	25	4	0	4.949747468305833	3.7154918619553e-7	d__Bacteria;p__Pseudomonadota;c__Gammaproteobacteria;o__Pseudomonadales;f__Pseudomonadaceae;g__Pseudomonas_E;s__Pseudomonas_E fluorescens_M	294.0
CasClinique2_ADN	GCF_022809915.1	25	4	0	4.949747468305833	3.7154918619553e-7	d__Bacteria;p__Pseudomonadota;c__Gammaproteobacteria;o__Pseudomonadales;f__Moraxellaceae;g__Acinetobacter;s__Acinetobacter lwoffii_M	28090.0
CasClinique10_ADN	GCF_006094695.1	25	4	0	4.949747468305833	3.7154918619553e-7	d__Bacteria;p__Actinomycetota;c__Actinomycetes;o__Actinomycetales;f__Micrococcaceae;g__Kocuria;s__Kocuria rosea	1275.0
CasClinique7_ADN	GCF_027921985.1	25	4	0	4.949747468305833	3.7154918619553e-7	d__Bacteria;p__Actinomycetota;c__Actinomycetes;o__Actinomycetales;f__Dermabacteraceae;g__Brachybacterium;s__Brachybacterium conglomeratum	173362.0
CasClinique10_ADN	GCF_003243515.1	25	4	0	4.949747468305833	3.7154918619553e-7	d__Bacteria;p__Actinomycetota;c__Actinomycetes;o__Mycobacteriales;f__Mycobacteriaceae;g__Corynebacterium;s__Corynebacterium kroppenstedtii_B	161879.0
CasClinique10_ADN	GCF_000194175.1	25	4	0	4.949747468305833	3.7154918619553e-7	d__Bacteria;p__Pseudomonadota;c__Gammaproteobacteria;o__Enterobacterales;f__Enterobacteriaceae;g__Escherichia;s__Escherichia coli_F	562.0
CasClinique6_ARN	GCF_007829435.1	25	4	0	4.949747468305833	3.7154918619553e-7	d__Bacteria;p__Pseudomonadota;c__Gammaproteobacteria;o__Burkholderiales;f__Burkholderiaceae;g__Cupriavidus;s__Cupriavidus gilardii_D	936133.0
CasClinique6_ARN	GCF_029633825.1	25	4	0	4.949747468305833	3.7154918619553e-7	d__Bacteria;p__Pseudomonadota;c__Gammaproteobacteria;o__Burkholderiales;f__Burkholderiaceae;g__Burkholderia;s__Burkholderia contaminans	488447.0
CasClinique4_ADN	GCF_010858045.1	25	4	0	4.949747468305833	3.7154918619553e-7	d__Bacteria;p__Actinomycetota;c__Actinomycetes;o__Mycobacteriales;f__Mycobacteriaceae;g__Nocardia;s__Nocardia cyriacigeorgica_E	135487.0
CasClinique5_ADN	GCF_003991585.1	25	4	0	4.949747468305833	3.7154918619553e-7	d__Bacteria;p__Pseudomonadota;c__Gammaproteobacteria;o__Burkholderiales;f__Burkholderiaceae;g__Saezia;s__Saezia sanguinis	1965230.0
CasClinique2_ADN	GCF_010858045.1	25	4	0	4.949747468305833	3.7154918619553e-7	d__Bacteria;p__Actinomycetota;c__Actinomycetes;o__Mycobacteriales;f__Mycobacteriaceae;g__Nocardia;s__Nocardia cyriacigeorgica_E	135487.0
CasClinique2_ADN	GCF_001307155.1	25	4	0	4.949747468305833	3.7154918619553e-7	d__Bacteria;p__Pseudomonadota;c__Gammaproteobacteria;o__Pseudomonadales;f__Pseudomonadaceae;g__Pseudomonas_E;s__Pseudomonas_E fluorescens_E	2070658.0
CasClinique2_ADN	GCF_003970865.1	25	4	0	4.949747468305833	3.7154918619553e-7	d__Bacteria;p__Pseudomonadota;c__Gammaproteobacteria;o__Xanthomonadales;f__Xanthomonadaceae;g__Stenotrophomonas;s__Stenotrophomonas maltophilia_AR	40324.0
CasClinique6_ARN	GCF_004367745.1	25	4	0	4.949747468305833	3.7154918619553e-7	d__Bacteria;p__Pseudomonadota;c__Gammaproteobacteria;o__Burkholderiales;f__Burkholderiaceae;g__Herbaspirillum;s__Herbaspirillum huttiense	1235558.0
CasClinique8_ARN	GCF_016728505.1	25	4	0	4.949747468305833	3.7154918619553e-7	d__Bacteria;p__Actinomycetota;c__Actinomycetes;o__Mycobacteriales;f__Mycobacteriaceae;g__Corynebacterium;s__Corynebacterium riegelii	156976.0
CasClinique6_ARN	GCF_015712065.1	25	4	0	4.949747468305833	3.7154918619553e-7	d__Bacteria;p__Pseudomonadota;c__Gammaproteobacteria;o__Pseudomonadales;f__Pseudomonadaceae;g__Pseudomonas_E;s__Pseudomonas_E chengduensis_A	554344.0
CasClinique9_ADN	GCF_003991585.1	25	4	0	4.949747468305833	3.7154918619553e-7	d__Bacteria;p__Pseudomonadota;c__Gammaproteobacteria;o__Burkholderiales;f__Burkholderiaceae;g__Saezia;s__Saezia sanguinis	1965230.0
CasClinique9_ADN	GCF_900232865.1	25	4	0	4.949747468305833	3.7154918619553e-7	d__Bacteria;p__Actinomycetota;c__Actinomycetes;o__Mycobacteriales;f__Mycobacteriaceae;g__Corynebacterium;s__Corynebacterium dentalis	2014528.0
CasClinique9_ADN	GCF_003667225.1	25	4	0	4.949747468305833	3.7154918619553e-7	d__Bacteria;p__Actinomycetota;c__Actinomycetes;o__Actinomycetales;f__Micrococcaceae;g__Kocuria;s__Kocuria rhizophila	72000.0
CasClinique2_ADN	GCF_002902365.1	25	4	0	4.949747468305833	3.7154918619553e-7	d__Bacteria;p__Bacillota;c__Bacilli;o__Staphylococcales;f__Staphylococcaceae;g__Staphylococcus;s__Staphylococcus cohnii	29382.0
CasClinique8_ARN	GCF_008326345.1	25	3	0	3.5355339059327373	0.00020347600872250293	d__Bacteria;p__Actinomycetota;c__Actinomycetes;o__Propionibacteriales;f__Propionibacteriaceae;g__Cutibacterium;s__Cutibacterium modestum	1182755.0
CasClinique2_ADN	GCF_029024945.1	25	3	0	3.5355339059327373	0.00020347600872250293	d__Bacteria;p__Bacillota;c__Bacilli;o__Staphylococcales;f__Staphylococcaceae;g__Staphylococcus;s__Staphylococcus succinus	61015.0
CasClinique7_ADN	GCF_029814935.1	25	3	0	3.5355339059327373	0.00020347600872250293	d__Bacteria;p__Pseudomonadota;c__Gammaproteobacteria;o__Pseudomonadales;f__Pseudomonadaceae;g__Pseudomonas_E;s__Pseudomonas_E sp002282595	1970429.0
CasClinique7_ADN	GCF_001584615.1	25	3	0	3.5355339059327373	0.00020347600872250293	d__Bacteria;p__Actinomycetota;c__Actinomycetes;o__Actinomycetales;f__Brevibacteriaceae;g__Brevibacterium;s__Brevibacterium ravenspurgense	479117.0
CasClinique9_ADN	GCF_900106665.1	25	3	0	3.5355339059327373	0.00020347600872250293	d__Bacteria;p__Pseudomonadota;c__Alphaproteobacteria;o__Rhodobacterales;f__Rhodobacteraceae;g__Paracoccus;s__Paracoccus sanguinis	1545044.0
CasClinique7_ADN	GCF_010728155.1	25	3	0	3.5355339059327373	0.00020347600872250293	d__Bacteria;p__Actinomycetota;c__Actinomycetes;o__Mycobacteriales;f__Mycobacteriaceae;g__Mycobacterium;s__Mycobacterium doricum	126673.0
CasClinique2_ADN	GCF_000802155.2	25	3	0	3.5355339059327373	0.00020347600872250293	d__Bacteria;p__Pseudomonadota;c__Gammaproteobacteria;o__Pseudomonadales;f__Pseudomonadaceae;g__Pseudomonas_E;s__Pseudomonas_E frederiksbergensis_A	104087.0
CasClinique1_ARN	GCF_018614775.1	25	3	0	3.5355339059327373	0.00020347600872250293	d__Bacteria;p__Pseudomonadota;c__Gammaproteobacteria;o__Pseudomonadales;f__Pseudomonadaceae;g__Pseudomonas_E;s__Pseudomonas_E fluorescens_BY	294.0
CasClinique8_ARN	GCF_900106665.1	25	3	0	3.5355339059327373	0.00020347600872250293	d__Bacteria;p__Pseudomonadota;c__Alphaproteobacteria;o__Rhodobacterales;f__Rhodobacteraceae;g__Paracoccus;s__Paracoccus sanguinis	1545044.0
CasClinique2_ADN	GCF_019141525.1	25	3	0	3.5355339059327373	0.00020347600872250293	d__Bacteria;p__Pseudomonadota;c__Gammaproteobacteria;o__Pseudomonadales;f__Pseudomonadaceae;g__Pseudomonas_E;s__Pseudomonas_E alvandae	2928704.0
CasClinique7_ADN	GCF_008693065.1	25	3	0	3.5355339059327373	0.00020347600872250293	d__Bacteria;p__Actinomycetota;c__Actinomycetes;o__Mycobacteriales;f__Mycobacteriaceae;g__Corynebacterium;s__Corynebacterium tuscaniense	302449.0
CasClinique7_ADN	GCF_023078355.1	25	3	0	3.5355339059327373	0.00020347600872250293	d__Bacteria;p__Actinomycetota;c__Actinomycetes;o__Mycobacteriales;f__Mycobacteriaceae;g__Gordonia;s__Gordonia hongkongensis	2826926.0
CasClinique8_ARN	GCF_014839385.1	25	3	0	3.5355339059327373	0.00020347600872250293	d__Bacteria;p__Pseudomonadota;c__Gammaproteobacteria;o__Pseudomonadales;f__Pseudomonadaceae;g__Pseudomonas_E;s__Pseudomonas_E fluorescens_CB	294.0
CasClinique7_ADN	GCF_001956585.1	25	3	0	3.5355339059327373	0.00020347600872250293	d__Bacteria;p__Actinomycetota;c__Actinomycetes;o__Actinomycetales;f__Actinomycetaceae;g__Actinomyces;s__Actinomyces naeslundii	1655.0
CasClinique8_ARN	GCF_014836885.1	25	3	0	3.5355339059327373	0.00020347600872250293	d__Bacteria;p__Actinomycetota;c__Actinomycetes;o__Actinomycetales;f__Brevibacteriaceae;g__Brevibacterium;s__Brevibacterium gallinarum	199591.0
CasClinique8_ARN	GCF_001742165.1	25	3	0	3.5355339059327373	0.00020347600872250293	d__Bacteria;p__Pseudomonadota;c__Gammaproteobacteria;o__Burkholderiales;f__Burkholderiaceae;g__Burkholderia;s__Burkholderia stabilis	95485.0
CasClinique8_ARN	GCF_003730015.1	25	3	0	3.5355339059327373	0.00020347600872250293	d__Bacteria;p__Bacteroidota;c__Bacteroidia;o__Flavobacteriales;f__Weeksellaceae;g__Epilithonimonas;s__Epilithonimonas hominis	1871047.0
CasClinique6_ARN	GCF_001642025.1	25	3	0	3.5355339059327373	0.00020347600872250293	d__Bacteria;p__Actinomycetota;c__Actinomycetes;o__Propionibacteriales;f__Propionibacteriaceae;g__Cutibacterium;s__Cutibacterium namnetense	1912223.0
CasClinique8_ARN	GCF_000622225.1	25	3	0	3.5355339059327373	0.00020347600872250293	d__Bacteria;p__Pseudomonadota;c__Alphaproteobacteria;o__Acetobacterales;f__Acetobacteraceae;g__Roseomonas;s__Roseomonas mucosa	1217720.0
CasClinique7_ADN	GCF_029633825.1	25	3	0	3.5355339059327373	0.00020347600872250293	d__Bacteria;p__Pseudomonadota;c__Gammaproteobacteria;o__Burkholderiales;f__Burkholderiaceae;g__Burkholderia;s__Burkholderia contaminans	488447.0
CasClinique6_ARN	GCF_023221595.1	25	3	0	3.5355339059327373	0.00020347600872250293	d__Bacteria;p__Actinomycetota;c__Actinomycetes;o__Mycobacteriales;f__Mycobacteriaceae;g__Rhodococcus;s__Rhodococcus qingshengii	2681985.0
CasClinique7_ADN	GCF_005876855.1	25	3	0	3.5355339059327373	0.00020347600872250293	d__Bacteria;p__Pseudomonadota;c__Gammaproteobacteria;o__Pseudomonadales;f__Pseudomonadaceae;g__Stutzerimonas;s__Stutzerimonas nosocomialis	2717292.0
CasClinique8_ARN	GCF_022133705.1	25	3	0	3.5355339059327373	0.00020347600872250293	d__Bacteria;p__Actinomycetota;c__Actinomycetes;o__Actinomycetales;f__Actinomycetaceae;g__Varibaculum;s__Varibaculum cambriense_A	184870.0
CasClinique2_ADN	GCF_014837015.1	25	3	0	3.5355339059327373	0.00020347600872250293	d__Bacteria;p__Pseudomonadota;c__Gammaproteobacteria;o__Pseudomonadales;f__Moraxellaceae;g__Acinetobacter;s__Acinetobacter pecorum	1805635.0
CasClinique8_ARN	GCF_000368145.1	25	3	0	3.5355339059327373	0.00020347600872250293	d__Bacteria;p__Pseudomonadota;c__Gammaproteobacteria;o__Pseudomonadales;f__Moraxellaceae;g__Acinetobacter;s__Acinetobacter guillouiae	2929509.0
CasClinique8_ARN	GCF_000372405.1	25	3	0	3.5355339059327373	0.00020347600872250293	d__Bacteria;p__Bacteroidota;c__Bacteroidia;o__Bacteroidales;f__Porphyromonadaceae;g__Porphyromonas_A;s__Porphyromonas_A somerae	159274.0
CasClinique8_ARN	GCF_003096635.1	25	3	0	3.5355339059327373	0.00020347600872250293	d__Bacteria;p__Bacillota_A;c__Clostridia;o__Tissierellales;f__Peptoniphilaceae;g__Ezakiella;s__Ezakiella coagulans	1284708.0
CasClinique5_ADN	GCF_010858045.1	25	3	0	3.5355339059327373	0.00020347600872250293	d__Bacteria;p__Actinomycetota;c__Actinomycetes;o__Mycobacteriales;f__Mycobacteriaceae;g__Nocardia;s__Nocardia cyriacigeorgica_E	135487.0
CasClinique8_ARN	GCF_016907735.1	25	3	0	3.5355339059327373	0.00020347600872250293	d__Bacteria;p__Actinomycetota;c__Actinomycetes;o__Actinomycetales;f__Brevibacteriaceae;g__Brevibacterium;s__Brevibacterium paucivorans	2918183.0
CasClinique7_ADN	GCF_000164695.2	25	3	0	3.5355339059327373	0.00020347600872250293	d__Bacteria;p__Actinomycetota;c__Actinomycetes;o__Actinomycetales;f__Micrococcaceae;g__Rothia;s__Rothia dentocariosa	2047.0
CasClinique1_ARN	GCF_014205115.1	25	3	0	3.5355339059327373	0.00020347600872250293	d__Bacteria;p__Actinomycetota;c__Actinomycetes;o__Actinomycetales;f__Micrococcaceae;g__Micrococcus;s__Micrococcus endophyticus	1270.0
CasClinique2_ADN	GCF_000469305.1	25	3	0	3.5355339059327373	0.00020347600872250293	d__Bacteria;p__Bacillota_I;c__Bacilli_A;o__Erysipelotrichales;f__Erysipelotrichaceae;g__Faecalitalea;s__Faecalitalea cylindroides	39483.0
CasClinique7_ADN	GCF_003945385.1	25	3	0	3.5355339059327373	0.00020347600872250293	d__Bacteria;p__Actinomycetota;c__Actinomycetes;o__Mycobacteriales;f__Pseudonocardiaceae;g__Pseudonocardia;s__Pseudonocardia autotrophica	33909.0
CasClinique2_ADN	GCF_013417555.1	25	3	0	3.5355339059327373	0.00020347600872250293	d__Bacteria;p__Pseudomonadota;c__Gammaproteobacteria;o__Pseudomonadales;f__Moraxellaceae;g__Acinetobacter;s__Acinetobacter sp013417555	2601163.0
CasClinique6_ARN	GCF_002848005.1	25	3	0	3.5355339059327373	0.00020347600872250293	d__Bacteria;p__Actinomycetota;c__Actinomycetes;o__Actinomycetales;f__Actinomycetaceae;g__Varibaculum;s__Varibaculum cambriense_B	249061.0
CasClinique2_ADN	GCF_000968015.1	25	3	0	3.5355339059327373	0.00020347600872250293	d__Bacteria;p__Pseudomonadota;c__Gammaproteobacteria;o__Pseudomonadales;f__Pseudomonadaceae;g__Pseudomonas_E;s__Pseudomonas_E fluorescens_W	294.0
CasClinique1_ARN	GCF_029024945.1	25	3	0	3.5355339059327373	0.00020347600872250293	d__Bacteria;p__Bacillota;c__Bacilli;o__Staphylococcales;f__Staphylococcaceae;g__Staphylococcus;s__Staphylococcus succinus	61015.0
CasClinique2_ADN	GCF_000282495.1	25	3	0	3.5355339059327373	0.00020347600872250293	d__Bacteria;p__Pseudomonadota;c__Gammaproteobacteria;o__Pseudomonadales;f__Pseudomonadaceae;g__Pseudomonas_E;s__Pseudomonas_E sp000282495	2769270.0
CasClinique10_ADN	GCF_003697165.2	25	3	0	3.5355339059327373	0.00020347600872250293	d__Bacteria;p__Pseudomonadota;c__Gammaproteobacteria;o__Enterobacterales;f__Enterobacteriaceae;g__Escherichia;s__Escherichia coli	562.0
CasClinique1_ARN	GCF_005080685.1	25	2	0	2.1213203435596424	0.01694742676234462	d__Bacteria;p__Pseudomonadota;c__Gammaproteobacteria;o__Pseudomonadales;f__Pseudomonadaceae;g__Pseudomonas_E;s__Pseudomonas_E putida_V	303.0
CasClinique1_ARN	GCF_006438725.1	25	2	0	2.1213203435596424	0.01694742676234462	d__Bacteria;p__Pseudomonadota;c__Gammaproteobacteria;o__Enterobacterales;f__Enterobacteriaceae;g__Ewingella;s__Ewingella americana_A	41202.0
CasClinique7_ADN	GCF_000162875.1	25	2	0	2.1213203435596424	0.01694742676234462	d__Bacteria;p__Actinomycetota;c__Coriobacteriia;o__Coriobacteriales;f__Eggerthellaceae;g__Slackia;s__Slackia exigua	84109.0
CasClinique7_ADN	GCF_000988205.1	25	2	0	2.1213203435596424	0.01694742676234462	d__Bacteria;p__Actinomycetota;c__Actinomycetes;o__Mycobacteriales;f__Mycobacteriaceae;g__Corynebacterium;s__Corynebacterium minutissimum_A	159447.0
CasClinique10_ADN	GCF_022179445.1	25	2	0	2.1213203435596424	0.01694742676234462	d__Bacteria;p__Pseudomonadota;c__Alphaproteobacteria;o__Rhizobiales;f__Beijerinckiaceae;g__Methylobacterium;s__Methylobacterium mesophilicum	2603900.0
CasClinique2_ADN	GCF_029011175.1	25	2	0	2.1213203435596424	0.01694742676234462	d__Bacteria;p__Actinomycetota;c__Actinomycetes;o__Actinomycetales;f__Actinomycetaceae;g__Winkia;s__Winkia anitrata	3046315.0
CasClinique10_ADN	GCF_000023205.1	25	2	0	2.1213203435596424	0.01694742676234462	d__Bacteria;p__Actinomycetota;c__Actinomycetes;o__Actinomycetales;f__Micrococcaceae;g__Micrococcus;s__Micrococcus luteus	1270.0
CasClinique10_ADN	GCF_014845115.1	25	2	0	2.1213203435596424	0.01694742676234462	d__Bacteria;p__Pseudomonadota;c__Alphaproteobacteria;o__Rhizobiales;f__Beijerinckiaceae;g__Methylobacterium;s__Methylobacterium zatmanii	29429.0
CasClinique10_ADN	GCF_000469305.1	25	2	0	2.1213203435596424	0.01694742676234462	d__Bacteria;p__Bacillota_I;c__Bacilli_A;o__Erysipelotrichales;f__Erysipelotrichaceae;g__Faecalitalea;s__Faecalitalea cylindroides	39483.0
CasClinique7_ADN	GCF_006742205.1	25	2	0	2.1213203435596424	0.01694742676234462	d__Bacteria;p__Bacillota;c__Bacilli;o__Staphylococcales;f__Staphylococcaceae;g__Staphylococcus;s__Staphylococcus epidermidis	1282.0
CasClinique10_ADN	GCF_010858045.1	25	2	0	2.1213203435596424	0.01694742676234462	d__Bacteria;p__Actinomycetota;c__Actinomycetes;o__Mycobacteriales;f__Mycobacteriaceae;g__Nocardia;s__Nocardia cyriacigeorgica_E	135487.0
CasClinique2_ADN	GCF_001945365.1	25	2	0	2.1213203435596424	0.01694742676234462	d__Bacteria;p__Pseudomonadota;c__Gammaproteobacteria;o__Pseudomonadales;f__Pseudomonadaceae;g__Pseudomonas_E;s__Pseudomonas_E reinekei	2815936.0
CasClinique7_ADN	GCF_030408675.1	25	2	0	2.1213203435596424	0.01694742676234462	d__Bacteria;p__Actinomycetota;c__Actinomycetes;o__Mycobacteriales;f__Mycobacteriaceae;g__Corynebacterium;s__Corynebacterium durum	556548.0
CasClinique8_ARN	GCF_000301035.1	25	2	0	2.1213203435596424	0.01694742676234462	d__Bacteria;p__Bacillota;c__Bacilli;o__Lactobacillales;f__Aerococcaceae;g__Facklamia;s__Facklamia hominis	178214.0
CasClinique2_ADN	GCF_900205605.1	25	2	0	2.1213203435596424	0.01694742676234462	d__Bacteria;p__Actinomycetota;c__Actinomycetes;o__Mycobacteriales;f__Mycobacteriaceae;g__Corynebacterium;s__Corynebacterium belfantii	2014537.0
CasClinique8_ARN	GCF_000988205.1	25	2	0	2.1213203435596424	0.01694742676234462	d__Bacteria;p__Actinomycetota;c__Actinomycetes;o__Mycobacteriales;f__Mycobacteriaceae;g__Corynebacterium;s__Corynebacterium minutissimum_A	159447.0
CasClinique6_ARN	GCF_005938105.1	25	2	0	2.1213203435596424	0.01694742676234462	d__Bacteria;p__Pseudomonadota;c__Alphaproteobacteria;o__Rhizobiales;f__Rhizobiaceae;g__Ochrobactrum_B;s__Ochrobactrum_B haematophila	2650568.0
CasClinique7_ADN	GCF_011617465.1	25	2	0	2.1213203435596424	0.01694742676234462	d__Bacteria;p__Actinomycetota;c__Actinomycetes;o__Actinomycetales;f__Brevibacteriaceae;g__Brevibacterium;s__Brevibacterium pigmentatum	1423.0
CasClinique8_ARN	GCF_902859645.1	25	2	0	2.1213203435596424	0.01694742676234462	d__Bacteria;p__Pseudomonadota;c__Gammaproteobacteria;o__Burkholderiales;f__Burkholderiaceae;g__Achromobacter;s__Achromobacter insuavis	134375.0
CasClinique6_ARN	GCF_002902325.1	25	2	0	2.1213203435596424	0.01694742676234462	d__Bacteria;p__Bacillota;c__Bacilli;o__Staphylococcales;f__Staphylococcaceae;g__Staphylococcus;s__Staphylococcus capitis	29388.0
CasClinique8_ARN	GCF_900186975.1	25	2	0	2.1213203435596424	0.01694742676234462	d__Bacteria;p__Actinomycetota;c__Actinomycetes;o__Propionibacteriales;f__Propionibacteriaceae;g__Cutibacterium;s__Cutibacterium granulosum	1912223.0
CasClinique8_ARN	GCF_010858045.1	25	2	0	2.1213203435596424	0.01694742676234462	d__Bacteria;p__Actinomycetota;c__Actinomycetes;o__Mycobacteriales;f__Mycobacteriaceae;g__Nocardia;s__Nocardia cyriacigeorgica_E	135487.0
CasClinique8_ARN	GCF_002874965.1	25	2	0	2.1213203435596424	0.01694742676234462	d__Bacteria;p__Pseudomonadota;c__Gammaproteobacteria;o__Pseudomonadales;f__Pseudomonadaceae;g__Pseudomonas_E;s__Pseudomonas_E sp002874965	2070566.0
CasClinique8_ARN	GCF_000739455.1	25	2	0	2.1213203435596424	0.01694742676234462	d__Bacteria;p__Actinomycetota;c__Actinomycetes;o__Mycobacteriales;f__Mycobacteriaceae;g__Corynebacterium;s__Corynebacterium imitans	156978.0
CasClinique2_ADN	GCA_030544685.1	25	2	0	2.1213203435596424	0.01694742676234462	d__Bacteria;p__Pseudomonadota;c__Gammaproteobacteria;o__Pseudomonadales;f__Pseudomonadaceae;g__Pseudomonas_E;s__Pseudomonas_E fluorescens_AO	294.0
CasClinique8_ARN	GCF_023955645.1	25	2	0	2.1213203435596424	0.01694742676234462	d__Bacteria;p__Pseudomonadota;c__Gammaproteobacteria;o__Burkholderiales;f__Burkholderiaceae;g__Ralstonia;s__Ralstonia mojiangensis	2953895.0
CasClinique7_ADN	GCF_016907735.1	25	2	0	2.1213203435596424	0.01694742676234462	d__Bacteria;p__Actinomycetota;c__Actinomycetes;o__Actinomycetales;f__Brevibacteriaceae;g__Brevibacterium;s__Brevibacterium paucivorans	2918183.0
CasClinique2_ADN	GCF_002901705.1	25	2	0	2.1213203435596424	0.01694742676234462	d__Bacteria;p__Bacillota;c__Bacilli;o__Staphylococcales;f__Staphylococcaceae;g__Staphylococcus;s__Staphylococcus lugdunensis	1715032.0
CasClinique8_ARN	GCF_023221595.1	25	2	0	2.1213203435596424	0.01694742676234462	d__Bacteria;p__Actinomycetota;c__Actinomycetes;o__Mycobacteriales;f__Mycobacteriaceae;g__Rhodococcus;s__Rhodococcus qingshengii	2681985.0
CasClinique7_ADN	GCF_002355935.1	25	2	0	2.1213203435596424	0.01694742676234462	d__Bacteria;p__Actinomycetota;c__Actinomycetes;o__Actinomycetales;f__Micrococcaceae;g__Rothia;s__Rothia aeria	172042.0
CasClinique8_ARN	GCF_027921985.1	25	2	0	2.1213203435596424	0.01694742676234462	d__Bacteria;p__Actinomycetota;c__Actinomycetes;o__Actinomycetales;f__Dermabacteraceae;g__Brachybacterium;s__Brachybacterium conglomeratum	173362.0
CasClinique8_ARN	GCF_903652925.1	25	2	0	2.1213203435596424	0.01694742676234462	d__Bacteria;p__Pseudomonadota;c__Gammaproteobacteria;o__Burkholderiales;f__Burkholderiaceae;g__Achromobacter;s__Achromobacter anxifer	1287737.0
CasClinique8_ARN	GCF_900102105.1	25	2	0	2.1213203435596424	0.01694742676234462	d__Bacteria;p__Pseudomonadota;c__Alphaproteobacteria;o__Rhizobiales;f__Rhizobiaceae;g__Agrobacterium;s__Agrobacterium pusense	1510041.0
CasClinique7_ADN	GCF_000378085.1	25	2	0	2.1213203435596424	0.01694742676234462	d__Bacteria;p__Bacteroidota;c__Bacteroidia;o__Bacteroidales;f__Bacteroidaceae;g__Prevotella;s__Prevotella loescheii	1122985.0
CasClinique8_ARN	GCF_006970445.1	25	2	0	2.1213203435596424	0.01694742676234462	d__Bacteria;p__Pseudomonadota;c__Gammaproteobacteria;o__Xanthomonadales;f__Xanthomonadaceae;g__Stenotrophomonas;s__Stenotrophomonas maltophilia_AU	40324.0
CasClinique8_ARN	GCF_020567375.1	25	2	0	2.1213203435596424	0.01694742676234462	d__Bacteria;p__Actinomycetota;c__Actinomycetes;o__Actinomycetales;f__Dermatophilaceae;g__Marihabitans;s__Marihabitans melonis	262209.0
CasClinique8_ARN	GCF_000314675.2	25	2	0	2.1213203435596424	0.01694742676234462	d__Bacteria;p__Pseudomonadota;c__Alphaproteobacteria;o__Rhizobiales;f__Xanthobacteraceae;g__Afipia;s__Afipia broomeae	1871052.0
CasClinique6_ARN	GCF_001742165.1	25	2	0	2.1213203435596424	0.01694742676234462	d__Bacteria;p__Pseudomonadota;c__Gammaproteobacteria;o__Burkholderiales;f__Burkholderiaceae;g__Burkholderia;s__Burkholderia stabilis	95485.0
CasClinique7_ADN	GCF_020176695.1	25	2	0	2.1213203435596424	0.01694742676234462	d__Bacteria;p__Pseudomonadota;c__Gammaproteobacteria;o__Burkholderiales;f__Burkholderiaceae;g__Telluria;s__Telluria sp020176695	2878200.0
CasClinique8_ARN	GCF_000633535.1	25	2	0	2.1213203435596424	0.01694742676234462	d__Bacteria;p__Actinomycetota;c__Actinomycetes;o__Actinomycetales;f__Microbacteriaceae;g__Leifsonia;s__Leifsonia aquatica_A	1416759.0
CasClinique6_ARN	GCA_902506215.1	25	2	0	2.1213203435596424	0.01694742676234462	d__Bacteria;p__Pseudomonadota;c__Gammaproteobacteria;o__Pseudomonadales;f__Moraxellaceae;g__Moraxella_A;s__Moraxella_A sp902506215	2653185.0
CasClinique6_ARN	GCF_903652925.1	25	2	0	2.1213203435596424	0.01694742676234462	d__Bacteria;p__Pseudomonadota;c__Gammaproteobacteria;o__Burkholderiales;f__Burkholderiaceae;g__Achromobacter;s__Achromobacter anxifer	1287737.0
CasClinique1_ARN	GCF_000368625.1	25	2	0	2.1213203435596424	0.01694742676234462	d__Bacteria;p__Pseudomonadota;c__Gammaproteobacteria;o__Pseudomonadales;f__Moraxellaceae;g__Acinetobacter;s__Acinetobacter schindleri	472.0
CasClinique6_ARN	GCF_001650495.1	25	2	0	2.1213203435596424	0.01694742676234462	d__Bacteria;p__Actinomycetota;c__Actinomycetes;o__Mycobacteriales;f__Mycobacteriaceae;g__Mycobacterium;s__Mycobacterium iranicum_A	912594.0
CasClinique7_ADN	GCF_003938605.1	25	2	0	2.1213203435596424	0.01694742676234462	d__Bacteria;p__Pseudomonadota;c__Alphaproteobacteria;o__Caulobacterales;f__Caulobacteraceae;g__Brevundimonas;s__Brevundimonas sp003938605	293.0
CasClinique7_ADN	GCF_001571325.1	25	2	0	2.1213203435596424	0.01694742676234462	d__Bacteria;p__Pseudomonadota;c__Gammaproteobacteria;o__Burkholderiales;f__Burkholderiaceae;g__Comamonas;s__Comamonas tsuruhatensis	114710.0
CasClinique2_ADN	GCF_018614775.1	25	2	0	2.1213203435596424	0.01694742676234462	d__Bacteria;p__Pseudomonadota;c__Gammaproteobacteria;o__Pseudomonadales;f__Pseudomonadaceae;g__Pseudomonas_E;s__Pseudomonas_E fluorescens_BY	294.0
CasClinique6_ARN	GCF_900232865.1	25	2	0	2.1213203435596424	0.01694742676234462	d__Bacteria;p__Actinomycetota;c__Actinomycetes;o__Mycobacteriales;f__Mycobacteriaceae;g__Corynebacterium;s__Corynebacterium dentalis	2014528.0
CasClinique6_ARN	GCF_900106515.1	25	2	0	2.1213203435596424	0.01694742676234462	d__Bacteria;p__Bacillota_A;c__Clostridia;o__Tissierellales;f__Peptoniphilaceae;g__Peptoniphilus_A;s__Peptoniphilus_A lacydonensis	875454.0
CasClinique1_ARN	GCF_001648775.1	25	2	0	2.1213203435596424	0.01694742676234462	d__Bacteria;p__Pseudomonadota;c__Gammaproteobacteria;o__Pseudomonadales;f__Pseudomonadaceae;g__Pseudomonas_E;s__Pseudomonas_E fluorescens_M	294.0
CasClinique7_ADN	GCF_002906855.1	25	2	0	2.1213203435596424	0.01694742676234462	d__Bacteria;p__Pseudomonadota;c__Gammaproteobacteria;o__Pseudomonadales;f__Pseudomonadaceae;g__Pseudomonas_E;s__Pseudomonas_E putida_N	303.0
CasClinique7_ADN	GCF_007049795.1	25	2	0	2.1213203435596424	0.01694742676234462	d__Bacteria;p__Pseudomonadota;c__Gammaproteobacteria;o__Pseudomonadales;f__Pseudomonadaceae;g__Pseudomonas_E;s__Pseudomonas_E mendocina_D	300.0
CasClinique1_ARN	GCF_001579525.1	25	2	0	2.1213203435596424	0.01694742676234462	d__Bacteria;p__Bacillota;c__Bacilli;o__Lactobacillales;f__Streptococcaceae;g__Streptococcus;s__Streptococcus oralis_M	1303.0
CasClinique6_ARN	GCF_008274825.1	25	2	0	2.1213203435596424	0.01694742676234462	d__Bacteria;p__Bacteroidota;c__Bacteroidia;o__Sphingobacteriales;f__Sphingobacteriaceae;g__Sphingobacterium;s__Sphingobacterium hotanense	649196.0
CasClinique9_ADN	GCF_003030305.1	25	2	0	2.1213203435596424	0.01694742676234462	d__Bacteria;p__Actinomycetota;c__Actinomycetes;o__Propionibacteriales;f__Propionibacteriaceae;g__Cutibacterium;s__Cutibacterium acnes	765068.0
CasClinique6_ARN	GCF_002797435.1	25	2	0	2.1213203435596424	0.01694742676234462	d__Bacteria;p__Pseudomonadota;c__Alphaproteobacteria;o__Sphingomonadales;f__Sphingomonadaceae;g__Sphingomonas;s__Sphingomonas koreensis	93064.0
CasClinique5_ADN	GCF_003970865.1	25	2	0	2.1213203435596424	0.01694742676234462	d__Bacteria;p__Pseudomonadota;c__Gammaproteobacteria;o__Xanthomonadales;f__Xanthomonadaceae;g__Stenotrophomonas;s__Stenotrophomonas maltophilia_AR	40324.0
CasClinique5_ADN	GCF_000469305.1	25	2	0	2.1213203435596424	0.01694742676234462	d__Bacteria;p__Bacillota_I;c__Bacilli_A;o__Erysipelotrichales;f__Erysipelotrichaceae;g__Faecalitalea;s__Faecalitalea cylindroides	39483.0
CasClinique7_ADN	GCF_000010285.1	25	2	0	2.1213203435596424	0.01694742676234462	d__Bacteria;p__Actinomycetota;c__Actinomycetes;o__Actinomycetales;f__Micrococcaceae;g__Kocuria;s__Kocuria rhizophila_A	378753.0
CasClinique1_ARN	GCF_015680705.1	25	2	0	2.1213203435596424	0.01694742676234462	d__Bacteria;p__Pseudomonadota;c__Gammaproteobacteria;o__Pseudomonadales;f__Pseudomonadaceae;g__Pseudomonas_E;s__Pseudomonas_E fulva_C	47880.0
CasClinique1_ARN	GCF_000820085.1	25	2	0	2.1213203435596424	0.01694742676234462	d__Bacteria;p__Pseudomonadota;c__Gammaproteobacteria;o__Enterobacterales;f__Aeromonadaceae;g__Aeromonas;s__Aeromonas sanarellii	2778058.0
CasClinique7_ADN	GCF_002197815.1	25	2	0	2.1213203435596424	0.01694742676234462	d__Bacteria;p__Pseudomonadota;c__Gammaproteobacteria;o__Pseudomonadales;f__Pseudomonadaceae;g__Pseudomonas_E;s__Pseudomonas_E oleovorans	301.0
CasClinique6_ARN	GCF_001598915.1	25	2	0	2.1213203435596424	0.01694742676234462	d__Bacteria;p__Actinomycetota;c__Actinomycetes;o__Mycobacteriales;f__Mycobacteriaceae;g__Williamsia;s__Williamsia muralis	322609.0
CasClinique6_ARN	GCF_030408675.1	25	2	0	2.1213203435596424	0.01694742676234462	d__Bacteria;p__Actinomycetota;c__Actinomycetes;o__Mycobacteriales;f__Mycobacteriaceae;g__Corynebacterium;s__Corynebacterium durum	556548.0
CasClinique6_ARN	GCF_000420065.1	25	2	0	2.1213203435596424	0.01694742676234462	d__Bacteria;p__Actinomycetota;c__Actinomycetes;o__Actinomycetales;f__Actinomycetaceae;g__Varibaculum;s__Varibaculum cambriense	184870.0
CasClinique1_ARN	GCF_002901705.1	25	2	0	2.1213203435596424	0.01694742676234462	d__Bacteria;p__Bacillota;c__Bacilli;o__Staphylococcales;f__Staphylococcaceae;g__Staphylococcus;s__Staphylococcus lugdunensis	1715032.0
CasClinique6_ARN	GCF_000017405.1	25	2	0	2.1213203435596424	0.01694742676234462	d__Bacteria;p__Pseudomonadota;c__Alphaproteobacteria;o__Rhizobiales;f__Rhizobiaceae;g__Ochrobactrum;s__Ochrobactrum anthropi	2587040.0
CasClinique1_ARN	GCF_002902325.1	25	2	0	2.1213203435596424	0.01694742676234462	d__Bacteria;p__Bacillota;c__Bacilli;o__Staphylococcales;f__Staphylococcaceae;g__Staphylococcus;s__Staphylococcus capitis	29388.0
CasClinique6_ARN	GCF_000739895.2	25	2	0	2.1213203435596424	0.01694742676234462	d__Bacteria;p__Pseudomonadota;c__Alphaproteobacteria;o__Sphingomonadales;f__Sphingomonadaceae;g__Sphingomonas;s__Sphingomonas paucimobilis	1007104.0
CasClinique7_ADN	GCF_001571065.1	25	2	0	2.1213203435596424	0.01694742676234462	d__Bacteria;p__Actinomycetota;c__Actinomycetes;o__Mycobacteriales;f__Mycobacteriaceae;g__Dietzia;s__Dietzia cinnamea	321318.0
CasClinique6_ARN	GCF_000735695.2	25	2	0	2.1213203435596424	0.01694742676234462	d__Bacteria;p__Bacteroidota;c__Bacteroidia;o__Flavobacteriales;f__Weeksellaceae;g__Kaistella;s__Kaistella haifensis	1450526.0
CasClinique1_ARN	GCF_019141525.1	25	2	0	2.1213203435596424	0.01694742676234462	d__Bacteria;p__Pseudomonadota;c__Gammaproteobacteria;o__Pseudomonadales;f__Pseudomonadaceae;g__Pseudomonas_E;s__Pseudomonas_E alvandae	2928704.0
CasClinique7_ADN	GCF_003697165.2	25	2	0	2.1213203435596424	0.01694742676234462	d__Bacteria;p__Pseudomonadota;c__Gammaproteobacteria;o__Enterobacterales;f__Enterobacteriaceae;g__Escherichia;s__Escherichia coli	562.0
CasClinique1_ARN	GCA_915063485.1	25	2	0	2.1213203435596424	0.01694742676234462	d__Bacteria;p__Actinomycetota;c__Actinomycetes;o__Actinomycetales;f__Actinomycetaceae;g__Actinomyces;s__Actinomyces sp915063485	55565.0
CasClinique1_ARN	GCF_001945365.1	25	2	0	2.1213203435596424	0.01694742676234462	d__Bacteria;p__Pseudomonadota;c__Gammaproteobacteria;o__Pseudomonadales;f__Pseudomonadaceae;g__Pseudomonas_E;s__Pseudomonas_E reinekei	2815936.0
CasClinique7_ADN	GCF_003143995.1	25	1	0	0.7071067811865475	0.23975006109347674	d__Bacteria;p__Actinomycetota;c__Actinomycetes;o__Actinomycetales;f__Micrococcaceae;g__Pseudoglutamicibacter;s__Pseudoglutamicibacter albus	98671.0
CasClinique8_ARN	GCF_019049755.1	25	1	0	0.7071067811865475	0.23975006109347674	d__Bacteria;p__Pseudomonadota;c__Gammaproteobacteria;o__Enterobacterales;f__Enterobacteriaceae;g__Rahnella;s__Rahnella perminowiae	2511202.0
CasClinique7_ADN	GCF_000739455.1	25	1	0	0.7071067811865475	0.23975006109347674	d__Bacteria;p__Actinomycetota;c__Actinomycetes;o__Mycobacteriales;f__Mycobacteriaceae;g__Corynebacterium;s__Corynebacterium imitans	156978.0
CasClinique6_ARN	GCF_004310285.1	25	1	0	0.7071067811865475	0.23975006109347674	d__Bacteria;p__Pseudomonadota;c__Alphaproteobacteria;o__Rhizobiales;f__Rhizobiaceae;g__Agrobacterium;s__Agrobacterium cavarae	1736231.0
CasClinique6_ARN	GCA_021733665.1	25	1	0	0.7071067811865475	0.23975006109347674	d__Bacteria;p__Pseudomonadota;c__Alphaproteobacteria;o__Rhizobiales;f__Rhizobiaceae;g__Pseudochrobactrum;s__Pseudochrobactrum sp021733665	354351.0
CasClinique6_ARN	GCF_000312505.2	25	1	0	0.7071067811865475	0.23975006109347674	d__Bacteria;p__Bacillota_A;c__Clostridia;o__Tissierellales;f__Peptoniphilaceae;g__Fenollaria;s__Fenollaria massiliensis	244328.0
CasClinique7_ADN	GCF_016008875.1	25	1	0	0.7071067811865475	0.23975006109347674	d__Bacteria;p__Pseudomonadota;c__Gammaproteobacteria;o__Pseudomonadales;f__Pseudomonadaceae;g__Pseudomonas_E;s__Pseudomonas_E sp002439135	1947341.0
CasClinique1_ARN	GCF_003859805.1	25	1	0	0.7071067811865475	0.23975006109347674	d__Bacteria;p__Actinomycetota;c__Actinomycetes;o__Propionibacteriales;f__Propionibacteriaceae;g__Arachnia;s__Arachnia propionica_C	1750.0
CasClinique6_ARN	GCF_001699815.1	25	1	0	0.7071067811865475	0.23975006109347674	d__Bacteria;p__Pseudomonadota;c__Gammaproteobacteria;o__Burkholderiales;f__Burkholderiaceae;g__Ralstonia;s__Ralstonia pickettii_B	329.0
CasClinique6_ARN	GCF_003935715.1	25	1	0	0.7071067811865475	0.23975006109347674	d__Bacteria;p__Pseudomonadota;c__Gammaproteobacteria;o__Xanthomonadales;f__Xanthomonadaceae;g__Stenotrophomonas;s__Stenotrophomonas maltophilia_AH	40324.0
CasClinique6_ARN	GCA_945878355.1	25	1	0	0.7071067811865475	0.23975006109347674	d__Bacteria;p__Pseudomonadota;c__Gammaproteobacteria;o__Burkholderiales;f__Burkholderiaceae;g__Aquabacterium_A;s__Aquabacterium_A sp945878355	519.0
CasClinique7_ADN	GCF_001953955.1	25	1	0	0.7071067811865475	0.23975006109347674	d__Bacteria;p__Bacteroidota;c__Bacteroidia;o__Bacteroidales;f__Bacteroidaceae;g__Prevotella;s__Prevotella intermedia	28131.0
CasClinique1_ARN	GCF_000369065.1	25	1	0	0.7071067811865475	0.23975006109347674	d__Bacteria;p__Pseudomonadota;c__Gammaproteobacteria;o__Pseudomonadales;f__Moraxellaceae;g__Acinetobacter;s__Acinetobacter haemolyticus	29430.0
CasClinique6_ARN	GCF_003491325.1	25	1	0	0.7071067811865475	0.23975006109347674	d__Bacteria;p__Bacillota;c__Bacilli;o__Staphylococcales;f__Staphylococcaceae;g__Staphylococcus;s__Staphylococcus warneri_A	1292.0
CasClinique7_ADN	GCF_030408375.1	25	1	0	0.7071067811865475	0.23975006109347674	d__Bacteria;p__Actinomycetota;c__Actinomycetes;o__Mycobacteriales;f__Mycobacteriaceae;g__Corynebacterium;s__Corynebacterium lipophilum	144184.0
CasClinique7_ADN	GCF_000296405.1	25	1	0	0.7071067811865475	0.23975006109347674	d__Bacteria;p__Actinomycetota;c__Actinomycetes;o__Mycobacteriales;f__Mycobacteriaceae;g__Corynebacterium;s__Corynebacterium otitidis	29321.0
CasClinique6_ARN	GCF_029433855.1	25	1	0	0.7071067811865475	0.23975006109347674	d__Bacteria;p__Pseudomonadota;c__Gammaproteobacteria;o__Enterobacterales;f__Enterobacteriaceae;g__Kosakonia;s__Kosakonia cowanii_A	208223.0
CasClinique6_ARN	GCF_000740795.1	25	1	0	0.7071067811865475	0.23975006109347674	d__Bacteria;p__Pseudomonadota;c__Alphaproteobacteria;o__Rhodobacterales;f__Rhodobacteraceae;g__Haematobacter;s__Haematobacter massiliensis	195105.0
CasClinique7_ADN	GCF_000327325.1	25	1	0	0.7071067811865475	0.23975006109347674	d__Bacteria;p__Actinomycetota;c__Actinomycetes;o__Mycobacteriales;f__Mycobacteriaceae;g__Gordonia;s__Gordonia rubripertincta	36822.0
CasClinique7_ADN	GCF_000160075.2	25	1	0	0.7071067811865475	0.23975006109347674	d__Bacteria;p__Bacillota;c__Bacilli;o__Lactobacillales;f__Aerococcaceae;g__Abiotrophia;s__Abiotrophia defectiva	46125.0
CasClinique6_ARN	GCF_014647135.1	25	1	0	0.7071067811865475	0.23975006109347674	d__Bacteria;p__Pseudomonadota;c__Gammaproteobacteria;o__Enterobacterales;f__Shewanellaceae;g__Shewanella;s__Shewanella xiamenensis	332186.0
CasClinique7_ADN	GCF_026782125.1	25	1	0	0.7071067811865475	0.23975006109347674	d__Bacteria;p__Bacillota;c__Bacilli;o__Lactobacillales;f__Streptococcaceae;g__Streptococcus;s__Streptococcus oralis_CE	1303.0
CasClinique1_ARN	GCF_000022905.1	25	1	0	0.7071067811865475	0.23975006109347674	d__Bacteria;p__Actinomycetota;c__Actinomycetes;o__Mycobacteriales;f__Mycobacteriaceae;g__Corynebacterium;s__Corynebacterium aurimucosum_F	169292.0
CasClinique7_ADN	GCF_019834675.1	25	1	0	0.7071067811865475	0.23975006109347674	d__Bacteria;p__Actinomycetota;c__Actinomycetes;o__Mycobacteriales;f__Mycobacteriaceae;g__Rhodococcus;s__Rhodococcus corynebacterioides_A	53972.0
CasClinique6_ARN	GCF_016466415.2	25	1	0	0.7071067811865475	0.23975006109347674	d__Bacteria;p__Pseudomonadota;c__Gammaproteobacteria;o__Burkholderiales;f__Burkholderiaceae;g__Ralstonia;s__Ralstonia pickettii	329.0
CasClinique7_ADN	GCF_008011855.1	25	1	0	0.7071067811865475	0.23975006109347674	d__Bacteria;p__Pseudomonadota;c__Gammaproteobacteria;o__Enterobacterales;f__Enterobacteriaceae;g__Serratia;s__Serratia bockelmannii	615.0
CasClinique6_ARN	GCF_900445985.1	25	1	0	0.7071067811865475	0.23975006109347674	d__Bacteria;p__Pseudomonadota;c__Alphaproteobacteria;o__Caulobacterales;f__Caulobacteraceae;g__Brevundimonas;s__Brevundimonas vesicularis_D	41276.0
CasClinique6_ARN	GCF_002154655.1	25	1	0	0.7071067811865475	0.23975006109347674	d__Bacteria;p__Actinomycetota;c__Actinomycetes;o__Mycobacteriales;f__Mycobacteriaceae;g__Corynebacterium;s__Corynebacterium kefirresidentii	1203558.0
CasClinique7_ADN	GCF_002902385.1	25	1	0	0.7071067811865475	0.23975006109347674	d__Bacteria;p__Bacillota;c__Bacilli;o__Staphylococcales;f__Staphylococcaceae;g__Staphylococcus;s__Staphylococcus intermedius	1285.0
CasClinique7_ADN	GCF_023702225.1	25	1	0	0.7071067811865475	0.23975006109347674	d__Bacteria;p__Pseudomonadota;c__Alphaproteobacteria;o__Rhizobiales;f__Rhizobiaceae;g__Aureimonas;s__Aureimonas altamirensis_B	370622.0
CasClinique1_ARN	GCF_003943825.1	25	1	0	0.7071067811865475	0.23975006109347674	d__Bacteria;p__Bacillota;c__Bacilli;o__Lactobacillales;f__Streptococcaceae;g__Streptococcus;s__Streptococcus oralis_CD	1303.0
CasClinique1_ARN	GCF_003688935.1	25	1	0	0.7071067811865475	0.23975006109347674	d__Bacteria;p__Actinomycetota;c__Actinomycetes;o__Mycobacteriales;f__Mycobacteriaceae;g__Corynebacterium;s__Corynebacterium macginleyi	38290.0
CasClinique6_ARN	GCF_903819165.1	25	1	0	0.7071067811865475	0.23975006109347674	d__Bacteria;p__Bacillota_A;c__Clostridia;o__Tissierellales;f__Peptoniphilaceae;g__Aedoeadaptatus;s__Aedoeadaptatus nemausensis	2582829.0
CasClinique6_ARN	GCF_022179445.1	25	1	0	0.7071067811865475	0.23975006109347674	d__Bacteria;p__Pseudomonadota;c__Alphaproteobacteria;o__Rhizobiales;f__Beijerinckiaceae;g__Methylobacterium;s__Methylobacterium mesophilicum	2603900.0
CasClinique7_ADN	GCA_000154345.1	25	1	0	0.7071067811865475	0.23975006109347674	d__Bacteria;p__Bacillota_A;c__Clostridia;o__Oscillospirales;f__Acutalibacteraceae;g__Clostridium_A;s__Clostridium_A leptum	1535.0
CasClinique6_ARN	GCF_027570155.1	25	1	0	0.7071067811865475	0.23975006109347674	d__Bacteria;p__Actinomycetota;c__Actinomycetes;o__Mycobacteriales;f__Mycobacteriaceae;g__Corynebacterium;s__Corynebacterium marquesiae	169292.0
CasClinique7_ADN	GCF_014145015.1	25	1	0	0.7071067811865475	0.23975006109347674	d__Bacteria;p__Actinomycetota;c__Actinomycetes;o__Mycobacteriales;f__Mycobacteriaceae;g__Dietzia;s__Dietzia cinnamea_A	328361.0
CasClinique6_ARN	GCF_003594915.1	25	1	0	0.7071067811865475	0.23975006109347674	d__Bacteria;p__Pseudomonadota;c__Gammaproteobacteria;o__Enterobacterales;f__Enterobacteriaceae;g__Enterobacter;s__Enterobacter chuandaensis	2497875.0
CasClinique6_ARN	GCF_000445065.1	25	1	0	0.7071067811865475	0.23975006109347674	d__Bacteria;p__Pseudomonadota;c__Alphaproteobacteria;o__Sphingomonadales;f__Sphingomonadaceae;g__Sphingobium;s__Sphingobium quisquiliarum	13689.0
CasClinique1_ARN	GCF_000875895.1	25	1	0	0.7071067811865475	0.23975006109347674	d__Bacteria;p__Bacillota;c__Bacilli;o__Staphylococcales;f__Staphylococcaceae;g__Staphylococcus;s__Staphylococcus gallinarum	1293.0
CasClinique1_ARN	GCF_002902725.1	25	1	0	0.7071067811865475	0.23975006109347674	d__Bacteria;p__Bacillota;c__Bacilli;o__Staphylococcales;f__Staphylococcaceae;g__Staphylococcus;s__Staphylococcus caprae	29380.0
CasClinique1_ARN	GCF_029011175.1	25	1	0	0.7071067811865475	0.23975006109347674	d__Bacteria;p__Actinomycetota;c__Actinomycetes;o__Actinomycetales;f__Actinomycetaceae;g__Winkia;s__Winkia anitrata	3046315.0
CasClinique1_ARN	GCF_030408555.1	25	1	0	0.7071067811865475	0.23975006109347674	d__Bacteria;p__Actinomycetota;c__Actinomycetes;o__Mycobacteriales;f__Mycobacteriaceae;g__Corynebacterium;s__Corynebacterium aurimucosum	1739285.0
CasClinique7_ADN	GCF_000174815.1	25	1	0	0.7071067811865475	0.23975006109347674	d__Bacteria;p__Bacteroidota;c__Bacteroidia;o__Bacteroidales;f__Porphyromonadaceae;g__Porphyromonas;s__Porphyromonas endodontalis	28124.0
CasClinique6_ARN	GCA_009728235.1	25	1	0	0.7071067811865475	0.23975006109347674	d__Bacteria;p__Actinomycetota;c__Actinomycetes;o__Actinomycetales;f__Micrococcaceae;g__Arthrobacter_D;s__Arthrobacter_D sp009728235	666.0
CasClinique6_ARN	GCF_000024785.1	25	1	0	0.7071067811865475	0.23975006109347674	d__Bacteria;p__Actinomycetota;c__Actinomycetes;o__Mycobacteriales;f__Mycobacteriaceae;g__Gordonia;s__Gordonia bronchialis	2054.0
CasClinique6_ARN	GCF_900105325.1	25	1	0	0.7071067811865475	0.23975006109347674	d__Bacteria;p__Pseudomonadota;c__Gammaproteobacteria;o__Pseudomonadales;f__Pseudomonadaceae;g__Pseudomonas_E;s__Pseudomonas_E marginalis	47878.0
CasClinique7_ADN	GCF_007681555.1	25	1	0	0.7071067811865475	0.23975006109347674	d__Bacteria;p__Actinomycetota;c__Actinomycetes;o__Actinomycetales;f__Micrococcaceae;g__Kocuria;s__Kocuria salsicia	2419513.0
CasClinique6_ARN	GCF_002091675.1	25	1	0	0.7071067811865475	0.23975006109347674	d__Bacteria;p__Pseudomonadota;c__Gammaproteobacteria;o__Pseudomonadales;f__Pseudomonadaceae;g__Pseudomonas_B;s__Pseudomonas_B luteola	1076620.0
CasClinique6_ARN	GCF_000269805.1	25	1	0	0.7071067811865475	0.23975006109347674	d__Bacteria;p__Actinomycetota;c__Actinomycetes;o__Actinomycetales;f__Actinomycetaceae;g__Actinomyces;s__Actinomyces massiliensis	461393.0
CasClinique6_ARN	GCF_900078315.1	25	1	0	0.7071067811865475	0.23975006109347674	d__Bacteria;p__Pseudomonadota;c__Gammaproteobacteria;o__Burkholderiales;f__Burkholderiaceae;g__Bordetella_B;s__Bordetella_B ansorpii	288768.0
CasClinique7_ADN	GCF_004367745.1	25	1	0	0.7071067811865475	0.23975006109347674	d__Bacteria;p__Pseudomonadota;c__Gammaproteobacteria;o__Burkholderiales;f__Burkholderiaceae;g__Herbaspirillum;s__Herbaspirillum huttiense	1235558.0
CasClinique7_ADN	GCF_900111835.1	25	1	0	0.7071067811865475	0.23975006109347674	d__Bacteria;p__Pseudomonadota;c__Gammaproteobacteria;o__Pseudomonadales;f__Pseudomonadaceae;g__Pseudomonas_F;s__Pseudomonas_F otitidis	319939.0
CasClinique6_ARN	GCF_900636965.1	25	1	0	0.7071067811865475	0.23975006109347674	d__Bacteria;p__Bacillota;c__Bacilli;o__Lactobacillales;f__Lactobacillaceae;g__Lacticaseibacillus;s__Lacticaseibacillus rhamnosus	47715.0
CasClinique7_ADN	GCF_001262015.1	25	1	0	0.7071067811865475	0.23975006109347674	d__Bacteria;p__Bacteroidota;c__Bacteroidia;o__Bacteroidales;f__Bacteroidaceae;g__Prevotella;s__Prevotella fusca	1236517.0
CasClinique1_ARN	GCF_004011755.1	25	1	0	0.7071067811865475	0.23975006109347674	d__Bacteria;p__Pseudomonadota;c__Gammaproteobacteria;o__Pseudomonadales;f__Pseudomonadaceae;g__Pseudomonas_E;s__Pseudomonas_E sp004011755	2005388.0
CasClinique1_ARN	GCF_007858255.1	25	1	0	0.7071067811865475	0.23975006109347674	d__Bacteria;p__Pseudomonadota;c__Gammaproteobacteria;o__Pseudomonadales;f__Pseudomonadaceae;g__Pseudomonas_E;s__Pseudomonas_E rhodesiae	76760.0
CasClinique6_ARN	GCF_002356095.1	25	1	0	0.7071067811865475	0.23975006109347674	d__Bacteria;p__Pseudomonadota;c__Gammaproteobacteria;o__Pseudomonadales;f__Pseudomonadaceae;g__Pseudomonas_E;s__Pseudomonas_E putida_H	303.0
CasClinique7_ADN	GCF_000023145.1	25	1	0	0.7071067811865475	0.23975006109347674	d__Bacteria;p__Actinomycetota;c__Actinomycetes;o__Mycobacteriales;f__Mycobacteriaceae;g__Corynebacterium;s__Corynebacterium kroppenstedtii	161879.0
CasClinique6_ARN	GCF_001571285.1	25	1	0	0.7071067811865475	0.23975006109347674	d__Bacteria;p__Pseudomonadota;c__Gammaproteobacteria;o__Enterobacterales;f__Enterobacteriaceae;g__Kluyvera;s__Kluyvera cryocrescens	580.0
CasClinique7_ADN	GCF_000314675.2	25	1	0	0.7071067811865475	0.23975006109347674	d__Bacteria;p__Pseudomonadota;c__Alphaproteobacteria;o__Rhizobiales;f__Xanthobacteraceae;g__Afipia;s__Afipia broomeae	1871052.0
CasClinique7_ADN	GCF_000455445.1	25	1	0	0.7071067811865475	0.23975006109347674	d__Bacteria;p__Bacteroidota;c__Bacteroidia;o__Bacteroidales;f__Bacteroidaceae;g__Prevotella;s__Prevotella timonensis	386414.0
CasClinique6_ARN	GCF_000469305.1	25	1	0	0.7071067811865475	0.23975006109347674	d__Bacteria;p__Bacillota_I;c__Bacilli_A;o__Erysipelotrichales;f__Erysipelotrichaceae;g__Faecalitalea;s__Faecalitalea cylindroides	39483.0
CasClinique6_ARN	GCF_000622225.1	25	1	0	0.7071067811865475	0.23975006109347674	d__Bacteria;p__Pseudomonadota;c__Alphaproteobacteria;o__Acetobacterales;f__Acetobacteraceae;g__Roseomonas;s__Roseomonas mucosa	1217720.0
CasClinique1_ARN	GCF_000968015.1	25	1	0	0.7071067811865475	0.23975006109347674	d__Bacteria;p__Pseudomonadota;c__Gammaproteobacteria;o__Pseudomonadales;f__Pseudomonadaceae;g__Pseudomonas_E;s__Pseudomonas_E fluorescens_W	294.0
CasClinique7_ADN	GCF_000740775.1	25	1	0	0.7071067811865475	0.23975006109347674	d__Bacteria;p__Pseudomonadota;c__Alphaproteobacteria;o__Rhodobacterales;f__Rhodobacteraceae;g__Haematobacter;s__Haematobacter missouriensis	366616.0
CasClinique9_ADN	GCF_003697165.2	25	1	0	0.7071067811865475	0.23975006109347674	d__Bacteria;p__Pseudomonadota;c__Gammaproteobacteria;o__Enterobacterales;f__Enterobacteriaceae;g__Escherichia;s__Escherichia coli	562.0
CasClinique6_ARN	GCF_000159635.1	25	1	0	0.7071067811865475	0.23975006109347674	d__Bacteria;p__Actinomycetota;c__Actinomycetes;o__Mycobacteriales;f__Mycobacteriaceae;g__Corynebacterium;s__Corynebacterium lipophiloflavum	525263.0
CasClinique6_ARN	GCF_010858045.1	25	1	0	0.7071067811865475	0.23975006109347674	d__Bacteria;p__Actinomycetota;c__Actinomycetes;o__Mycobacteriales;f__Mycobacteriaceae;g__Nocardia;s__Nocardia cyriacigeorgica_E	135487.0
CasClinique7_ADN	GCF_000622225.1	25	1	0	0.7071067811865475	0.23975006109347674	d__Bacteria;p__Pseudomonadota;c__Alphaproteobacteria;o__Acetobacterales;f__Acetobacteraceae;g__Roseomonas;s__Roseomonas mucosa	1217720.0
CasClinique6_ARN	GCF_002874965.1	25	1	0	0.7071067811865475	0.23975006109347674	d__Bacteria;p__Pseudomonadota;c__Gammaproteobacteria;o__Pseudomonadales;f__Pseudomonadaceae;g__Pseudomonas_E;s__Pseudomonas_E sp002874965	2070566.0
CasClinique6_ARN	GCF_016908115.1	25	1	0	0.7071067811865475	0.23975006109347674	d__Bacteria;p__Bacillota_A;c__Clostridia;o__Tissierellales;f__Peptoniphilaceae;g__Peptoniphilus_A;s__Peptoniphilus_A gorbachii	254354.0
CasClinique6_ARN	GCF_002101705.1	25	1	0	0.7071067811865475	0.23975006109347674	d__Bacteria;p__Actinomycetota;c__Actinomycetes;o__Mycobacteriales;f__Mycobacteriaceae;g__Mycobacterium;s__Mycobacterium iranicum	1370125.0
CasClinique7_ADN	GCF_003049085.1	25	1	0	0.7071067811865475	0.23975006109347674	d__Bacteria;p__Campylobacterota;c__Campylobacteria;o__Campylobacterales;f__Campylobacteraceae;g__Campylobacter_A;s__Campylobacter_A concisus_H	199.0
CasClinique6_ARN	GCF_001642795.1	25	1	0	0.7071067811865475	0.23975006109347674	d__Bacteria;p__Pseudomonadota;c__Gammaproteobacteria;o__Pseudomonadales;f__Pseudomonadaceae;g__Pseudomonas_E;s__Pseudomonas_E viridiflava	33069.0
CasClinique7_ADN	GCF_000175635.1	25	1	0	0.7071067811865475	0.23975006109347674	d__Bacteria;p__Actinomycetota;c__Actinomycetes;o__Mycobacteriales;f__Mycobacteriaceae;g__Corynebacterium;s__Corynebacterium tuberculostearicum_C	38304.0
CasClinique7_ADN	GCF_001553955.1	25	1	0	0.7071067811865475	0.23975006109347674	d__Bacteria;p__Pseudomonadota;c__Gammaproteobacteria;o__Pseudomonadales;f__Moraxellaceae;g__Moraxella_A;s__Moraxella_A osloensis	34062.0
CasClinique7_ADN	GCF_006757745.1	25	1	0	0.7071067811865475	0.23975006109347674	d__Bacteria;p__Pseudomonadota;c__Gammaproteobacteria;o__Pseudomonadales;f__Moraxellaceae;g__Acinetobacter;s__Acinetobacter radioresistens	40216.0
CasClinique6_ARN	GCF_000687165.1	25	1	0	0.7071067811865475	0.23975006109347674	d__Bacteria;p__Pseudomonadota;c__Gammaproteobacteria;o__Burkholderiales;f__Burkholderiaceae;g__Paracidovorax;s__Paracidovorax oryzae	158751.0
CasClinique9_ADN	GCF_000046705.1	25	1	0	0.7071067811865475	0.23975006109347674	d__Bacteria;p__Pseudomonadota;c__Alphaproteobacteria;o__Rhizobiales;f__Rhizobiaceae;g__Bartonella;s__Bartonella henselae	38323.0
CasClinique6_ARN	GCF_011064845.1	25	1	0	0.7071067811865475	0.23975006109347674	d__Bacteria;p__Pseudomonadota;c__Gammaproteobacteria;o__Enterobacterales;f__Enterobacteriaceae;g__Citrobacter;s__Citrobacter freundii	546.0
CasClinique7_ADN	GCF_001482365.1	25	1	0	0.7071067811865475	0.23975006109347674	d__Bacteria;p__Actinomycetota;c__Actinomycetes;o__Actinomycetales;f__Micrococcaceae;g__Kocuria;s__Kocuria flava	446860.0
CasClinique6_ARN	GCF_001702265.1	25	1	0	0.7071067811865475	0.23975006109347674	d__Bacteria;p__Pseudomonadota;c__Gammaproteobacteria;o__Pseudomonadales;f__Pseudomonadaceae;g__Pseudomonas_E;s__Pseudomonas_E aylmerensis	2796387.0
CasClinique6_ARN	GCF_000411375.1	25	1	0	0.7071067811865475	0.23975006109347674	d__Bacteria;p__Actinomycetota;c__Actinomycetes;o__Mycobacteriales;f__Mycobacteriaceae;g__Corynebacterium;s__Corynebacterium pyruviciproducens	598660.0
CasClinique7_ADN	GCF_019754945.1	25	1	0	0.7071067811865475	0.23975006109347674	d__Bacteria;p__Actinomycetota;c__Actinomycetes;o__Mycobacteriales;f__Mycobacteriaceae;g__Corynebacterium;s__Corynebacterium pseudokroppenstedtii	2804917.0
CasClinique7_ADN	GCF_002902325.1	25	1	0	0.7071067811865475	0.23975006109347674	d__Bacteria;p__Bacillota;c__Bacilli;o__Staphylococcales;f__Staphylococcaceae;g__Staphylococcus;s__Staphylococcus capitis	29388.0
CasClinique7_ADN	GCF_001586215.1	25	1	0	0.7071067811865475	0.23975006109347674	d__Bacteria;p__Actinomycetota;c__Actinomycetes;o__Mycobacteriales;f__Mycobacteriaceae;g__Corynebacterium;s__Corynebacterium simulans	146827.0
CasClinique7_ADN	GCF_008326345.1	25	1	0	0.7071067811865475	0.23975006109347674	d__Bacteria;p__Actinomycetota;c__Actinomycetes;o__Propionibacteriales;f__Propionibacteriaceae;g__Cutibacterium;s__Cutibacterium modestum	1182755.0
CasClinique6_ARN	GCF_027921985.1	25	1	0	0.7071067811865475	0.23975006109347674	d__Bacteria;p__Actinomycetota;c__Actinomycetes;o__Actinomycetales;f__Dermabacteraceae;g__Brachybacterium;s__Brachybacterium conglomeratum	173362.0
CasClinique9_ADN	GCF_010868145.1	25	1	0	0.7071067811865475	0.23975006109347674	d__Bacteria;p__Actinomycetota;c__Actinomycetes;o__Mycobacteriales;f__Mycobacteriaceae;g__Nocardia;s__Nocardia cyriacigeorgica_D	135487.0
CasClinique9_ADN	GCF_000469305.1	25	1	0	0.7071067811865475	0.23975006109347674	d__Bacteria;p__Bacillota_I;c__Bacilli_A;o__Erysipelotrichales;f__Erysipelotrichaceae;g__Faecalitalea;s__Faecalitalea cylindroides	39483.0
CasClinique6_ARN	GCF_030444555.1	25	1	0	0.7071067811865475	0.23975006109347674	d__Bacteria;p__Pseudomonadota;c__Gammaproteobacteria;o__Enterobacterales;f__Enterobacteriaceae;g__Enterobacter;s__Enterobacter asburiae_F	61645.0
CasClinique6_ARN	GCF_903815225.1	25	1	0	0.7071067811865475	0.23975006109347674	d__Bacteria;p__Pseudomonadota;c__Gammaproteobacteria;o__Burkholderiales;f__Burkholderiaceae;g__Comamonas;s__Comamonas tsuruhatensis_A	180282.0
CasClinique9_ADN	GCF_003515945.1	25	1	0	0.7071067811865475	0.23975006109347674	d__Bacteria;p__Actinomycetota;c__Actinomycetes;o__Actinomycetales;f__Dermatophilaceae;g__Dermacoccus;s__Dermacoccus abyssi	2762331.0
CasClinique6_ARN	GCF_008693065.1	25	1	0	0.7071067811865475	0.23975006109347674	d__Bacteria;p__Actinomycetota;c__Actinomycetes;o__Mycobacteriales;f__Mycobacteriaceae;g__Corynebacterium;s__Corynebacterium tuscaniense	302449.0
CasClinique7_ADN	GCA_000834635.1	25	1	0	0.7071067811865475	0.23975006109347674	d__Bacteria;p__Pseudomonadota;c__Alphaproteobacteria;o__Rhizobiales;f__Rhizobiaceae;g__Agrobacterium;s__Agrobacterium tumefaciens_C	2775307.0
CasClinique8_ARN	GCF_000194985.1	25	1	0	0.7071067811865475	0.23975006109347674	d__Bacteria;p__Bacillota_C;c__Negativicutes;o__Veillonellales;f__Dialisteraceae;g__Dialister;s__Dialister micraerophilus	309120.0
CasClinique7_ADN	GCF_000379925.1	25	1	0	0.7071067811865475	0.23975006109347674	d__Bacteria;p__Bacteroidota;c__Bacteroidia;o__Bacteroidales;f__Porphyromonadaceae;g__Porphyromonas_A;s__Porphyromonas_A levii	28114.0
CasClinique8_ARN	GCF_000375645.1	25	1	0	0.7071067811865475	0.23975006109347674	d__Bacteria;p__Bacteroidota;c__Bacteroidia;o__Bacteroidales;f__Porphyromonadaceae;g__Porphyromonas_A;s__Porphyromonas_A bennonis	501496.0
CasClinique6_ARN	GCF_900102105.1	25	1	0	0.7071067811865475	0.23975006109347674	d__Bacteria;p__Pseudomonadota;c__Alphaproteobacteria;o__Rhizobiales;f__Rhizobiaceae;g__Agrobacterium;s__Agrobacterium pusense	1510041.0
CasClinique8_ARN	GCA_003955985.1	25	1	0	0.7071067811865475	0.23975006109347674	d__Bacteria;p__Actinomycetota;c__Actinomycetes;o__Mycobacteriales;f__Mycobacteriaceae;g__Corynebacterium;s__Corynebacterium jeikeium_D	43765.0
CasClinique6_ARN	GCF_001571065.1	25	1	0	0.7071067811865475	0.23975006109347674	d__Bacteria;p__Actinomycetota;c__Actinomycetes;o__Mycobacteriales;f__Mycobacteriaceae;g__Dietzia;s__Dietzia cinnamea	321318.0
CasClinique2_ADN	GCF_014205115.1	25	1	0	0.7071067811865475	0.23975006109347674	d__Bacteria;p__Actinomycetota;c__Actinomycetes;o__Actinomycetales;f__Micrococcaceae;g__Micrococcus;s__Micrococcus endophyticus	1270.0
CasClinique8_ARN	GCF_002902325.1	25	1	0	0.7071067811865475	0.23975006109347674	d__Bacteria;p__Bacillota;c__Bacilli;o__Staphylococcales;f__Staphylococcaceae;g__Staphylococcus;s__Staphylococcus capitis	29388.0
CasClinique6_ARN	GCA_000154345.1	25	1	0	0.7071067811865475	0.23975006109347674	d__Bacteria;p__Bacillota_A;c__Clostridia;o__Oscillospirales;f__Acutalibacteraceae;g__Clostridium_A;s__Clostridium_A leptum	1535.0
CasClinique7_ADN	GCF_000024105.1	25	1	0	0.7071067811865475	0.23975006109347674	d__Bacteria;p__Bacillota_A;c__Clostridia;o__Tissierellales;f__Peptoniphilaceae;g__Anaerococcus;s__Anaerococcus prevotii	525919.0
CasClinique6_ARN	GCF_000820085.1	25	1	0	0.7071067811865475	0.23975006109347674	d__Bacteria;p__Pseudomonadota;c__Gammaproteobacteria;o__Enterobacterales;f__Aeromonadaceae;g__Aeromonas;s__Aeromonas sanarellii	2778058.0
CasClinique8_ARN	GCF_023614525.1	25	1	0	0.7071067811865475	0.23975006109347674	d__Bacteria;p__Bacillota_A;c__Clostridia;o__Tissierellales;f__Peptoniphilaceae;g__Peptoniphilus_A;s__Peptoniphilus_A harei_A	3036303.0
CasClinique8_ARN	GCF_011058205.1	25	1	0	0.7071067811865475	0.23975006109347674	d__Bacteria;p__Pseudomonadota;c__Gammaproteobacteria;o__Pseudomonadales;f__Moraxellaceae;g__Acinetobacter;s__Acinetobacter fasciculus	575588.0
CasClinique6_ARN	GCF_007681555.1	25	1	0	0.7071067811865475	0.23975006109347674	d__Bacteria;p__Actinomycetota;c__Actinomycetes;o__Actinomycetales;f__Micrococcaceae;g__Kocuria;s__Kocuria salsicia	2419513.0
CasClinique6_ARN	GCA_003241595.1	25	1	0	0.7071067811865475	0.23975006109347674	d__Bacteria;p__Pseudomonadota;c__Alphaproteobacteria;o__UBA1280;f__UBA6156;g__UBA6156;s__UBA6156 sp003241595	294.0
CasClinique8_ARN	GCF_000023205.1	25	1	0	0.7071067811865475	0.23975006109347674	d__Bacteria;p__Actinomycetota;c__Actinomycetes;o__Actinomycetales;f__Micrococcaceae;g__Micrococcus;s__Micrococcus luteus	1270.0
CasClinique6_ARN	GCF_020524545.1	25	1	0	0.7071067811865475	0.23975006109347674	d__Bacteria;p__Actinomycetota;c__Actinomycetes;o__Actinomycetales;f__Microbacteriaceae;g__Microbacterium;s__Microbacterium paraoxydans_C	199592.0
CasClinique8_ARN	GCF_902497745.1	25	1	0	0.7071067811865475	0.23975006109347674	d__Bacteria;p__Pseudomonadota;c__Gammaproteobacteria;o__Pseudomonadales;f__Pseudomonadaceae;g__Pseudomonas_E;s__Pseudomonas_E fluorescens_BM	294.0
CasClinique6_ARN	GCF_001579805.1	25	1	0	0.7071067811865475	0.23975006109347674	d__Bacteria;p__Pseudomonadota;c__Gammaproteobacteria;o__Pseudomonadales;f__Pseudomonadaceae;g__Pseudomonas_E;s__Pseudomonas_E azotoformans_A	3003351.0
CasClinique2_ADN	GCF_001584615.1	25	1	0	0.7071067811865475	0.23975006109347674	d__Bacteria;p__Actinomycetota;c__Actinomycetes;o__Actinomycetales;f__Brevibacteriaceae;g__Brevibacterium;s__Brevibacterium ravenspurgense	479117.0
CasClinique8_ARN	GCF_027570065.1	25	1	0	0.7071067811865475	0.23975006109347674	d__Bacteria;p__Actinomycetota;c__Actinomycetes;o__Mycobacteriales;f__Mycobacteriaceae;g__Corynebacterium;s__Corynebacterium evansiae	2918189.0
CasClinique7_ADN	GCF_030408355.1	25	1	0	0.7071067811865475	0.23975006109347674	d__Bacteria;p__Actinomycetota;c__Actinomycetes;o__Mycobacteriales;f__Mycobacteriaceae;g__Corynebacterium;s__Corynebacterium afermentans	38288.0
CasClinique8_ARN	GCF_001598795.1	25	1	0	0.7071067811865475	0.23975006109347674	d__Bacteria;p__Pseudomonadota;c__Gammaproteobacteria;o__Burkholderiales;f__Burkholderiaceae;g__Comamonas;s__Comamonas acidovorans	80866.0
CasClinique7_ADN	GCF_002356095.1	25	1	0	0.7071067811865475	0.23975006109347674	d__Bacteria;p__Pseudomonadota;c__Gammaproteobacteria;o__Pseudomonadales;f__Pseudomonadaceae;g__Pseudomonas_E;s__Pseudomonas_E putida_H	303.0
CasClinique7_ADN	GCF_001070855.1	25	1	0	0.7071067811865475	0.23975006109347674	d__Bacteria;p__Actinomycetota;c__Actinomycetes;o__Actinomycetales;f__Actinomycetaceae;g__Pauljensenia;s__Pauljensenia pyogenes_A	1661.0
CasClinique8_ARN	GCF_018252635.1	25	1	0	0.7071067811865475	0.23975006109347674	d__Bacteria;p__Pseudomonadota;c__Gammaproteobacteria;o__Enterobacterales;f__Enterobacteriaceae;g__Citrobacter_A;s__Citrobacter_A amalonaticus_E	35703.0
CasClinique7_ADN	GCF_000368765.1	25	1	0	0.7071067811865475	0.23975006109347674	d__Bacteria;p__Pseudomonadota;c__Gammaproteobacteria;o__Pseudomonadales;f__Moraxellaceae;g__Acinetobacter;s__Acinetobacter junii	40215.0
CasClinique2_ADN	GCF_002902325.1	25	1	0	0.7071067811865475	0.23975006109347674	d__Bacteria;p__Bacillota;c__Bacilli;o__Staphylococcales;f__Staphylococcaceae;g__Staphylococcus;s__Staphylococcus capitis	29388.0
CasClinique8_ARN	GCF_000820085.1	25	1	0	0.7071067811865475	0.23975006109347674	d__Bacteria;p__Pseudomonadota;c__Gammaproteobacteria;o__Enterobacterales;f__Aeromonadaceae;g__Aeromonas;s__Aeromonas sanarellii	2778058.0
CasClinique6_ARN	GCF_000368045.1	25	1	0	0.7071067811865475	0.23975006109347674	d__Bacteria;p__Pseudomonadota;c__Gammaproteobacteria;o__Pseudomonadales;f__Moraxellaceae;g__Acinetobacter;s__Acinetobacter johnsonii	472.0
CasClinique7_ADN	GCF_016767715.1	25	1	0	0.7071067811865475	0.23975006109347674	d__Bacteria;p__Actinomycetota;c__Actinomycetes;o__Mycobacteriales;f__Mycobacteriaceae;g__Mycobacterium;s__Mycobacterium gwanakae	1774.0
CasClinique8_ARN	GCF_008693065.1	25	1	0	0.7071067811865475	0.23975006109347674	d__Bacteria;p__Actinomycetota;c__Actinomycetes;o__Mycobacteriales;f__Mycobacteriaceae;g__Corynebacterium;s__Corynebacterium tuscaniense	302449.0
CasClinique2_ADN	GCF_016599715.1	25	1	0	0.7071067811865475	0.23975006109347674	d__Bacteria;p__Pseudomonadota;c__Gammaproteobacteria;o__Pseudomonadales;f__Moraxellaceae;g__Acinetobacter;s__Acinetobacter sp002135245	2601140.0
CasClinique7_ADN	GCF_001698225.1	25	1	0	0.7071067811865475	0.23975006109347674	d__Bacteria;p__Actinomycetota;c__Actinomycetes;o__Mycobacteriales;f__Mycobacteriaceae;g__Gordonia;s__Gordonia terrae	2055.0
CasClinique8_ARN	GCF_029011175.1	25	1	0	0.7071067811865475	0.23975006109347674	d__Bacteria;p__Actinomycetota;c__Actinomycetes;o__Actinomycetales;f__Actinomycetaceae;g__Winkia;s__Winkia anitrata	3046315.0
CasClinique7_ADN	GCF_001570865.1	25	1	0	0.7071067811865475	0.23975006109347674	d__Bacteria;p__Actinomycetota;c__Actinomycetes;o__Actinomycetales;f__Micrococcaceae;g__Rothia;s__Rothia kristinae	37923.0
CasClinique8_ARN	GCF_000959445.1	25	1	0	0.7071067811865475	0.23975006109347674	d__Bacteria;p__Pseudomonadota;c__Gammaproteobacteria;o__Burkholderiales;f__Burkholderiaceae;g__Burkholderia;s__Burkholderia vietnamiensis	60552.0
CasClinique8_ARN	GCF_000372065.1	25	1	0	0.7071067811865475	0.23975006109347674	d__Bacteria;p__Pseudomonadota;c__Gammaproteobacteria;o__Burkholderiales;f__Burkholderiaceae;g__Oligella;s__Oligella urethralis	90245.0
CasClinique8_ARN	GCF_020042665.1	25	1	0	0.7071067811865475	0.23975006109347674	d__Bacteria;p__Pseudomonadota;c__Gammaproteobacteria;o__Xanthomonadales;f__Xanthomonadaceae;g__Pseudoxanthomonas_A;s__Pseudoxanthomonas_A spadix_A	2571115.0
CasClinique8_ARN	GCF_003243515.1	25	1	0	0.7071067811865475	0.23975006109347674	d__Bacteria;p__Actinomycetota;c__Actinomycetes;o__Mycobacteriales;f__Mycobacteriaceae;g__Corynebacterium;s__Corynebacterium kroppenstedtii_B	161879.0
CasClinique6_ARN	GCF_000820185.1	25	1	0	0.7071067811865475	0.23975006109347674	d__Bacteria;p__Pseudomonadota;c__Gammaproteobacteria;o__Enterobacterales;f__Aeromonadaceae;g__Aeromonas;s__Aeromonas tecta	324617.0
CasClinique8_ARN	GCF_000196015.1	25	1	0	0.7071067811865475	0.23975006109347674	d__Bacteria;p__Pseudomonadota;c__Gammaproteobacteria;o__Burkholderiales;f__Burkholderiaceae;g__Cupriavidus;s__Cupriavidus metallidurans	119219.0
CasClinique8_ARN	GCF_002885955.2	25	1	0	0.7071067811865475	0.23975006109347674	d__Bacteria;p__Pseudomonadota;c__Gammaproteobacteria;o__Burkholderiales;f__Burkholderiaceae;g__Achromobacter;s__Achromobacter pulmonis_A	1416886.0
CasClinique6_ARN	GCF_000023205.1	25	1	0	0.7071067811865475	0.23975006109347674	d__Bacteria;p__Actinomycetota;c__Actinomycetes;o__Actinomycetales;f__Micrococcaceae;g__Micrococcus;s__Micrococcus luteus	1270.0
CasClinique7_ADN	GCA_016025055.1	25	1	0	0.7071067811865475	0.23975006109347674	d__Bacteria;p__Bacteroidota;c__Bacteroidia;o__Flavobacteriales;f__Weeksellaceae;g__Chryseobacterium;s__Chryseobacterium indologenes	253.0
CasClinique8_ARN	GCF_028609805.1	25	1	0	0.7071067811865475	0.23975006109347674	d__Bacteria;p__Actinomycetota;c__Actinomycetes;o__Mycobacteriales;f__Mycobacteriaceae;g__Corynebacterium;s__Corynebacterium massiliense	1121364.0
CasClinique2_ADN	GCF_001579525.1	25	1	0	0.7071067811865475	0.23975006109347674	d__Bacteria;p__Bacillota;c__Bacilli;o__Lactobacillales;f__Streptococcaceae;g__Streptococcus;s__Streptococcus oralis_M	1303.0
CasClinique7_ADN	GCF_000174755.1	25	1	0	0.7071067811865475	0.23975006109347674	d__Bacteria;p__Bacteroidota;c__Bacteroidia;o__Flavobacteriales;f__Flavobacteriaceae;g__Capnocytophaga;s__Capnocytophaga gingivalis	1017.0
CasClinique7_ADN	GCF_000159135.1	25	1	0	0.7071067811865475	0.23975006109347674	d__Bacteria;p__Actinomycetota;c__Actinomycetes;o__Mycobacteriales;f__Mycobacteriaceae;g__Corynebacterium;s__Corynebacterium striatum	43770.0
CasClinique8_ARN	GCF_000146345.1	25	1	0	0.7071067811865475	0.23975006109347674	d__Bacteria;p__Bacillota_A;c__Clostridia;o__Tissierellales;f__Peptoniphilaceae;g__Peptoniphilus_B;s__Peptoniphilus_B duerdenii	862517.0
CasClinique6_ARN	GCF_025559845.1	25	1	0	0.7071067811865475	0.23975006109347674	d__Bacteria;p__Pseudomonadota;c__Alphaproteobacteria;o__Rhizobiales;f__Rhizobiaceae;g__Agrobacterium;s__Agrobacterium sp005938205	358.0
CasClinique7_ADN	GCF_000092985.1	25	1	0	0.7071067811865475	0.23975006109347674	d__Bacteria;p__Actinomycetota;c__Actinomycetes;o__Streptosporangiales;f__Streptosporangiaceae;g__Nocardiopsis;s__Nocardiopsis dassonvillei	2249354.0
CasClinique7_ADN	GCF_900637305.1	25	1	0	0.7071067811865475	0.23975006109347674	d__Bacteria;p__Pseudomonadota;c__Gammaproteobacteria;o__Cardiobacteriales;f__Cardiobacteriaceae;g__Cardiobacterium;s__Cardiobacterium hominis	2718.0
CasClinique8_ARN	GCF_001553935.1	25	1	0	0.7071067811865475	0.23975006109347674	d__Bacteria;p__Actinomycetota;c__Actinomycetes;o__Actinomycetales;f__Actinomycetaceae;g__Actinomyces;s__Actinomyces oris_A	544580.0
CasClinique6_ARN	GCF_024652905.1	25	1	0	0.7071067811865475	0.23975006109347674	d__Bacteria;p__Pseudomonadota;c__Gammaproteobacteria;o__Pseudomonadales;f__Pseudomonadaceae;g__Pseudomonas_B;s__Pseudomonas_B oryzihabitans_B	237610.0
CasClinique8_ARN	GCF_000469305.1	25	1	0	0.7071067811865475	0.23975006109347674	d__Bacteria;p__Bacillota_I;c__Bacilli_A;o__Erysipelotrichales;f__Erysipelotrichaceae;g__Faecalitalea;s__Faecalitalea cylindroides	39483.0
CasClinique6_ARN	GCA_947462065.1	25	1	0	0.7071067811865475	0.23975006109347674	d__Bacteria;p__Pseudomonadota;c__Gammaproteobacteria;o__Burkholderiales;f__Burkholderiaceae;g__PBB1;s__PBB1 sp947462065	1891238.0
CasClinique8_ARN	GCF_014635545.1	25	1	0	0.7071067811865475	0.23975006109347674	d__Bacteria;p__Pseudomonadota;c__Gammaproteobacteria;o__Pseudomonadales;f__Moraxellaceae;g__Acinetobacter;s__Acinetobacter courvalinii	472.0
CasClinique6_ARN	GCF_000069185.1	25	1	0	0.7071067811865475	0.23975006109347674	d__Bacteria;p__Actinomycetota;c__Actinomycetes;o__Mycobacteriales;f__Mycobacteriaceae;g__Mycobacterium;s__Mycobacterium abscessus	1962118.0
CasClinique2_ADN	GCF_000369065.1	25	1	0	0.7071067811865475	0.23975006109347674	d__Bacteria;p__Pseudomonadota;c__Gammaproteobacteria;o__Pseudomonadales;f__Moraxellaceae;g__Acinetobacter;s__Acinetobacter haemolyticus	29430.0
CasClinique8_ARN	GCF_000024785.1	25	1	0	0.7071067811865475	0.23975006109347674	d__Bacteria;p__Actinomycetota;c__Actinomycetes;o__Mycobacteriales;f__Mycobacteriaceae;g__Gordonia;s__Gordonia bronchialis	2054.0
CasClinique6_ARN	GCF_001571325.1	25	1	0	0.7071067811865475	0.23975006109347674	d__Bacteria;p__Pseudomonadota;c__Gammaproteobacteria;o__Burkholderiales;f__Burkholderiaceae;g__Comamonas;s__Comamonas tsuruhatensis	114710.0
CasClinique8_ARN	GCF_005876855.1	25	1	0	0.7071067811865475	0.23975006109347674	d__Bacteria;p__Pseudomonadota;c__Gammaproteobacteria;o__Pseudomonadales;f__Pseudomonadaceae;g__Stutzerimonas;s__Stutzerimonas nosocomialis	2717292.0
CasClinique8_ARN	GCF_000315425.1	25	1	0	0.7071067811865475	0.23975006109347674	d__Bacteria;p__Pseudomonadota;c__Gammaproteobacteria;o__Burkholderiales;f__Burkholderiaceae;g__Telluria;s__Telluria timonae	47229.0
CasClinique8_ARN	GCF_006742205.1	25	1	0	0.7071067811865475	0.23975006109347674	d__Bacteria;p__Bacillota;c__Bacilli;o__Staphylococcales;f__Staphylococcaceae;g__Staphylococcus;s__Staphylococcus epidermidis	1282.0
CasClinique8_ARN	GCF_000213975.1	25	1	0	0.7071067811865475	0.23975006109347674	d__Bacteria;p__Bacillota_C;c__Negativicutes;o__Selenomonadales;f__Selenomonadaceae;g__Centipeda;s__Centipeda periodontii	82203.0
CasClinique7_ADN	GCF_000740795.1	25	1	0	0.7071067811865475	0.23975006109347674	d__Bacteria;p__Pseudomonadota;c__Alphaproteobacteria;o__Rhodobacterales;f__Rhodobacteraceae;g__Haematobacter;s__Haematobacter massiliensis	195105.0
CasClinique8_ARN	GCF_000430525.1	25	1	0	0.7071067811865475	0.23975006109347674	d__Bacteria;p__Bacteroidota;c__Bacteroidia;o__Bacteroidales;f__Bacteroidaceae;g__Prevotella;s__Prevotella corporis	159272.0
CasClinique8_ARN	GCF_014205115.1	25	1	0	0.7071067811865475	0.23975006109347674	d__Bacteria;p__Actinomycetota;c__Actinomycetes;o__Actinomycetales;f__Micrococcaceae;g__Micrococcus;s__Micrococcus endophyticus	1270.0
CasClinique6_ARN	GCA_002333345.1	25	1	0	0.7071067811865475	0.23975006109347674	d__Bacteria;p__Pseudomonadota;c__Gammaproteobacteria;o__Xanthomonadales;f__Xanthomonadaceae;g__Stenotrophomonas;s__Stenotrophomonas maltophilia_AY	40324.0
CasClinique6_ARN	GCF_008326345.1	25	1	0	0.7071067811865475	0.23975006109347674	d__Bacteria;p__Actinomycetota;c__Actinomycetes;o__Propionibacteriales;f__Propionibacteriaceae;g__Cutibacterium;s__Cutibacterium modestum	1182755.0
CasClinique6_ARN	GCF_006539885.1	25	1	0	0.7071067811865475	0.23975006109347674	d__Bacteria;p__Actinomycetota;c__Actinomycetes;o__Actinomycetales;f__Micrococcaceae;g__Kocuria;s__Kocuria varians	1272.0
CasClinique7_ADN	GCF_900445265.1	25	1	0	0.7071067811865475	0.23975006109347674	d__Bacteria;p__Bacillota_A;c__Clostridia;o__Tissierellales;f__Peptoniphilaceae;g__Anaerococcus;s__Anaerococcus octavius	54007.0
CasClinique8_ARN	GCF_001632285.1	25	1	0	0.7071067811865475	0.23975006109347674	d__Bacteria;p__Pseudomonadota;c__Gammaproteobacteria;o__Pseudomonadales;f__Moraxellaceae;g__Moraxella;s__Moraxella catarrhalis	480.0
CasClinique8_ARN	GCF_012396315.1	25	1	0	0.7071067811865475	0.23975006109347674	d__Bacteria;p__Actinomycetota;c__Actinomycetes;o__Mycobacteriales;f__Mycobacteriaceae;g__Corynebacterium;s__Corynebacterium mucifaciens	159447.0
CasClinique8_ARN	GCF_014705945.2	25	1	0	0.7071067811865475	0.23975006109347674	d__Bacteria;p__Actinomycetota;c__Actinomycetes;o__Actinomycetales;f__Micrococcaceae;g__Rothia;s__Rothia amarae	169480.0
CasClinique8_ARN	GCF_002154655.1	25	1	0	0.7071067811865475	0.23975006109347674	d__Bacteria;p__Actinomycetota;c__Actinomycetes;o__Mycobacteriales;f__Mycobacteriaceae;g__Corynebacterium;s__Corynebacterium kefirresidentii	1203558.0
CasClinique6_ARN	GCF_900105895.1	25	1	0	0.7071067811865475	0.23975006109347674	d__Bacteria;p__Actinomycetota;c__Coriobacteriia;o__Coriobacteriales;f__Atopobiaceae;g__Atopobium;s__Atopobium minutum	1381.0
CasClinique8_ARN	GCF_000620465.1	25	1	0	0.7071067811865475	0.23975006109347674	d__Bacteria;p__Pseudomonadota;c__Gammaproteobacteria;o__Burkholderiales;f__Burkholderiaceae;g__Ralstonia;s__Ralstonia sp000620465	329.0
CasClinique7_ADN	GCA_945874805.1	25	1	0	0.7071067811865475	0.23975006109347674	d__Bacteria;p__Pseudomonadota;c__Alphaproteobacteria;o__Acetobacterales;f__Acetobacteraceae;g__CAIRTN01;s__CAIRTN01 sp945874805	91915.0
CasClinique6_ARN	GCF_000735435.1	25	1	0	0.7071067811865475	0.23975006109347674	d__Bacteria;p__Pseudomonadota;c__Gammaproteobacteria;o__Enterobacterales;f__Enterobacteriaceae;g__Klebsiella;s__Klebsiella planticola	575.0
CasClinique8_ARN	GCF_029433855.1	25	1	0	0.7071067811865475	0.23975006109347674	d__Bacteria;p__Pseudomonadota;c__Gammaproteobacteria;o__Enterobacterales;f__Enterobacteriaceae;g__Kosakonia;s__Kosakonia cowanii_A	208223.0
CasClinique7_ADN	GCF_000194175.1	25	1	0	0.7071067811865475	0.23975006109347674	d__Bacteria;p__Pseudomonadota;c__Gammaproteobacteria;o__Enterobacterales;f__Enterobacteriaceae;g__Escherichia;s__Escherichia coli_F	562.0
CasClinique6_ARN	GCF_022654015.1	25	1	0	0.7071067811865475	0.23975006109347674	d__Bacteria;p__Pseudomonadota;c__Alphaproteobacteria;o__Caulobacterales;f__Caulobacteraceae;g__Brevundimonas;s__Brevundimonas diminuta_C	293.0
CasClinique8_ARN	GCF_003033925.1	25	1	0	0.7071067811865475	0.23975006109347674	d__Bacteria;p__Bacteroidota;c__Bacteroidia;o__Bacteroidales;f__Tannerellaceae;g__Tannerella;s__Tannerella serpentiformis	417614.0
CasClinique7_ADN	GCF_900113545.1	25	1	0	0.7071067811865475	0.23975006109347674	d__Bacteria;p__Pseudomonadota;c__Gammaproteobacteria;o__Burkholderiales;f__Neisseriaceae;g__Neisseria;s__Neisseria elongata	546263.0
CasClinique8_ARN	GCF_014191425.1	25	1	0	0.7071067811865475	0.23975006109347674	d__Bacteria;p__Actinomycetota;c__Actinomycetes;o__Actinomycetales;f__Dermabacteraceae;g__Helcobacillus;s__Helcobacillus massiliensis	521392.0
CasClinique7_ADN	GCF_001224225.1	25	1	0	0.7071067811865475	0.23975006109347674	d__Bacteria;p__Bacillota;c__Bacilli;o__Staphylococcales;f__Staphylococcaceae;g__Staphylococcus;s__Staphylococcus borealis	2742203.0
CasClinique8_ARN	GCF_030408415.1	25	1	0	0.7071067811865475	0.23975006109347674	d__Bacteria;p__Actinomycetota;c__Actinomycetes;o__Mycobacteriales;f__Mycobacteriaceae;g__Corynebacterium;s__Corynebacterium appendicis	1161099.0
CasClinique7_ADN	GCF_000375645.1	25	1	0	0.7071067811865475	0.23975006109347674	d__Bacteria;p__Bacteroidota;c__Bacteroidia;o__Bacteroidales;f__Porphyromonadaceae;g__Porphyromonas_A;s__Porphyromonas_A bennonis	501496.0
CasClinique7_ADN	GCF_022654015.1	25	1	0	0.7071067811865475	0.23975006109347674	d__Bacteria;p__Pseudomonadota;c__Alphaproteobacteria;o__Caulobacterales;f__Caulobacteraceae;g__Brevundimonas;s__Brevundimonas diminuta_C	293.0
CasClinique4_ADN	GCF_003943815.1	25	1	0	0.7071067811865475	0.23975006109347674	d__Bacteria;p__Bacillota;c__Bacilli;o__Lactobacillales;f__Streptococcaceae;g__Streptococcus;s__Streptococcus cristatus_F	45634.0
CasClinique6_ARN	GCF_000014425.1	25	1	0	0.7071067811865475	0.23975006109347674	d__Bacteria;p__Bacillota;c__Bacilli;o__Lactobacillales;f__Lactobacillaceae;g__Lactobacillus;s__Lactobacillus gasseri	1596.0
CasClinique7_ADN	GCF_021495345.1	25	1	0	0.7071067811865475	0.23975006109347674	d__Bacteria;p__Pseudomonadota;c__Gammaproteobacteria;o__Pseudomonadales;f__Pseudomonadaceae;g__Pseudomonas_E;s__Pseudomonas_E hydrolytica	300.0
CasClinique7_ADN	GCF_025145845.1	25	1	0	0.7071067811865475	0.23975006109347674	d__Bacteria;p__Bacteroidota;c__Bacteroidia;o__Bacteroidales;f__Rikenellaceae;g__Alistipes;s__Alistipes shahii	328814.0
CasClinique4_ADN	GCF_900461085.1	25	1	0	0.7071067811865475	0.23975006109347674	d__Bacteria;p__Bacillota_A;c__Clostridia;o__Clostridiales;f__Clostridiaceae;g__Clostridium;s__Clostridium baratii	1561.0
CasClinique7_ADN	GCF_030408415.1	25	1	0	0.7071067811865475	0.23975006109347674	d__Bacteria;p__Actinomycetota;c__Actinomycetes;o__Mycobacteriales;f__Mycobacteriaceae;g__Corynebacterium;s__Corynebacterium appendicis	1161099.0
CasClinique4_ADN	GCF_000820085.1	25	1	0	0.7071067811865475	0.23975006109347674	d__Bacteria;p__Pseudomonadota;c__Gammaproteobacteria;o__Enterobacterales;f__Aeromonadaceae;g__Aeromonas;s__Aeromonas sanarellii	2778058.0
CasClinique10_ADN	GCF_943913955.1	25	1	0	0.7071067811865475	0.23975006109347674	d__Bacteria;p__Actinomycetota;c__Actinomycetes;o__Mycobacteriales;f__Mycobacteriaceae;g__Mycobacterium;s__Mycobacterium bacteremicum_A	564198.0
CasClinique10_ADN	GCF_904846065.1	25	1	0	0.7071067811865475	0.23975006109347674	d__Bacteria;p__Pseudomonadota;c__Gammaproteobacteria;o__Pseudomonadales;f__Moraxellaceae;g__Psychrobacter;s__Psychrobacter immobilis_H	498.0
CasClinique10_ADN	GCF_000023925.1	25	1	0	0.7071067811865475	0.23975006109347674	d__Bacteria;p__Actinomycetota;c__Actinomycetes;o__Actinomycetales;f__Dermatophilaceae;g__Kytococcus;s__Kytococcus sedentarius	1276.0
CasClinique10_ADN	GCF_019754935.1	25	1	0	0.7071067811865475	0.23975006109347674	d__Bacteria;p__Actinomycetota;c__Actinomycetes;o__Mycobacteriales;f__Mycobacteriaceae;g__Corynebacterium;s__Corynebacterium parakroppenstedtii	2828363.0
CasClinique7_ADN	GCF_014705945.2	25	1	0	0.7071067811865475	0.23975006109347674	d__Bacteria;p__Actinomycetota;c__Actinomycetes;o__Actinomycetales;f__Micrococcaceae;g__Rothia;s__Rothia amarae	169480.0
CasClinique10_ADN	GCF_000740775.1	25	1	0	0.7071067811865475	0.23975006109347674	d__Bacteria;p__Pseudomonadota;c__Alphaproteobacteria;o__Rhodobacterales;f__Rhodobacteraceae;g__Haematobacter;s__Haematobacter missouriensis	366616.0
CasClinique7_ADN	GCA_958349165.1	25	1	0	0.7071067811865475	0.23975006109347674	d__Bacteria;p__Actinomycetota;c__Actinomycetes;o__Actinomycetales;f__Actinomycetaceae;g__Pauljensenia;s__Pauljensenia sp958349165	249061.0
CasClinique10_ADN	GCF_000622225.1	25	1	0	0.7071067811865475	0.23975006109347674	d__Bacteria;p__Pseudomonadota;c__Alphaproteobacteria;o__Acetobacterales;f__Acetobacteraceae;g__Roseomonas;s__Roseomonas mucosa	1217720.0
CasClinique2_ADN	GCF_902497875.1	25	1	0	0.7071067811865475	0.23975006109347674	d__Bacteria;p__Pseudomonadota;c__Gammaproteobacteria;o__Pseudomonadales;f__Pseudomonadaceae;g__Pseudomonas_E;s__Pseudomonas_E fluorescens_BR	294.0
CasClinique10_ADN	GCF_002902325.1	25	1	0	0.7071067811865475	0.23975006109347674	d__Bacteria;p__Bacillota;c__Bacilli;o__Staphylococcales;f__Staphylococcaceae;g__Staphylococcus;s__Staphylococcus capitis	29388.0
CasClinique10_ADN	GCF_003938605.1	25	1	0	0.7071067811865475	0.23975006109347674	d__Bacteria;p__Pseudomonadota;c__Alphaproteobacteria;o__Caulobacterales;f__Caulobacteraceae;g__Brevundimonas;s__Brevundimonas sp003938605	293.0
CasClinique2_ADN	GCF_030408555.1	25	1	0	0.7071067811865475	0.23975006109347674	d__Bacteria;p__Actinomycetota;c__Actinomycetes;o__Mycobacteriales;f__Mycobacteriaceae;g__Corynebacterium;s__Corynebacterium aurimucosum	1739285.0
CasClinique10_ADN	GCF_000759775.1	25	1	0	0.7071067811865475	0.23975006109347674	d__Bacteria;p__Pseudomonadota;c__Gammaproteobacteria;o__Enterobacterales;f__Enterobacteriaceae;g__Escherichia;s__Escherichia albertii	208962.0
CasClinique10_ADN	GCF_023715525.1	25	1	0	0.7071067811865475	0.23975006109347674	d__Bacteria;p__Actinomycetota;c__Actinomycetes;o__Actinomycetales;f__Micrococcaceae;g__Kocuria;s__Kocuria rosea_A	1871328.0
CasClinique10_ADN	GCF_001642025.1	25	1	0	0.7071067811865475	0.23975006109347674	d__Bacteria;p__Actinomycetota;c__Actinomycetes;o__Propionibacteriales;f__Propionibacteriaceae;g__Cutibacterium;s__Cutibacterium namnetense	1912223.0
CasClinique10_ADN	GCF_025559845.1	25	1	0	0.7071067811865475	0.23975006109347674	d__Bacteria;p__Pseudomonadota;c__Alphaproteobacteria;o__Rhizobiales;f__Rhizobiaceae;g__Agrobacterium;s__Agrobacterium sp005938205	358.0
CasClinique2_ADN	GCF_003043455.1	25	1	0	0.7071067811865475	0.23975006109347674	d__Bacteria;p__Bacillota;c__Bacilli;o__Staphylococcales;f__Staphylococcaceae;g__Staphylococcus;s__Staphylococcus simulans_A	1286.0
CasClinique10_ADN	GCF_001894765.1	25	1	0	0.7071067811865475	0.23975006109347674	d__Bacteria;p__Actinomycetota;c__Actinomycetes;o__Mycobacteriales;f__Mycobacteriaceae;g__Rhodococcus;s__Rhodococcus corynebacterioides	53972.0
CasClinique10_ADN	GCF_005843885.1	25	1	0	0.7071067811865475	0.23975006109347674	d__Bacteria;p__Pseudomonadota;c__Gammaproteobacteria;o__Enterobacterales;f__Enterobacteriaceae;g__Escherichia;s__Escherichia sp005843885	2044462.0
CasClinique7_ADN	GCF_014054985.1	25	1	0	0.7071067811865475	0.23975006109347674	d__Bacteria;p__Pseudomonadota;c__Gammaproteobacteria;o__Burkholderiales;f__Neisseriaceae;g__Kingella_B;s__Kingella_B oralis	505.0
CasClinique2_ADN	GCF_002902235.1	25	1	0	0.7071067811865475	0.23975006109347674	d__Bacteria;p__Bacillota;c__Bacilli;o__Staphylococcales;f__Staphylococcaceae;g__Staphylococcus;s__Staphylococcus ureilyticus	2804101.0
CasClinique10_ADN	GCF_000820085.1	25	1	0	0.7071067811865475	0.23975006109347674	d__Bacteria;p__Pseudomonadota;c__Gammaproteobacteria;o__Enterobacterales;f__Aeromonadaceae;g__Aeromonas;s__Aeromonas sanarellii	2778058.0
CasClinique10_ADN	GCF_000364445.2	25	1	0	0.7071067811865475	0.23975006109347674	d__Bacteria;p__Pseudomonadota;c__Alphaproteobacteria;o__Rhizobiales;f__Beijerinckiaceae;g__Methylobacterium;s__Methylobacterium mesophilicum_A	908290.0
CasClinique10_ADN	GCF_014145015.1	25	1	0	0.7071067811865475	0.23975006109347674	d__Bacteria;p__Actinomycetota;c__Actinomycetes;o__Mycobacteriales;f__Mycobacteriaceae;g__Dietzia;s__Dietzia cinnamea_A	328361.0
CasClinique10_ADN	GCF_029959395.1	25	1	0	0.7071067811865475	0.23975006109347674	d__Bacteria;p__Pseudomonadota;c__Gammaproteobacteria;o__Xanthomonadales;f__Xanthomonadaceae;g__Stenotrophomonas;s__Stenotrophomonas maltophilia_AD	2991426.0
CasClinique10_ADN	GCF_002900365.1	25	1	0	0.7071067811865475	0.23975006109347674	d__Bacteria;p__Pseudomonadota;c__Gammaproteobacteria;o__Enterobacterales;f__Enterobacteriaceae;g__Escherichia;s__Escherichia marmotae	2093895.0
CasClinique10_ADN	GCF_000740795.1	25	1	0	0.7071067811865475	0.23975006109347674	d__Bacteria;p__Pseudomonadota;c__Alphaproteobacteria;o__Rhodobacterales;f__Rhodobacteraceae;g__Haematobacter;s__Haematobacter massiliensis	195105.0
CasClinique10_ADN	GCF_003241315.1	25	1	0	0.7071067811865475	0.23975006109347674	d__Bacteria;p__Actinomycetota;c__Actinomycetes;o__Mycobacteriales;f__Mycobacteriaceae;g__Lawsonella;s__Lawsonella clevelandensis_A	2041415.0
CasClinique10_ADN	GCF_029433855.1	25	1	0	0.7071067811865475	0.23975006109347674	d__Bacteria;p__Pseudomonadota;c__Gammaproteobacteria;o__Enterobacterales;f__Enterobacteriaceae;g__Kosakonia;s__Kosakonia cowanii_A	208223.0
CasClinique7_ADN	GCF_027658845.1	25	1	0	0.7071067811865475	0.23975006109347674	d__Bacteria;p__Actinomycetota;c__Actinomycetes;o__Actinomycetales;f__Micrococcaceae;g__Kocuria;s__Kocuria marina_A	223184.0
CasClinique7_ADN	GCF_000368025.1	25	1	0	0.7071067811865475	0.23975006109347674	d__Bacteria;p__Pseudomonadota;c__Gammaproteobacteria;o__Pseudomonadales;f__Moraxellaceae;g__Acinetobacter;s__Acinetobacter parvus	1144668.0
CasClinique7_ADN	GCA_943331345.2	25	1	0	0.7071067811865475	0.23975006109347674	d__Bacteria;p__Pseudomonadota;c__Gammaproteobacteria;o__Steroidobacterales;f__Steroidobacteraceae;g__CAIOHZ01;s__CAIOHZ01 sp943331345	1884913.0
CasClinique7_ADN	GCF_005843885.1	25	1	0	0.7071067811865475	0.23975006109347674	d__Bacteria;p__Pseudomonadota;c__Gammaproteobacteria;o__Enterobacterales;f__Enterobacteriaceae;g__Escherichia;s__Escherichia sp005843885	2044462.0
CasClinique7_ADN	GCF_000017405.1	25	1	0	0.7071067811865475	0.23975006109347674	d__Bacteria;p__Pseudomonadota;c__Alphaproteobacteria;o__Rhizobiales;f__Rhizobiaceae;g__Ochrobactrum;s__Ochrobactrum anthropi	2587040.0
CasClinique10_ADN	GCF_019834675.1	25	1	0	0.7071067811865475	0.23975006109347674	d__Bacteria;p__Actinomycetota;c__Actinomycetes;o__Mycobacteriales;f__Mycobacteriaceae;g__Rhodococcus;s__Rhodococcus corynebacterioides_A	53972.0
CasClinique10_ADN	GCF_001544275.1	25	1	0	0.7071067811865475	0.23975006109347674	d__Bacteria;p__Bacillota;c__Bacilli;o__Lactobacillales;f__Enterococcaceae;g__Enterococcus_D;s__Enterococcus_D gallinarum	1353.0
CasClinique2_ADN	GCF_003942765.1	25	1	0	0.7071067811865475	0.23975006109347674	d__Bacteria;p__Bacillota;c__Bacilli;o__Lactobacillales;f__Streptococcaceae;g__Streptococcus;s__Streptococcus mitis_BE	28037.0
CasClinique10_ADN	GCF_001598915.1	25	1	0	0.7071067811865475	0.23975006109347674	d__Bacteria;p__Actinomycetota;c__Actinomycetes;o__Mycobacteriales;f__Mycobacteriaceae;g__Williamsia;s__Williamsia muralis	322609.0
CasClinique7_ADN	GCF_000565015.1	25	1	0	0.7071067811865475	0.23975006109347674	d__Bacteria;p__Bacteroidota;c__Bacteroidia;o__Bacteroidales;f__Porphyromonadaceae;g__Porphyromonas;s__Porphyromonas catoniae	887901.0
CasClinique10_ADN	GCF_002901845.1	25	1	0	0.7071067811865475	0.23975006109347674	d__Bacteria;p__Bacillota;c__Bacilli;o__Staphylococcales;f__Staphylococcaceae;g__Staphylococcus;s__Staphylococcus hominis	1290.0
CasClinique10_ADN	GCF_000196015.1	25	1	0	0.7071067811865475	0.23975006109347674	d__Bacteria;p__Pseudomonadota;c__Gammaproteobacteria;o__Burkholderiales;f__Burkholderiaceae;g__Cupriavidus;s__Cupriavidus metallidurans	119219.0
