sample	reference	mapq_min	read_count	neg_read_count	z_score	p_value	gtdb_taxonomy	ncbi_taxid
MG-Run35-Ech-1	GCF_000375525.1	25	3696	0	5226.226219749772	0.0	d__Bacteria;p__Actinomycetota;c__Actinomycetes;o__Mycobacteriales;f__Mycobacteriaceae;g__Corynebacterium;s__Corynebacterium propinquum	43769.0
MG-Run35-Ech-1	GCF_003942765.1	25	3177	0	4492.249380878136	0.0	d__Bacteria;p__Bacillota;c__Bacilli;o__Lactobacillales;f__Streptococcaceae;g__Streptococcus;s__Streptococcus mitis_BE	28037.0
MG-Run35-Ech-1	GCF_000469305.1	25	2126	0	3005.910926824013	0.0	d__Bacteria;p__Bacillota_I;c__Bacilli_A;o__Erysipelotrichales;f__Erysipelotrichaceae;g__Faecalitalea;s__Faecalitalea cylindroides	39483.0
MG-Run35-Ech-1	GCF_000368145.1	25	1368	954	13.38404991165664	0.0	d__Bacteria;p__Pseudomonadota;c__Gammaproteobacteria;o__Pseudomonadales;f__Moraxellaceae;g__Acinetobacter;s__Acinetobacter guillouiae	2929509.0
MG-Run35-Ech-1	GCF_002238115.1	25	775	0	1095.308404057962	0.0	d__Bacteria;p__Bacillota;c__Bacilli;o__Lactobacillales;f__Streptococcaceae;g__Streptococcus;s__Streptococcus sp002238115	257758.0
MG-Run35-Ech-1	GCF_000820085.1	25	697	0	984.9997461928606	0.0	d__Bacteria;p__Pseudomonadota;c__Gammaproteobacteria;o__Enterobacterales;f__Aeromonadaceae;g__Aeromonas;s__Aeromonas sanarellii	2778058.0
MG-Run35-Ech-1	GCF_902825235.1	25	537	0	758.7255762131655	0.0	d__Bacteria;p__Pseudomonadota;c__Alphaproteobacteria;o__Rhizobiales;f__Rhizobiaceae;g__Bartonella;s__Bartonella vinsonii	33047.0
MG-Run35-Ech-1	GCF_003943815.1	25	381	0	538.1082604829626	0.0	d__Bacteria;p__Bacillota;c__Bacilli;o__Lactobacillales;f__Streptococcaceae;g__Streptococcus;s__Streptococcus cristatus_F	45634.0
MG-Run35-Ech-1	GCF_003943825.1	25	311	0	439.113311116846	0.0	d__Bacteria;p__Bacillota;c__Bacilli;o__Lactobacillales;f__Streptococcaceae;g__Streptococcus;s__Streptococcus oralis_CD	1303.0
MG-Run35-Ech-1	GCF_000236925.1	25	179	0	252.43712088359746	0.0	d__Bacteria;p__Bacillota;c__Bacilli;o__Staphylococcales;f__Staphylococcaceae;g__Staphylococcus;s__Staphylococcus argenteus	985002.0
MG-Run35-Ech-1	GCF_001656295.1	25	176	2	109.73103480784276	0.0	d__Bacteria;p__Pseudomonadota;c__Gammaproteobacteria;o__Pseudomonadales;f__Moraxellaceae;g__Moraxella;s__Moraxella catarrhalis_C	480.0
MG-Run35-Ech-1	GCF_000245815.1	25	150	0	211.42492757477768	0.0	d__Bacteria;p__Bacillota;c__Bacilli;o__Lactobacillales;f__Carnobacteriaceae;g__Dolosigranulum;s__Dolosigranulum pigrum	29394.0
MG-Run35-Ech-1	GCF_015477355.1	25	139	0	195.86857838867365	0.0	d__Bacteria;p__Actinomycetota;c__Actinomycetes;o__Mycobacteriales;f__Mycobacteriaceae;g__Nocardia;s__Nocardia blacklockiae	480036.0
MG-Run35-Ech-1	GCF_000875895.1	25	133	0	187.38329701443507	0.0	d__Bacteria;p__Bacillota;c__Bacilli;o__Staphylococcales;f__Staphylococcaceae;g__Staphylococcus;s__Staphylococcus gallinarum	1293.0
MG-Run35-Ech-1	GCF_025561445.1	25	87	0	122.32947314527271	0.0	d__Bacteria;p__Bacillota;c__Bacilli;o__Staphylococcales;f__Staphylococcaceae;g__Staphylococcus;s__Staphylococcus simulans_B	1286.0
MG-Run35-Ech-1	GCF_003515945.1	25	84	107	-2.266541264200937	0.9882908681711442	d__Bacteria;p__Actinomycetota;c__Actinomycetes;o__Actinomycetales;f__Dermatophilaceae;g__Dermacoccus;s__Dermacoccus abyssi	2762331.0
MG-Run35-Ech-1	GCF_001632285.1	25	78	1	62.46198844097105	0.0	d__Bacteria;p__Pseudomonadota;c__Gammaproteobacteria;o__Pseudomonadales;f__Moraxellaceae;g__Moraxella;s__Moraxella catarrhalis	480.0
MG-Run35-Ech-1	GCF_000688415.1	25	68	0	95.4594154601839	0.0	d__Bacteria;p__Actinomycetota;c__Actinomycetes;o__Mycobacteriales;f__Mycobacteriaceae;g__Corynebacterium;s__Corynebacterium pseudodiphtheriticum	37637.0
MG-Run35-Ech-1	GCF_014647715.1	25	64	17	11.115626066809861	0.0	d__Bacteria;p__Pseudomonadota;c__Gammaproteobacteria;o__Pseudomonadales;f__Moraxellaceae;g__Moraxella_A;s__Moraxella_A cinereus	1946462.0
MG-Run35-Ech-1	GCF_000832605.1	25	43	0	60.104076400856535	0.0	d__Bacteria;p__Bacillota;c__Bacilli;o__Bacillales;f__Bacillaceae_G;g__Bacillus_A;s__Bacillus_A mycoides	1405.0
MG-Run35-Ech-1	GCF_013387485.1	25	41	19	4.868791246821761	5.614147176036255e-7	d__Bacteria;p__Pseudomonadota;c__Gammaproteobacteria;o__Xanthomonadales;f__Xanthomonadaceae;g__Stenotrophomonas;s__Stenotrophomonas maltophilia_AA	2723077.0
MG-Run35-Ech-1	GCF_003697165.2	25	35	0	48.790367901871775	0.0	d__Bacteria;p__Pseudomonadota;c__Gammaproteobacteria;o__Enterobacterales;f__Enterobacteriaceae;g__Escherichia;s__Escherichia coli	562.0
MG-Run35-Ech-1	GCF_001027105.1	25	35	0	48.790367901871775	0.0	d__Bacteria;p__Bacillota;c__Bacilli;o__Staphylococcales;f__Staphylococcaceae;g__Staphylococcus;s__Staphylococcus aureus	1280.0
MG-Run35-Ech-1	GCF_900168205.1	25	32	64	-4.046723241370487	0.9999740302052733	d__Bacteria;p__Bacteroidota;c__Bacteroidia;o__Flavobacteriales;f__Weeksellaceae;g__Chryseobacterium;s__Chryseobacterium balustinum	246.0
MG-Run35-Ech-1	GCF_003991585.1	25	29	0	40.30508652763321	0.0	d__Bacteria;p__Pseudomonadota;c__Gammaproteobacteria;o__Burkholderiales;f__Burkholderiaceae;g__Saezia;s__Saezia sanguinis	1965230.0
MG-Run35-Ech-1	GCF_000368045.1	25	23	5	7.462025072446365	4.263256414560601e-14	d__Bacteria;p__Pseudomonadota;c__Gammaproteobacteria;o__Pseudomonadales;f__Moraxellaceae;g__Acinetobacter;s__Acinetobacter johnsonii	472.0
MG-Run35-Ech-1	GCF_029024965.1	25	21	0	28.991378028648448	0.0	d__Bacteria;p__Bacillota;c__Bacilli;o__Staphylococcales;f__Staphylococcaceae;g__Staphylococcus;s__Staphylococcus equorum	246432.0
MG-Run35-Ech-1	GCF_007990635.1	25	19	0	26.162950903902257	0.0	d__Bacteria;p__Fusobacteriota;c__Fusobacteriia;o__Fusobacteriales;f__Leptotrichiaceae;g__Leptotrichia;s__Leptotrichia hongkongensis	554406.0
MG-Run35-Ech-1	GCF_000158195.2	25	18	0	24.74873734152916	0.0	d__Bacteria;p__Fusobacteriota;c__Fusobacteriia;o__Fusobacteriales;f__Fusobacteriaceae;g__Fusobacterium_A;s__Fusobacterium_A mortiferum	850.0
MG-Run35-Ech-1	GCF_002014765.1	25	18	4	6.3639610306789285	9.830802838450836e-11	d__Bacteria;p__Pseudomonadota;c__Gammaproteobacteria;o__Pseudomonadales;f__Moraxellaceae;g__Moraxella_C;s__Moraxella_C lincolnii	90241.0
MG-Run35-Ech-1	GCA_022811845.1	25	16	0	21.920310216782973	0.0	d__Bacteria;p__Bacillota;c__Bacilli;o__Bacillales;f__Bacillaceae_G;g__Bacillus_A;s__Bacillus_A cereus_AV	1396.0
MG-Run35-Ech-1	GCF_010858045.1	25	14	0	19.09188309203678	0.0	d__Bacteria;p__Actinomycetota;c__Actinomycetes;o__Mycobacteriales;f__Mycobacteriaceae;g__Nocardia;s__Nocardia cyriacigeorgica_E	135487.0
MG-Run35-Ech-1	GCF_002912215.1	25	13	0	17.677669529663685	0.0	d__Bacteria;p__Bacillota;c__Bacilli;o__Bacillales;f__Bacillaceae_G;g__Bacillus_A;s__Bacillus_A bombysepticus	52024.0
MG-Run35-Ech-1	GCF_000296405.1	25	13	0	17.677669529663685	0.0	d__Bacteria;p__Actinomycetota;c__Actinomycetes;o__Mycobacteriales;f__Mycobacteriaceae;g__Corynebacterium;s__Corynebacterium otitidis	29321.0
MG-Run35-Ech-1	GCF_001543145.1	25	13	0	17.677669529663685	0.0	d__Bacteria;p__Bacillota;c__Bacilli;o__Lactobacillales;f__Aerococcaceae;g__Aerococcus;s__Aerococcus sanguinicola	119206.0
MG-Run35-Ech-1	GCF_010868145.1	25	13	0	17.677669529663685	0.0	d__Bacteria;p__Actinomycetota;c__Actinomycetes;o__Mycobacteriales;f__Mycobacteriaceae;g__Nocardia;s__Nocardia cyriacigeorgica_D	135487.0
MG-Run35-Ech-1	GCF_022493055.1	25	12	1	8.573214099741124	0.0	d__Bacteria;p__Bacillota;c__Bacilli;o__Staphylococcales;f__Staphylococcaceae;g__Staphylococcus;s__Staphylococcus singaporensis	2742142.0
MG-Run35-Ech-1	GCF_002561295.1	25	11	0	14.849242404917497	0.0	d__Bacteria;p__Bacillota;c__Bacilli;o__Bacillales;f__Bacillaceae_G;g__Bacillus_A;s__Bacillus_A cereus_S	1396.0
MG-Run35-Ech-1	GCF_000227295.1	25	11	0	14.849242404917497	0.0	d__Bacteria;p__Actinomycetota;c__Actinomycetes;o__Propionibacteriales;f__Propionibacteriaceae;g__Cutibacterium;s__Cutibacterium avidum	33010.0
MG-Run35-Ech-1	GCF_003054025.1	25	10	0	13.435028842544401	0.0	d__Bacteria;p__Bacteroidota;c__Bacteroidia;o__Flavobacteriales;f__Flavobacteriaceae;g__Capnocytophaga;s__Capnocytophaga leadbetteri	327575.0
MG-Run35-Ech-1	GCF_008327825.1	25	10	0	13.435028842544401	0.0	d__Bacteria;p__Fusobacteriota;c__Fusobacteriia;o__Fusobacteriales;f__Leptotrichiaceae;g__Leptotrichia;s__Leptotrichia shahii	157691.0
MG-Run35-Ech-1	GCF_001636405.1	25	9	1	6.123724356957946	4.5706494145036913e-10	d__Bacteria;p__Bacillota;c__Bacilli;o__Bacillales_B;f__DSM-1321;g__Peribacillus;s__Peribacillus frigoritolerans	450367.0
MG-Run35-Ech-1	GCF_002153395.1	25	9	0	12.020815280171307	0.0	d__Bacteria;p__Bacillota;c__Bacilli;o__Bacillales;f__Bacillaceae;g__Bacillus;s__Bacillus subtilis_G	72361.0
MG-Run35-Ech-1	GCF_015775975.1	25	9	0	12.020815280171307	0.0	d__Bacteria;p__Bacillota;c__Bacilli;o__Staphylococcales;f__Staphylococcaceae;g__Staphylococcus;s__Staphylococcus lloydii	2781774.0
MG-Run35-Ech-1	GCF_000165735.1	25	9	0	12.020815280171307	0.0	d__Bacteria;p__Bacillota_C;c__Negativicutes;o__Veillonellales;f__Megasphaeraceae;g__Anaeroglobus;s__Anaeroglobus micronuciformis	2997918.0
MG-Run35-Ech-1	GCF_001455345.1	25	8	0	10.606601717798211	0.0	d__Bacteria;p__Bacillota;c__Bacilli;o__Bacillales;f__Bacillaceae_G;g__Bacillus_A;s__Bacillus_A thuringiensis_N	1396.0
MG-Run35-Ech-1	GCA_016925055.1	25	8	0	10.606601717798211	0.0	d__Bacteria;p__Bacillota;c__Bacilli;o__Bacillales;f__Bacillaceae_G;g__Bacillus_A;s__Bacillus_A pacificus	2026187.0
MG-Run35-Ech-1	GCF_002901995.1	25	8	0	10.606601717798211	0.0	d__Bacteria;p__Bacillota;c__Bacilli;o__Staphylococcales;f__Staphylococcaceae;g__Staphylococcus;s__Staphylococcus coagulans	74706.0
MG-Run35-Ech-1	GCF_000021305.1	25	7	0	9.192388155425117	0.0	d__Bacteria;p__Bacillota;c__Bacilli;o__Bacillales;f__Bacillaceae_G;g__Bacillus_A;s__Bacillus_A thuringiensis_S	1428.0
MG-Run35-Ech-1	GCF_001182785.1	25	7	0	9.192388155425117	0.0	d__Bacteria;p__Bacillota;c__Bacilli;o__Bacillales;f__Bacillaceae_G;g__Bacillus_A;s__Bacillus_A thuringiensis_AB	2920372.0
MG-Run35-Ech-1	GCF_000496285.1	25	7	0	9.192388155425117	0.0	d__Bacteria;p__Bacillota;c__Bacilli;o__Bacillales;f__Bacillaceae_G;g__Bacillus_A;s__Bacillus_A toyonensis	155322.0
MG-Run35-Ech-1	GCF_023520795.1	25	7	0	9.192388155425117	0.0	d__Bacteria;p__Actinomycetota;c__Actinomycetes;o__Mycobacteriales;f__Mycobacteriaceae;g__Corynebacterium;s__Corynebacterium accolens	38284.0
MG-Run35-Ech-1	GCF_001595725.1	25	6	0	7.7781745930520225	3.6637359812630166e-15	d__Bacteria;p__Bacillota;c__Bacilli;o__Bacillales;f__Bacillaceae_G;g__Bacillus_A;s__Bacillus_A thuringiensis_K	2920310.0
MG-Run35-Ech-1	GCF_000161455.1	25	6	0	7.7781745930520225	3.6637359812630166e-15	d__Bacteria;p__Bacillota;c__Bacilli;o__Bacillales;f__Bacillaceae_G;g__Bacillus_A;s__Bacillus_A pseudomycoides	64104.0
MG-Run35-Ech-1	GCF_029531845.1	25	6	0	7.7781745930520225	3.6637359812630166e-15	d__Bacteria;p__Bacillota;c__Bacilli;o__Staphylococcales;f__Staphylococcaceae;g__Staphylococcus;s__Staphylococcus equorum_C	246432.0
MG-Run35-Ech-1	GCF_030515985.1	25	6	0	7.7781745930520225	3.6637359812630166e-15	d__Bacteria;p__Actinomycetota;c__Actinomycetes;o__Mycobacteriales;f__Mycobacteriaceae;g__Corynebacterium;s__Corynebacterium sp022346005	2918194.0
MG-Run35-Ech-1	GCF_000039765.1	25	6	0	7.7781745930520225	3.6637359812630166e-15	d__Bacteria;p__Pseudomonadota;c__Gammaproteobacteria;o__Enterobacterales;f__Vibrionaceae;g__Vibrio;s__Vibrio vulnificus_B	672.0
MG-Run35-Ech-1	GCA_010604095.1	25	6	0	7.7781745930520225	3.6637359812630166e-15	d__Bacteria;p__Bacillota;c__Bacilli;o__Lactobacillales;f__Streptococcaceae;g__Streptococcus;s__Streptococcus sp000187445	1316412.0
MG-Run35-Ech-1	GCF_900106665.1	25	5	0	6.363961030678928	9.830802838450836e-11	d__Bacteria;p__Pseudomonadota;c__Alphaproteobacteria;o__Rhodobacterales;f__Rhodobacteraceae;g__Paracoccus;s__Paracoccus sanguinis	1545044.0
MG-Run35-Ech-1	GCF_002567495.1	25	5	0	6.363961030678928	9.830802838450836e-11	d__Bacteria;p__Bacillota;c__Bacilli;o__Bacillales;f__Bacillaceae_G;g__Bacillus_A;s__Bacillus_A cereus_AQ	1396.0
MG-Run35-Ech-1	GCF_003970865.1	25	5	1	2.8577380332470415	0.00213336241108808	d__Bacteria;p__Pseudomonadota;c__Gammaproteobacteria;o__Xanthomonadales;f__Xanthomonadaceae;g__Stenotrophomonas;s__Stenotrophomonas maltophilia_AR	40324.0
MG-Run35-Ech-1	GCF_002902285.1	25	5	0	6.363961030678928	9.830802838450836e-11	d__Bacteria;p__Bacillota;c__Bacilli;o__Staphylococcales;f__Staphylococcaceae;g__Staphylococcus;s__Staphylococcus simulans	1286.0
MG-Run35-Ech-1	GCF_001679005.1	25	5	0	6.363961030678928	9.830802838450836e-11	d__Bacteria;p__Pseudomonadota;c__Gammaproteobacteria;o__Pseudomonadales;f__Moraxellaceae;g__Moraxella;s__Moraxella nonliquefaciens	478.0
MG-Run35-Ech-1	GCF_000740795.1	25	5	0	6.363961030678928	9.830802838450836e-11	d__Bacteria;p__Pseudomonadota;c__Alphaproteobacteria;o__Rhodobacterales;f__Rhodobacteraceae;g__Haematobacter;s__Haematobacter massiliensis	195105.0
MG-Run35-Ech-1	GCF_002902755.1	25	5	0	6.363961030678928	9.830802838450836e-11	d__Bacteria;p__Bacillota;c__Bacilli;o__Staphylococcales;f__Staphylococcaceae;g__Mammaliicoccus;s__Mammaliicoccus lentus	2898665.0
MG-Run35-Ech-1	GCF_900460215.1	25	5	1	2.8577380332470415	0.00213336241108808	d__Bacteria;p__Pseudomonadota;c__Gammaproteobacteria;o__Cardiobacteriales;f__Cardiobacteriaceae;g__Suttonella;s__Suttonella indologenes	13276.0
MG-Run35-Ech-1	GCF_009183365.2	25	5	1	2.8577380332470415	0.00213336241108808	d__Bacteria;p__Pseudomonadota;c__Gammaproteobacteria;o__Enterobacterales;f__Shewanellaceae;g__Shewanella;s__Shewanella algae	38313.0
MG-Run35-Ech-1	GCF_002965065.1	25	4	3	0.2672612419124244	0.39463401306714063	d__Bacteria;p__Pseudomonadota;c__Gammaproteobacteria;o__Enterobacterales;f__Enterobacteriaceae;g__Escherichia;s__Escherichia sp002965065	2093900.0
MG-Run35-Ech-1	GCF_000473245.1	25	4	1	2.041241452319315	0.020613416668581852	d__Bacteria;p__Bacillota;c__Bacilli;o__Bacillales_B;f__DSM-18226;g__Bacillus_AB;s__Bacillus_AB infantis	313627.0
MG-Run35-Ech-1	GCF_001708185.1	25	4	0	4.949747468305833	3.7154918619553e-7	d__Bacteria;p__Bacillota;c__Bacilli;o__Bacillales_A;f__Planococcaceae;g__Lysinibacillus;s__Lysinibacillus xylanilyticus_A	582475.0
MG-Run35-Ech-1	GCF_001543175.1	25	4	0	4.949747468305833	3.7154918619553e-7	d__Bacteria;p__Bacillota;c__Bacilli;o__Lactobacillales;f__Aerococcaceae;g__Aerococcus;s__Aerococcus urinae	1376.0
MG-Run35-Ech-1	GCF_008180445.1	25	4	0	4.949747468305833	3.7154918619553e-7	d__Bacteria;p__Bacillota;c__Bacilli;o__Bacillales_B;f__DSM-18226;g__Bacillus_AB;s__Bacillus_AB infantis_B	157472.0
MG-Run35-Ech-1	GCF_001571285.1	25	4	2	0.9486832980505138	0.17139085557395572	d__Bacteria;p__Pseudomonadota;c__Gammaproteobacteria;o__Enterobacterales;f__Enterobacteriaceae;g__Kluyvera;s__Kluyvera cryocrescens	580.0
MG-Run35-Ech-1	GCF_023472875.1	25	4	0	4.949747468305833	3.7154918619553e-7	d__Bacteria;p__Pseudomonadota;c__Gammaproteobacteria;o__Burkholderiales;f__Neisseriaceae;g__Neisseria;s__Neisseria perflava	1739282.0
MG-Run35-Ech-1	GCF_900458815.1	25	4	0	4.949747468305833	3.7154918619553e-7	d__Bacteria;p__Bacillota;c__Bacilli;o__Staphylococcales;f__Staphylococcaceae;g__Staphylococcus;s__Staphylococcus saccharolyticus	33028.0
MG-Run35-Ech-1	GCF_000007825.1	25	4	0	4.949747468305833	3.7154918619553e-7	d__Bacteria;p__Bacillota;c__Bacilli;o__Bacillales;f__Bacillaceae_G;g__Bacillus_A;s__Bacillus_A cereus	1428.0
MG-Run35-Ech-1	GCF_025917685.1	25	4	0	4.949747468305833	3.7154918619553e-7	d__Bacteria;p__Bacillota;c__Bacilli;o__Bacillales;f__Bacillaceae_G;g__Bacillus_A;s__Bacillus_A cereus_AT	1396.0
MG-Run35-Ech-1	GCF_006742205.1	25	4	0	4.949747468305833	3.7154918619553e-7	d__Bacteria;p__Bacillota;c__Bacilli;o__Staphylococcales;f__Staphylococcaceae;g__Staphylococcus;s__Staphylococcus epidermidis	1282.0
MG-Run35-Ech-1	GCF_003942795.1	25	4	0	4.949747468305833	3.7154918619553e-7	d__Bacteria;p__Bacillota;c__Bacilli;o__Lactobacillales;f__Streptococcaceae;g__Streptococcus;s__Streptococcus mitis_BJ	28037.0
MG-Run35-Ech-1	GCF_014769185.1	25	4	0	4.949747468305833	3.7154918619553e-7	d__Bacteria;p__Pseudomonadota;c__Gammaproteobacteria;o__Pseudomonadales;f__Moraxellaceae;g__Acinetobacter;s__Acinetobacter lwoffii_D	28090.0
MG-Run35-Ech-1	GCF_002902385.1	25	4	0	4.949747468305833	3.7154918619553e-7	d__Bacteria;p__Bacillota;c__Bacilli;o__Staphylococcales;f__Staphylococcaceae;g__Staphylococcus;s__Staphylococcus intermedius	1285.0
MG-Run35-Ech-1	GCA_900446925.1	25	4	4	-0.23570226039551587	0.5931681421166041	d__Bacteria;p__Pseudomonadota;c__Gammaproteobacteria;o__Enterobacterales;f__Enterobacteriaceae;g__Citrobacter_B;s__Citrobacter_B koseri	545.0
MG-Run35-Ech-1	GCF_018982785.1	25	4	0	4.949747468305833	3.7154918619553e-7	d__Bacteria;p__Bacillota;c__Bacilli;o__Lactobacillales;f__Enterococcaceae;g__Enterococcus_D;s__Enterococcus_D innesii	37734.0
MG-Run35-Ech-1	GCF_002584985.1	25	4	0	4.949747468305833	3.7154918619553e-7	d__Bacteria;p__Bacillota;c__Bacilli;o__Bacillales;f__Bacillaceae_G;g__Bacillus_A;s__Bacillus_A sp002584985	1396.0
MG-Run35-Ech-1	GCF_007678085.1	25	4	0	4.949747468305833	3.7154918619553e-7	d__Bacteria;p__Bacillota;c__Bacilli;o__Bacillales;f__Bacillaceae_G;g__Bacillus_A;s__Bacillus_A cereus_BE	1396.0
MG-Run35-Ech-1	GCF_900156515.1	25	3	0	3.5355339059327373	0.00020347600872250293	d__Bacteria;p__Pseudomonadota;c__Gammaproteobacteria;o__Pseudomonadales;f__Moraxellaceae;g__Moraxella;s__Moraxella cuniculi	34061.0
MG-Run35-Ech-1	GCF_002559825.1	25	3	0	3.5355339059327373	0.00020347600872250293	d__Bacteria;p__Bacillota;c__Bacilli;o__Bacillales;f__Bacillaceae_G;g__Bacillus_A;s__Bacillus_A thuringiensis	1428.0
MG-Run35-Ech-1	GCF_001883995.1	25	3	0	3.5355339059327373	0.00020347600872250293	d__Bacteria;p__Bacillota;c__Bacilli;o__Bacillales;f__Bacillaceae_G;g__Bacillus_A;s__Bacillus_A paranthracis	2026186.0
MG-Run35-Ech-1	GCF_000262245.1	25	3	6	-1.3728129459672884	0.9150947474572393	d__Bacteria;p__Pseudomonadota;c__Gammaproteobacteria;o__Enterobacterales;f__Pasteurellaceae;g__Basfia;s__Basfia bettyae	1095749.0
MG-Run35-Ech-1	GCF_002803605.1	25	3	0	3.5355339059327373	0.00020347600872250293	d__Bacteria;p__Pseudomonadota;c__Gammaproteobacteria;o__Pseudomonadales;f__Moraxellaceae;g__Acinetobacter;s__Acinetobacter pseudolwoffii	2601136.0
MG-Run35-Ech-1	GCF_900636965.1	25	3	0	3.5355339059327373	0.00020347600872250293	d__Bacteria;p__Bacillota;c__Bacilli;o__Lactobacillales;f__Lactobacillaceae;g__Lacticaseibacillus;s__Lacticaseibacillus rhamnosus	47715.0
MG-Run35-Ech-1	GCF_003286825.2	25	3	0	3.5355339059327373	0.00020347600872250293	d__Bacteria;p__Bacillota;c__Bacilli;o__Lactobacillales;f__Aerococcaceae;g__Aerococcus;s__Aerococcus urinae_B	1376.0
MG-Run35-Ech-1	GCF_001884235.1	25	3	0	3.5355339059327373	0.00020347600872250293	d__Bacteria;p__Bacillota;c__Bacilli;o__Bacillales;f__Bacillaceae_G;g__Bacillus_A;s__Bacillus_A paramycoides	2920287.0
MG-Run35-Ech-1	GCF_029024945.1	25	3	0	3.5355339059327373	0.00020347600872250293	d__Bacteria;p__Bacillota;c__Bacilli;o__Staphylococcales;f__Staphylococcaceae;g__Staphylococcus;s__Staphylococcus succinus	61015.0
MG-Run35-Ech-1	GCF_001618885.1	25	3	0	3.5355339059327373	0.00020347600872250293	d__Bacteria;p__Bacillota;c__Bacilli;o__Staphylococcales;f__Staphylococcaceae;g__Staphylococcus;s__Staphylococcus condimenti	70255.0
MG-Run35-Ech-1	GCF_004569505.1	25	3	0	3.5355339059327373	0.00020347600872250293	d__Bacteria;p__Bacteroidota;c__Bacteroidia;o__Bacteroidales;f__Dysgonomonadaceae;g__Dysgonomonas;s__Dysgonomonas sp900079735	1891233.0
MG-Run35-Ech-1	GCF_007673305.1	25	3	0	3.5355339059327373	0.00020347600872250293	d__Bacteria;p__Bacillota;c__Bacilli;o__Bacillales;f__Bacillaceae_G;g__Bacillus_A;s__Bacillus_A mycoides_C	1396.0
MG-Run35-Ech-1	GCF_014838735.1	25	3	0	3.5355339059327373	0.00020347600872250293	d__Bacteria;p__Bacillota;c__Bacilli;o__Lactobacillales;f__Lactobacillaceae;g__Limosilactobacillus;s__Limosilactobacillus portuensis	2742601.0
MG-Run35-Ech-1	GCF_000368925.1	25	3	0	3.5355339059327373	0.00020347600872250293	d__Bacteria;p__Pseudomonadota;c__Gammaproteobacteria;o__Pseudomonadales;f__Moraxellaceae;g__Acinetobacter;s__Acinetobacter bereziniae	106648.0
MG-Run35-Ech-1	GCF_000301035.1	25	3	0	3.5355339059327373	0.00020347600872250293	d__Bacteria;p__Bacillota;c__Bacilli;o__Lactobacillales;f__Aerococcaceae;g__Facklamia;s__Facklamia hominis	178214.0
MG-Run35-Ech-1	GCF_900094905.1	25	3	0	3.5355339059327373	0.00020347600872250293	d__Bacteria;p__Bacillota;c__Bacilli;o__Bacillales;f__Bacillaceae_G;g__Bacillus_A;s__Bacillus_A cereus_AG	1396.0
MG-Run35-Ech-1	GCF_001591265.1	25	3	377	-19.274953723928952	1.0	d__Bacteria;p__Pseudomonadota;c__Gammaproteobacteria;o__Pseudomonadales;f__Moraxellaceae;g__Moraxella_A;s__Moraxella_A atlantae	34059.0
MG-Run35-Ech-1	GCF_900637655.1	25	3	0	3.5355339059327373	0.00020347600872250293	d__Bacteria;p__Bacteroidota;c__Bacteroidia;o__Bacteroidales;f__Bacteroidaceae;g__Prevotella;s__Prevotella oris	1122989.0
MG-Run35-Ech-1	GCF_003286595.3	25	3	0	3.5355339059327373	0.00020347600872250293	d__Bacteria;p__Bacillota;c__Bacilli;o__Lactobacillales;f__Aerococcaceae;g__Aerococcus;s__Aerococcus urinae_D	1376.0
MG-Run35-Ech-1	GCF_015844675.1	25	3	0	3.5355339059327373	0.00020347600872250293	d__Bacteria;p__Bacillota;c__Bacilli;o__Bacillales_A;f__Planococcaceae;g__Lysinibacillus;s__Lysinibacillus sphaericus_E	1421.0
MG-Run35-Ech-1	GCF_014193285.1	25	2	0	2.1213203435596424	0.01694742676234462	d__Bacteria;p__Pseudomonadota;c__Gammaproteobacteria;o__Enterobacterales;f__Enterobacteriaceae;g__Atlantibacter;s__Atlantibacter sp002345315	565.0
MG-Run35-Ech-1	GCF_018448765.1	25	2	0	2.1213203435596424	0.01694742676234462	d__Bacteria;p__Bacillota;c__Bacilli;o__Lactobacillales;f__Streptococcaceae;g__Streptococcus;s__Streptococcus oralis_BM	1303.0
MG-Run35-Ech-1	GCF_016658865.1	25	2	0	2.1213203435596424	0.01694742676234462	d__Bacteria;p__Bacillota;c__Bacilli;o__Lactobacillales;f__Streptococcaceae;g__Streptococcus;s__Streptococcus mitis_BT	28037.0
MG-Run35-Ech-1	GCF_001747895.1	25	2	0	2.1213203435596424	0.01694742676234462	d__Bacteria;p__Bacillota;c__Bacilli;o__Staphylococcales;f__Staphylococcaceae;g__Staphylococcus;s__Staphylococcus equorum_A	246432.0
MG-Run35-Ech-1	GCF_000023865.1	25	2	0	2.1213203435596424	0.01694742676234462	d__Bacteria;p__Actinomycetota;c__Actinomycetes;o__Mycobacteriales;f__Pseudonocardiaceae;g__Saccharomonospora;s__Saccharomonospora viridis	1852.0
MG-Run35-Ech-1	GCF_001571305.1	25	2	0	2.1213203435596424	0.01694742676234462	d__Bacteria;p__Pseudomonadota;c__Gammaproteobacteria;o__Enterobacterales;f__Enterobacteriaceae;g__Erwinia;s__Erwinia persicina	55211.0
MG-Run35-Ech-1	GCA_901472505.1	25	2	0	2.1213203435596424	0.01694742676234462	d__Bacteria;p__Pseudomonadota;c__Gammaproteobacteria;o__Enterobacterales;f__Enterobacteriaceae;g__Proteus;s__Proteus vulgaris	585.0
MG-Run35-Ech-1	GCF_001884105.1	25	2	0	2.1213203435596424	0.01694742676234462	d__Bacteria;p__Bacillota;c__Bacilli;o__Bacillales;f__Bacillaceae_G;g__Bacillus_A;s__Bacillus_A luti	2217834.0
MG-Run35-Ech-1	GCF_003367505.1	25	2	0	2.1213203435596424	0.01694742676234462	d__Bacteria;p__Bacillota;c__Bacilli;o__Bacillales_A;f__Planococcaceae;g__Lysinibacillus;s__Lysinibacillus capsici	2115968.0
MG-Run35-Ech-1	GCF_003634575.1	25	2	1	0.4082482904638631	0.34154569915480437	d__Bacteria;p__Pseudomonadota;c__Gammaproteobacteria;o__Enterobacterales;f__Enterobacteriaceae;g__Photorhabdus;s__Photorhabdus asymbiotica	291112.0
MG-Run35-Ech-1	GCF_003725415.1	25	2	18	-3.8361720785460363	0.9999375165682056	d__Bacteria;p__Bacillota_I;c__Bacilli_A;o__Erysipelotrichales;f__Erysipelotrichaceae;g__Absicoccus;s__Absicoccus porci	1648.0
MG-Run35-Ech-1	GCF_024499055.1	25	2	0	2.1213203435596424	0.01694742676234462	d__Bacteria;p__Bacillota;c__Bacilli;o__MOL361;f__Turicibacteraceae;g__Turicibacter;s__Turicibacter bilis	154288.0
MG-Run35-Ech-1	GCF_016107575.1	25	2	1	0.4082482904638631	0.34154569915480437	d__Bacteria;p__Pseudomonadota;c__Gammaproteobacteria;o__Pseudomonadales;f__Moraxellaceae;g__Psychrobacter;s__Psychrobacter faecalis	180588.0
MG-Run35-Ech-1	GCF_004353185.1	25	2	1	0.4082482904638631	0.34154569915480437	d__Bacteria;p__Bacillota_A;c__Clostridia;o__Clostridiales;f__Clostridiaceae;g__Clostridium;s__Clostridium cuniculi	2548455.0
MG-Run35-Ech-1	GCF_001598795.1	25	2	0	2.1213203435596424	0.01694742676234462	d__Bacteria;p__Pseudomonadota;c__Gammaproteobacteria;o__Burkholderiales;f__Burkholderiaceae;g__Comamonas;s__Comamonas acidovorans	80866.0
MG-Run35-Ech-1	GCF_000817815.1	25	2	0	2.1213203435596424	0.01694742676234462	d__Bacteria;p__Pseudomonadota;c__Gammaproteobacteria;o__Enterobacterales;f__Vibrionaceae;g__Vibrio;s__Vibrio owensii	696485.0
MG-Run35-Ech-1	GCF_004124315.2	25	2	0	2.1213203435596424	0.01694742676234462	d__Bacteria;p__Bacillota;c__Bacilli;o__Bacillales;f__Bacillaceae;g__Bacillus;s__Bacillus cabrialesii	1423.0
MG-Run35-Ech-1	GCF_017498775.1	25	2	0	2.1213203435596424	0.01694742676234462	d__Bacteria;p__Bacillota;c__Bacilli;o__Bacillales;f__Bacillaceae_G;g__Bacillus_A;s__Bacillus_A arachidis	1761753.0
MG-Run35-Ech-1	GCF_002836975.1	25	2	0	2.1213203435596424	0.01694742676234462	d__Bacteria;p__Pseudomonadota;c__Gammaproteobacteria;o__Enterobacterales;f__Shewanellaceae;g__Shewanella;s__Shewanella indica	768528.0
MG-Run35-Ech-1	GCF_013046825.1	25	2	0	2.1213203435596424	0.01694742676234462	d__Bacteria;p__Bacillota;c__Bacilli;o__MOL361;f__Turicibacteraceae;g__Turicibacter;s__Turicibacter sanguinis	154288.0
MG-Run35-Ech-1	GCF_000417505.1	25	2	0	2.1213203435596424	0.01694742676234462	d__Bacteria;p__Bacillota_C;c__Negativicutes;o__Veillonellales;f__Megasphaeraceae;g__Megasphaera;s__Megasphaera sp000417505	165188.0
MG-Run35-Ech-1	GCF_019243775.1	25	2	2	-0.31622776601683794	0.6240851829770754	d__Bacteria;p__Pseudomonadota;c__Gammaproteobacteria;o__Enterobacterales;f__Enterobacteriaceae;g__Morganella;s__Morganella morganii	180434.0
MG-Run35-Ech-1	GCA_943325105.2	25	2	0	2.1213203435596424	0.01694742676234462	d__Bacteria;p__Pseudomonadota;c__Alphaproteobacteria;o__Rickettsiales;f__Midichloriaceae;g__JALQUO01;s__JALQUO01 sp943325105	573.0
MG-Run35-Ech-1	GCF_009867135.1	25	2	5	-1.4924050144892729	0.9322034993668489	d__Bacteria;p__Pseudomonadota;c__Gammaproteobacteria;o__Pseudomonadales;f__Moraxellaceae;g__Moraxella_A;s__Moraxella_A sp002478835	1946455.0
MG-Run35-Ech-1	GCF_014131735.1	25	2	0	2.1213203435596424	0.01694742676234462	d__Bacteria;p__Bacillota;c__Bacilli;o__Lactobacillales;f__Lactobacillaceae;g__Lactiplantibacillus;s__Lactiplantibacillus plantarum	1590.0
MG-Run35-Ech-1	GCF_001190745.1	25	2	0	2.1213203435596424	0.01694742676234462	d__Bacteria;p__Campylobacterota;c__Campylobacteria;o__Campylobacterales;f__Campylobacteraceae;g__Campylobacter_B;s__Campylobacter_B gracilis	824.0
MG-Run35-Ech-1	GCF_001293465.1	25	2	0	2.1213203435596424	0.01694742676234462	d__Bacteria;p__Pseudomonadota;c__Gammaproteobacteria;o__Pseudomonadales;f__Pseudomonadaceae;g__Pseudomonas_E;s__Pseudomonas_E fuscovaginae_B	615.0
MG-Run35-Ech-1	GCF_001884135.1	25	2	0	2.1213203435596424	0.01694742676234462	d__Bacteria;p__Bacillota;c__Bacilli;o__Bacillales;f__Bacillaceae_G;g__Bacillus_A;s__Bacillus_A nitratireducens	1396.0
MG-Run35-Ech-1	GCF_000742895.1	25	2	0	2.1213203435596424	0.01694742676234462	d__Bacteria;p__Bacillota;c__Bacilli;o__Bacillales;f__Bacillaceae_G;g__Bacillus_A;s__Bacillus_A anthracis	1396.0
MG-Run35-Ech-1	GCA_019402645.1	25	2	0	2.1213203435596424	0.01694742676234462	d__Bacteria;p__Pseudomonadota;c__Gammaproteobacteria;o__Enterobacterales;f__Enterobacteriaceae;g__Morganella;s__Morganella morganii_D	582.0
MG-Run35-Ech-1	GCF_003970495.1	25	2	0	2.1213203435596424	0.01694742676234462	d__Bacteria;p__Bacillota;c__Bacilli;o__Staphylococcales;f__Staphylococcaceae;g__Staphylococcus;s__Staphylococcus pasteuri	2653174.0
MG-Run35-Ech-1	GCF_000369045.1	25	2	3	-0.8017837257372732	0.7886609629146824	d__Bacteria;p__Pseudomonadota;c__Gammaproteobacteria;o__Pseudomonadales;f__Moraxellaceae;g__Acinetobacter;s__Acinetobacter pittii	48296.0
MG-Run35-Ech-1	GCA_902506215.1	25	2	15	-3.4290034290051437	0.9996970990631342	d__Bacteria;p__Pseudomonadota;c__Gammaproteobacteria;o__Pseudomonadales;f__Moraxellaceae;g__Moraxella_A;s__Moraxella_A sp902506215	2653185.0
MG-Run35-Ech-1	GCF_003286645.2	25	2	0	2.1213203435596424	0.01694742676234462	d__Bacteria;p__Bacillota;c__Bacilli;o__Lactobacillales;f__Aerococcaceae;g__Aerococcus;s__Aerococcus urinae_C	1376.0
MG-Run35-Ech-1	GCF_008693065.1	25	2	0	2.1213203435596424	0.01694742676234462	d__Bacteria;p__Actinomycetota;c__Actinomycetes;o__Mycobacteriales;f__Mycobacteriaceae;g__Corynebacterium;s__Corynebacterium tuscaniense	302449.0
MG-Run35-Ech-1	GCA_023715645.1	25	2	1	0.4082482904638631	0.34154569915480437	d__Bacteria;p__Bacillota;c__Bacilli;o__Bacillales;f__Bacillaceae_G;g__Bacillus_A;s__Bacillus_A cytotoxicus_A	580165.0
MG-Run35-Ech-1	GCF_025566055.1	25	2	8	-2.2294816068526147	0.9871090611112637	d__Bacteria;p__Pseudomonadota;c__Gammaproteobacteria;o__Enterobacterales;f__Enterobacteriaceae;g__Leclercia;s__Leclercia tamurae	2866582.0
MG-Run35-Ech-1	GCF_002024805.1	25	2	0	2.1213203435596424	0.01694742676234462	d__Bacteria;p__Bacteroidota;c__Bacteroidia;o__Flavobacteriales;f__Weeksellaceae;g__Elizabethkingia;s__Elizabethkingia bruuniana	1756149.0
MG-Run35-Ech-1	GCF_018966865.1	25	2	0	2.1213203435596424	0.01694742676234462	d__Bacteria;p__Bacillota;c__Bacilli;o__Bacillales;f__Bacillaceae_G;g__Bacillus_A;s__Bacillus_A sp018966865	1053206.0
MG-Run35-Ech-1	GCF_000154985.1	25	2	0	2.1213203435596424	0.01694742676234462	d__Bacteria;p__Bacillota;c__Bacilli;o__Lactobacillales;f__Streptococcaceae;g__Streptococcus;s__Streptococcus infantarius	102684.0
MG-Run35-Ech-1	GCA_018365265.1	25	2	0	2.1213203435596424	0.01694742676234462	d__Bacteria;p__Bacillota;c__Bacilli;o__Lactobacillales;f__Streptococcaceae;g__Streptococcus;s__Streptococcus parasanguinis_G	1318.0
MG-Run35-Ech-1	GCF_023518235.1	25	2	0	2.1213203435596424	0.01694742676234462	d__Bacteria;p__Pseudomonadota;c__Gammaproteobacteria;o__Xanthomonadales;f__Xanthomonadaceae;g__Stenotrophomonas;s__Stenotrophomonas sp003028475	69392.0
MG-Run35-Ech-1	GCF_009832905.1	25	1	0	0.7071067811865475	0.23975006109347674	d__Bacteria;p__Pseudomonadota;c__Gammaproteobacteria;o__Xanthomonadales;f__Xanthomonadaceae;g__Stenotrophomonas;s__Stenotrophomonas maltophilia_AP	40324.0
MG-Run35-Ech-1	GCF_008726925.1	25	1	0	0.7071067811865475	0.23975006109347674	d__Bacteria;p__Bacillota;c__Bacilli;o__Lactobacillales;f__Aerococcaceae;g__Aerococcus;s__Aerococcus sp001813115	1739396.0
MG-Run35-Ech-1	GCF_001543205.1	25	1	0	0.7071067811865475	0.23975006109347674	d__Bacteria;p__Bacillota;c__Bacilli;o__Lactobacillales;f__Aerococcaceae;g__Aerococcus;s__Aerococcus urinaeequi	51665.0
MG-Run35-Ech-1	GCF_000785515.1	25	1	0	0.7071067811865475	0.23975006109347674	d__Bacteria;p__Bacillota;c__Bacilli;o__Lactobacillales;f__Streptococcaceae;g__Streptococcus;s__Streptococcus salivarius	1304.0
MG-Run35-Ech-1	GCF_003987555.1	25	1	0	0.7071067811865475	0.23975006109347674	d__Bacteria;p__Bacillota;c__Bacilli;o__Lactobacillales;f__Vagococcaceae;g__Vagococcus_A;s__Vagococcus_A lutrae	1933889.0
MG-Run35-Ech-1	GCF_904846175.1	25	1	0	0.7071067811865475	0.23975006109347674	d__Bacteria;p__Pseudomonadota;c__Gammaproteobacteria;o__Pseudomonadales;f__Moraxellaceae;g__Psychrobacter;s__Psychrobacter immobilis_E	498.0
MG-Run35-Ech-1	GCF_020991325.1	25	1	0	0.7071067811865475	0.23975006109347674	d__Bacteria;p__Pseudomonadota;c__Gammaproteobacteria;o__Burkholderiales;f__Burkholderiaceae;g__Bordetella_A;s__Bordetella_A petrii_E	94624.0
MG-Run35-Ech-1	GCF_000006945.2	25	1	1	-0.4082482904638631	0.6584543008451956	d__Bacteria;p__Pseudomonadota;c__Gammaproteobacteria;o__Enterobacterales;f__Enterobacteriaceae;g__Salmonella;s__Salmonella enterica	90371.0
MG-Run35-Ech-1	GCF_902460535.1	25	1	0	0.7071067811865475	0.23975006109347674	d__Bacteria;p__Campylobacterota;c__Campylobacteria;o__Campylobacterales;f__Campylobacteraceae;g__Campylobacter_A;s__Campylobacter_A concisus_AS	199.0
MG-Run35-Ech-1	GCF_019048065.1	25	1	1	-0.4082482904638631	0.6584543008451956	d__Bacteria;p__Pseudomonadota;c__Gammaproteobacteria;o__Enterobacterales;f__Enterobacteriaceae;g__Citrobacter_A;s__Citrobacter_A farmeri	1114922.0
MG-Run35-Ech-1	GCF_025561425.1	25	1	1	-0.4082482904638631	0.6584543008451956	d__Bacteria;p__Bacillota;c__Bacilli;o__Staphylococcales;f__Staphylococcaceae;g__Mammaliicoccus;s__Mammaliicoccus sciuri_A	1296.0
MG-Run35-Ech-1	GCF_008364245.1	25	1	0	0.7071067811865475	0.23975006109347674	d__Bacteria;p__Pseudomonadota;c__Gammaproteobacteria;o__Enterobacterales;f__Enterobacteriaceae;g__Serratia;s__Serratia nevei	615.0
MG-Run35-Ech-1	GCF_019458035.1	25	1	0	0.7071067811865475	0.23975006109347674	d__Bacteria;p__Bacillota;c__Bacilli;o__Lactobacillales;f__Streptococcaceae;g__Streptococcus;s__Streptococcus oralis_BP	1303.0
MG-Run35-Ech-1	GCA_900635465.1	25	1	0	0.7071067811865475	0.23975006109347674	d__Bacteria;p__Pseudomonadota;c__Gammaproteobacteria;o__Enterobacterales;f__Enterobacteriaceae;g__Lelliottia;s__Lelliottia amnigena	61646.0
MG-Run35-Ech-1	GCF_900458895.1	25	1	0	0.7071067811865475	0.23975006109347674	d__Bacteria;p__Bacillota;c__Bacilli;o__Staphylococcales;f__Staphylococcaceae;g__Staphylococcus;s__Staphylococcus schleiferi	1295.0
MG-Run35-Ech-1	GCF_002220655.1	25	1	0	0.7071067811865475	0.23975006109347674	d__Bacteria;p__Pseudomonadota;c__Gammaproteobacteria;o__Enterobacterales;f__Enterobacteriaceae;g__Serratia;s__Serratia marcescens_K	615.0
MG-Run35-Ech-1	GCA_002211745.1	25	1	0	0.7071067811865475	0.23975006109347674	d__Bacteria;p__Pseudomonadota;c__Gammaproteobacteria;o__Enterobacterales;f__Enterobacteriaceae;g__Kluyvera;s__Kluyvera georgiana_A	2873269.0
MG-Run35-Ech-1	GCF_008364625.1	25	1	0	0.7071067811865475	0.23975006109347674	d__Bacteria;p__Pseudomonadota;c__Gammaproteobacteria;o__Enterobacterales;f__Enterobacteriaceae;g__Enterobacter;s__Enterobacter dykesii	61645.0
MG-Run35-Ech-1	GCF_021440515.1	25	1	0	0.7071067811865475	0.23975006109347674	d__Bacteria;p__Pseudomonadota;c__Gammaproteobacteria;o__Enterobacterales;f__Enterobacteriaceae;g__Enterobacter;s__Enterobacter asburiae_E	61645.0
MG-Run35-Ech-1	GCF_001006005.1	25	1	0	0.7071067811865475	0.23975006109347674	d__Bacteria;p__Pseudomonadota;c__Gammaproteobacteria;o__Enterobacterales;f__Enterobacteriaceae;g__Serratia_A;s__Serratia_A fonticola	47917.0
MG-Run35-Ech-1	GCF_009496165.1	25	1	0	0.7071067811865475	0.23975006109347674	d__Bacteria;p__Bacillota;c__Bacilli;o__Lactobacillales;f__Streptococcaceae;g__Streptococcus;s__Streptococcus mitis_BM	28037.0
MG-Run35-Ech-1	GCF_902806985.1	25	1	2	-0.9486832980505138	0.8286091444260443	d__Bacteria;p__Pseudomonadota;c__Gammaproteobacteria;o__Enterobacterales;f__Alteromonadaceae;g__Pseudidiomarina;s__Pseudidiomarina piscicola	287.0
MG-Run35-Ech-1	GCF_029876145.1	25	1	0	0.7071067811865475	0.23975006109347674	d__Bacteria;p__Pseudomonadota;c__Gammaproteobacteria;o__Enterobacterales;f__Enterobacteriaceae;g__Escherichia;s__Escherichia ruysiae	2723311.0
MG-Run35-Ech-1	GCF_019916025.1	25	1	0	0.7071067811865475	0.23975006109347674	d__Bacteria;p__Bacillota_A;c__Clostridia;o__Peptostreptococcales;f__Peptostreptococcaceae;g__Paraclostridium;s__Paraclostridium bifermentans	1233171.0
MG-Run35-Ech-1	GCF_001436455.1	25	1	0	0.7071067811865475	0.23975006109347674	d__Bacteria;p__Bacillota;c__Bacilli;o__Lactobacillales;f__Lactobacillaceae;g__Lactobacillus;s__Lactobacillus jensenii	109790.0
MG-Run35-Ech-1	GCA_029689965.1	25	1	0	0.7071067811865475	0.23975006109347674	d__Bacteria;p__Actinomycetota;c__Actinomycetes;o__Actinomycetales;f__Microbacteriaceae;g__Curtobacterium;s__Curtobacterium flaccumfaciens_E	2035.0
MG-Run35-Ech-1	GCF_000982825.1	25	1	2	-0.9486832980505138	0.8286091444260443	d__Bacteria;p__Pseudomonadota;c__Gammaproteobacteria;o__Enterobacterales;f__Enterobacteriaceae;g__Cronobacter;s__Cronobacter sakazakii	28141.0
MG-Run35-Ech-1	GCF_019880405.1	25	1	1	-0.4082482904638631	0.6584543008451956	d__Bacteria;p__Pseudomonadota;c__Gammaproteobacteria;o__Enterobacterales;f__Enterobacteriaceae;g__Pseudescherichia;s__Pseudescherichia sp002298805	1951706.0
MG-Run35-Ech-1	GCF_021654455.1	25	1	0	0.7071067811865475	0.23975006109347674	d__Bacteria;p__Bacillota;c__Bacilli;o__Lactobacillales;f__Streptococcaceae;g__Streptococcus;s__Streptococcus parasuis	1501662.0
MG-Run35-Ech-1	GCF_900105305.1	25	1	0	0.7071067811865475	0.23975006109347674	d__Bacteria;p__Actinomycetota;c__Actinomycetes;o__Mycobacteriales;f__Mycobacteriaceae;g__Corynebacterium;s__Corynebacterium timonense	441500.0
MG-Run35-Ech-1	GCF_000204565.1	25	1	0	0.7071067811865475	0.23975006109347674	d__Bacteria;p__Bacillota_A;c__Clostridia;o__Clostridiales;f__Clostridiaceae;g__Clostridium_H;s__Clostridium_H botulinum_B	1573940.0
MG-Run35-Ech-1	GCA_016807485.1	25	1	0	0.7071067811865475	0.23975006109347674	d__Bacteria;p__Actinomycetota;c__Actinomycetes;o__Actinomycetales;f__Microbacteriaceae;g__Microbacterium;s__Microbacterium sp016807485	40324.0
MG-Run35-Ech-1	GCF_000275725.1	25	1	1	-0.4082482904638631	0.6584543008451956	d__Bacteria;p__Pseudomonadota;c__Gammaproteobacteria;o__Pseudomonadales;f__Halomonadaceae;g__Vreelandella;s__Vreelandella stevensii	1177117.0
MG-Run35-Ech-1	GCF_019242955.1	25	1	0	0.7071067811865475	0.23975006109347674	d__Bacteria;p__Pseudomonadota;c__Gammaproteobacteria;o__Enterobacterales;f__Enterobacteriaceae;g__Morganella;s__Morganella morganii_A	582.0
MG-Run35-Ech-1	GCF_002902685.1	25	1	0	0.7071067811865475	0.23975006109347674	d__Bacteria;p__Bacillota;c__Bacilli;o__Staphylococcales;f__Staphylococcaceae;g__Staphylococcus;s__Staphylococcus pettenkoferi	1739306.0
MG-Run35-Ech-1	GCF_026659735.1	25	1	0	0.7071067811865475	0.23975006109347674	d__Bacteria;p__Bacillota;c__Bacilli;o__Staphylococcales;f__Staphylococcaceae;g__Staphylococcus;s__Staphylococcus sp943908435	170573.0
MG-Run35-Ech-1	GCF_029433855.1	25	1	1	-0.4082482904638631	0.6584543008451956	d__Bacteria;p__Pseudomonadota;c__Gammaproteobacteria;o__Enterobacterales;f__Enterobacteriaceae;g__Kosakonia;s__Kosakonia cowanii_A	208223.0
MG-Run35-Ech-1	GCA_020099315.1	25	1	1	-0.4082482904638631	0.6584543008451956	d__Bacteria;p__Pseudomonadota;c__Gammaproteobacteria;o__Enterobacterales;f__Enterobacteriaceae;g__Citrobacter;s__Citrobacter europaeus	2883267.0
MG-Run35-Ech-1	GCF_024129735.1	25	1	1	-0.4082482904638631	0.6584543008451956	d__Bacteria;p__Pseudomonadota;c__Gammaproteobacteria;o__Pseudomonadales;f__Moraxellaceae;g__Acinetobacter;s__Acinetobacter lwoffii_H	28090.0
MG-Run35-Ech-1	GCF_029011175.1	25	1	0	0.7071067811865475	0.23975006109347674	d__Bacteria;p__Actinomycetota;c__Actinomycetes;o__Actinomycetales;f__Actinomycetaceae;g__Winkia;s__Winkia anitrata	3046315.0
MG-Run35-Ech-1	GCF_000185385.1	25	1	0	0.7071067811865475	0.23975006109347674	d__Bacteria;p__Bacillota_A;c__Clostridia;o__Lachnospirales;f__Lachnospiraceae;g__Lachnoanaerobaculum;s__Lachnoanaerobaculum saburreum	887325.0
MG-Run35-Ech-1	GCF_003938605.1	25	1	0	0.7071067811865475	0.23975006109347674	d__Bacteria;p__Pseudomonadota;c__Alphaproteobacteria;o__Caulobacterales;f__Caulobacteraceae;g__Brevundimonas;s__Brevundimonas sp003938605	293.0
MG-Run35-Ech-1	GCA_002578045.1	25	1	0	0.7071067811865475	0.23975006109347674	d__Bacteria;p__Bacillota;c__Bacilli;o__Bacillales;f__Bacillaceae_G;g__Bacillus_A;s__Bacillus_A cereus_AK	1396.0
MG-Run35-Ech-1	GCF_001729745.1	25	1	0	0.7071067811865475	0.23975006109347674	d__Bacteria;p__Pseudomonadota;c__Gammaproteobacteria;o__Enterobacterales;f__Enterobacteriaceae;g__Enterobacter;s__Enterobacter hoffmannii	1812934.0
MG-Run35-Ech-1	GCA_901472455.1	25	1	0	0.7071067811865475	0.23975006109347674	d__Bacteria;p__Pseudomonadota;c__Gammaproteobacteria;o__Enterobacterales;f__Enterobacteriaceae;g__Leclercia;s__Leclercia adecarboxylata	83655.0
MG-Run35-Ech-1	GCF_900187025.1	25	1	0	0.7071067811865475	0.23975006109347674	d__Bacteria;p__Bacillota;c__Bacilli;o__Lactobacillales;f__Listeriaceae;g__Listeria;s__Listeria ivanovii	1638.0
MG-Run35-Ech-1	GCF_900452415.1	25	1	0	0.7071067811865475	0.23975006109347674	d__Bacteria;p__Pseudomonadota;c__Gammaproteobacteria;o__Legionellales;f__Legionellaceae;g__Legionella;s__Legionella cincinnatiensis	28085.0
MG-Run35-Ech-1	GCF_026782285.1	25	1	0	0.7071067811865475	0.23975006109347674	d__Bacteria;p__Bacillota;c__Bacilli;o__Lactobacillales;f__Streptococcaceae;g__Streptococcus;s__Streptococcus oralis_CG	1303.0
MG-Run35-Ech-1	GCF_904848165.1	25	1	0	0.7071067811865475	0.23975006109347674	d__Bacteria;p__Pseudomonadota;c__Gammaproteobacteria;o__Pseudomonadales;f__Moraxellaceae;g__Psychrobacter;s__Psychrobacter arenosus	256326.0
MG-Run35-Ech-1	GCF_014932895.1	25	1	0	0.7071067811865475	0.23975006109347674	d__Bacteria;p__Bacillota;c__Bacilli;o__Bacillales;f__Bacillaceae_G;g__Bacillus_A;s__Bacillus_A thuringiensis_AA	1428.0
MG-Run35-Ech-1	GCF_002901845.1	25	1	0	0.7071067811865475	0.23975006109347674	d__Bacteria;p__Bacillota;c__Bacilli;o__Staphylococcales;f__Staphylococcaceae;g__Staphylococcus;s__Staphylococcus hominis	1290.0
MG-Run35-Ech-1	GCF_000188035.1	25	1	0	0.7071067811865475	0.23975006109347674	d__Bacteria;p__Bacillota;c__Bacilli;o__Lactobacillales;f__Streptococcaceae;g__Streptococcus;s__Streptococcus pseudoporcinus	361101.0
MG-Run35-Ech-1	GCF_900637585.1	25	1	0	0.7071067811865475	0.23975006109347674	d__Bacteria;p__Pseudomonadota;c__Gammaproteobacteria;o__Legionellales;f__Legionellaceae;g__Legionella;s__Legionella pascullei	91890.0
MG-Run35-Ech-1	GCF_001648355.1	25	1	0	0.7071067811865475	0.23975006109347674	d__Bacteria;p__Pseudomonadota;c__Gammaproteobacteria;o__Burkholderiales;f__Neisseriaceae;g__Eikenella;s__Eikenella longinqua	1795827.0
MG-Run35-Ech-1	GCF_000315445.1	25	1	0	0.7071067811865475	0.23975006109347674	d__Bacteria;p__Bacillota;c__Bacilli;o__Lactobacillales;f__Carnobacteriaceae;g__Alloiococcus;s__Alloiococcus otitis	1652.0
MG-Run35-Ech-1	GCF_008692845.1	25	1	7	-2.37346441585572	0.9911889545188377	d__Bacteria;p__Pseudomonadota;c__Gammaproteobacteria;o__Enterobacterales;f__Enterobacteriaceae;g__Salmonella;s__Salmonella arizonae	1395119.0
MG-Run35-Ech-1	GCF_002154655.1	25	1	0	0.7071067811865475	0.23975006109347674	d__Bacteria;p__Actinomycetota;c__Actinomycetes;o__Mycobacteriales;f__Mycobacteriaceae;g__Corynebacterium;s__Corynebacterium kefirresidentii	1203558.0
MG-Run35-Ech-1	GCF_000372065.1	25	1	0	0.7071067811865475	0.23975006109347674	d__Bacteria;p__Pseudomonadota;c__Gammaproteobacteria;o__Burkholderiales;f__Burkholderiaceae;g__Oligella;s__Oligella urethralis	90245.0
MG-Run35-Ech-1	GCF_021602345.1	25	1	0	0.7071067811865475	0.23975006109347674	d__Bacteria;p__Pseudomonadota;c__Gammaproteobacteria;o__Pseudomonadales;f__Pseudomonadaceae;g__Pseudomonas_E;s__Pseudomonas_E pharyngis	1981743.0
MG-Run35-Ech-1	GCF_900105215.1	25	1	0	0.7071067811865475	0.23975006109347674	d__Bacteria;p__Bacillota_A;c__Clostridia;o__Lachnospirales;f__Lachnospiraceae;g__Lacrimispora;s__Lacrimispora sphenoides_A	1946591.0
MG-Run35-Ech-1	GCF_000014125.1	25	1	0	0.7071067811865475	0.23975006109347674	d__Bacteria;p__Bacillota_A;c__Clostridia;o__Clostridiales;f__Clostridiaceae;g__Clostridium_H;s__Clostridium_H novyi	1444290.0
MG-Run35-Ech-1	GCF_021278985.1	25	1	2	-0.9486832980505138	0.8286091444260443	d__Bacteria;p__Pseudomonadota;c__Gammaproteobacteria;o__Enterobacterales;f__Enterobacteriaceae;g__Citrobacter_A;s__Citrobacter_A rodentium	1218085.0
MG-Run35-Ech-1	GCF_002027545.1	25	1	0	0.7071067811865475	0.23975006109347674	d__Bacteria;p__Pseudomonadota;c__Gammaproteobacteria;o__Pseudomonadales;f__Moraxellaceae;g__Moraxella;s__Moraxella lacunata	1223506.0
MG-Run35-Ech-1	GCF_904846065.1	25	1	1	-0.4082482904638631	0.6584543008451956	d__Bacteria;p__Pseudomonadota;c__Gammaproteobacteria;o__Pseudomonadales;f__Moraxellaceae;g__Psychrobacter;s__Psychrobacter immobilis_H	498.0
MG-Run35-Ech-1	GCF_000827935.1	25	1	0	0.7071067811865475	0.23975006109347674	d__Bacteria;p__Bacillota_A;c__Clostridia;o__Clostridiales;f__Clostridiaceae;g__Clostridium;s__Clostridium botulinum_A	1491.0
MG-Run35-Ech-1	GCF_005843885.1	25	1	1	-0.4082482904638631	0.6584543008451956	d__Bacteria;p__Pseudomonadota;c__Gammaproteobacteria;o__Enterobacterales;f__Enterobacteriaceae;g__Escherichia;s__Escherichia sp005843885	2044462.0
MG-Run35-Ech-1	GCF_029277985.1	25	1	0	0.7071067811865475	0.23975006109347674	d__Bacteria;p__Pseudomonadota;c__Gammaproteobacteria;o__Enterobacterales;f__Enterobacteriaceae;g__Providencia_C;s__Providencia_C vermicola_A	333965.0
MG-Run35-Ech-1	GCF_000187265.1	25	1	0	0.7071067811865475	0.23975006109347674	d__Bacteria;p__Bacillota;c__Bacilli;o__Lactobacillales;f__Streptococcaceae;g__Streptococcus;s__Streptococcus equinus	83427.0
MG-Run35-Ech-1	GCF_021491455.1	25	1	0	0.7071067811865475	0.23975006109347674	d__Bacteria;p__Actinomycetota;c__Actinomycetes;o__Mycobacteriales;f__Mycobacteriaceae;g__Corynebacterium;s__Corynebacterium argentoratense_A	42817.0
MG-Run35-Ech-1	GCA_017309015.1	25	1	0	0.7071067811865475	0.23975006109347674	d__Bacteria;p__Bacillota;c__Bacilli;o__Lactobacillales;f__Lactobacillaceae;g__Lactobacillus;s__Lactobacillus absianus	1584.0
MG-Run35-Ech-1	GCF_003688935.1	25	1	0	0.7071067811865475	0.23975006109347674	d__Bacteria;p__Actinomycetota;c__Actinomycetes;o__Mycobacteriales;f__Mycobacteriaceae;g__Corynebacterium;s__Corynebacterium macginleyi	38290.0
MG-Run35-Ech-1	GCF_000442555.1	25	1	0	0.7071067811865475	0.23975006109347674	d__Bacteria;p__Bacillota;c__Bacilli;o__Paenibacillales;f__Paenibacillaceae;g__Paenibacillus_B;s__Paenibacillus_B alvei_B	1117108.0
MG-Run35-Ech-1	GCF_014845115.1	25	1	0	0.7071067811865475	0.23975006109347674	d__Bacteria;p__Pseudomonadota;c__Alphaproteobacteria;o__Rhizobiales;f__Beijerinckiaceae;g__Methylobacterium;s__Methylobacterium zatmanii	29429.0
MG-Run35-Ech-1	GCF_002900365.1	25	1	0	0.7071067811865475	0.23975006109347674	d__Bacteria;p__Pseudomonadota;c__Gammaproteobacteria;o__Enterobacterales;f__Enterobacteriaceae;g__Escherichia;s__Escherichia marmotae	2093895.0
MG-Run35-Ech-1	GCF_014635045.1	25	1	0	0.7071067811865475	0.23975006109347674	d__Bacteria;p__Bacillota;c__Bacilli;o__Staphylococcales;f__Staphylococcaceae;g__Staphylococcus;s__Staphylococcus nepalensis	214473.0
MG-Run35-Ech-1	GCF_946902045.1	25	1	0	0.7071067811865475	0.23975006109347674	d__Bacteria;p__Pseudomonadota;c__Gammaproteobacteria;o__Burkholderiales;f__Neisseriaceae;g__Neisseria;s__Neisseria sp946902045	2972775.0
MG-Run35-Ech-1	GCF_002843235.3	25	1	0	0.7071067811865475	0.23975006109347674	d__Bacteria;p__Pseudomonadota;c__Gammaproteobacteria;o__Enterobacterales;f__Enterobacteriaceae;g__Providencia;s__Providencia huaxiensis	2949903.0
MG-Run35-Ech-1	GCF_025642255.1	25	1	0	0.7071067811865475	0.23975006109347674	d__Bacteria;p__Pseudomonadota;c__Gammaproteobacteria;o__Xanthomonadales;f__Xanthomonadaceae;g__Stenotrophomonas;s__Stenotrophomonas maltophilia_P	40324.0
MG-Run35-Ech-1	GCF_001642805.2	25	1	0	0.7071067811865475	0.23975006109347674	d__Bacteria;p__Pseudomonadota;c__Gammaproteobacteria;o__Enterobacterales;f__Enterobacteriaceae;g__Serratia;s__Serratia surfactantfaciens	1416761.0
MG-Run35-Ech-1	GCF_019047785.1	25	1	0	0.7071067811865475	0.23975006109347674	d__Bacteria;p__Pseudomonadota;c__Gammaproteobacteria;o__Enterobacterales;f__Enterobacteriaceae;g__Enterobacter;s__Enterobacter cancerogenus	69218.0
MG-Run35-Ech-1	GCF_900637055.1	25	1	0	0.7071067811865475	0.23975006109347674	d__Bacteria;p__Bacillota;c__Bacilli;o__Brevibacillales;f__Brevibacillaceae;g__Brevibacillus;s__Brevibacillus brevis	1393.0
MG-Run35-Ech-1	GCA_030418545.1	25	1	1	-0.4082482904638631	0.6584543008451956	d__Bacteria;p__Pseudomonadota;c__Gammaproteobacteria;o__Burkholderiales;f__Burkholderiaceae;g__Xenophilus;s__Xenophilus sp003671765	452922.0
MG-Run35-Ech-1	GCF_000067205.1	25	1	0	0.7071067811865475	0.23975006109347674	d__Bacteria;p__Pseudomonadota;c__Gammaproteobacteria;o__Burkholderiales;f__Burkholderiaceae;g__Bordetella_A;s__Bordetella_A petrii	94624.0
MG-Run35-Ech-1	GCF_000369065.1	25	1	0	0.7071067811865475	0.23975006109347674	d__Bacteria;p__Pseudomonadota;c__Gammaproteobacteria;o__Pseudomonadales;f__Moraxellaceae;g__Acinetobacter;s__Acinetobacter haemolyticus	29430.0
MG-Run35-Ech-1	GCF_000236165.1	25	1	0	0.7071067811865475	0.23975006109347674	d__Bacteria;p__Pseudomonadota;c__Gammaproteobacteria;o__Legionellales;f__Legionellaceae;g__Legionella;s__Legionella dumoffii	1094715.0
MG-Run35-Ech-1	GCF_003491325.1	25	1	0	0.7071067811865475	0.23975006109347674	d__Bacteria;p__Bacillota;c__Bacilli;o__Staphylococcales;f__Staphylococcaceae;g__Staphylococcus;s__Staphylococcus warneri_A	1292.0
MG-Run35-Ech-1	GCF_000722685.1	25	1	0	0.7071067811865475	0.23975006109347674	d__Bacteria;p__Bacillota;c__Bacilli;o__Lactobacillales;f__Streptococcaceae;g__Streptococcus;s__Streptococcus mitis_M	28037.0
MG-Run35-Ech-1	GCF_000423145.1	25	1	0	0.7071067811865475	0.23975006109347674	d__Bacteria;p__Bacillota_A;c__Clostridia;o__Tissierellales;f__Peptoniphilaceae;g__Helcococcus;s__Helcococcus sueciensis	1121947.0
MG-Run35-Ech-1	GCF_901472495.1	25	1	0	0.7071067811865475	0.23975006109347674	d__Bacteria;p__Pseudomonadota;c__Gammaproteobacteria;o__Enterobacterales;f__Enterobacteriaceae;g__Yersinia;s__Yersinia enterocolitica	630.0
MG-Run35-Ech-1	GCA_904846265.1	25	1	0	0.7071067811865475	0.23975006109347674	d__Bacteria;p__Pseudomonadota;c__Gammaproteobacteria;o__Pseudomonadales;f__Moraxellaceae;g__Psychrobacter;s__Psychrobacter immobilis_A	1947360.0
MG-Run35-Ech-1	GCF_014205115.1	25	1	0	0.7071067811865475	0.23975006109347674	d__Bacteria;p__Actinomycetota;c__Actinomycetes;o__Actinomycetales;f__Micrococcaceae;g__Micrococcus;s__Micrococcus endophyticus	1270.0
MG-Run35-Ech-1	GCF_000176515.1	25	1	1	-0.4082482904638631	0.6584543008451956	d__Bacteria;p__Pseudomonadota;c__Gammaproteobacteria;o__Enterobacterales;f__Vibrionaceae;g__Enterovibrio;s__Enterovibrio hollisae	673.0
MG-Run35-Ech-1	GCF_013408445.1	25	1	0	0.7071067811865475	0.23975006109347674	d__Bacteria;p__Actinomycetota;c__Actinomycetes;o__Mycobacteriales;f__Mycobacteriaceae;g__Corynebacterium;s__Corynebacterium tuberculostearicum	38304.0
MG-Run35-Ech-1	GCF_019048265.1	25	1	0	0.7071067811865475	0.23975006109347674	d__Bacteria;p__Pseudomonadota;c__Gammaproteobacteria;o__Enterobacterales;f__Aeromonadaceae;g__Aeromonas;s__Aeromonas veronii_A	654.0
MG-Run35-Ech-1	GCF_000188055.2	25	1	0	0.7071067811865475	0.23975006109347674	d__Bacteria;p__Bacillota;c__Bacilli;o__Lactobacillales;f__Streptococcaceae;g__Streptococcus;s__Streptococcus urinalis	764291.0
MG-Run35-Ech-1	GCF_000368025.1	25	1	3	-1.3363062095621219	0.9092753961392899	d__Bacteria;p__Pseudomonadota;c__Gammaproteobacteria;o__Pseudomonadales;f__Moraxellaceae;g__Acinetobacter;s__Acinetobacter parvus	1144668.0
MG-Run35-Ech-1	GCF_904846235.1	25	1	1	-0.4082482904638631	0.6584543008451956	d__Bacteria;p__Pseudomonadota;c__Gammaproteobacteria;o__Pseudomonadales;f__Moraxellaceae;g__Psychrobacter;s__Psychrobacter immobilis_C	498.0
MG-Run35-Ech-1	GCF_000688395.1	25	1	0	0.7071067811865475	0.23975006109347674	d__Bacteria;p__Actinomycetota;c__Actinomycetes;o__Actinomycetales;f__Micrococcaceae;g__Haematomicrobium;s__Haematomicrobium sanguinis	1121020.0
MG-Run35-Ech-1	GCF_022026395.1	25	1	0	0.7071067811865475	0.23975006109347674	d__Bacteria;p__Bacillota;c__Bacilli;o__Brevibacillales;f__Brevibacillaceae;g__Brevibacillus;s__Brevibacillus sp013284355	2825881.0
MG-Run35-Ech-1	GCF_002902235.1	25	1	0	0.7071067811865475	0.23975006109347674	d__Bacteria;p__Bacillota;c__Bacilli;o__Staphylococcales;f__Staphylococcaceae;g__Staphylococcus;s__Staphylococcus ureilyticus	2804101.0
MG-Run35-Ech-1	GCF_015223095.1	25	1	0	0.7071067811865475	0.23975006109347674	d__Bacteria;p__Pseudomonadota;c__Gammaproteobacteria;o__Pseudomonadales;f__Moraxellaceae;g__Moraxella;s__Moraxella sp015223095	477.0
MG-Run35-Ech-1	GCF_030732225.1	25	1	0	0.7071067811865475	0.23975006109347674	d__Bacteria;p__Bacillota;c__Bacilli;o__Lactobacillales;f__Streptococcaceae;g__Streptococcus;s__Streptococcus iniae	1346.0
MG-Run35-Ech-1	GCF_000740775.1	25	1	2	-0.9486832980505138	0.8286091444260443	d__Bacteria;p__Pseudomonadota;c__Alphaproteobacteria;o__Rhodobacterales;f__Rhodobacteraceae;g__Haematobacter;s__Haematobacter missouriensis	366616.0
MG-Run35-Ech-1	GCF_029024105.1	25	1	2	-0.9486832980505138	0.8286091444260443	d__Bacteria;p__Pseudomonadota;c__Gammaproteobacteria;o__Pseudomonadales;f__Moraxellaceae;g__Acinetobacter;s__Acinetobacter lwoffii	28090.0
MG-Run35-Ech-1	GCA_923184405.1	25	1	0	0.7071067811865475	0.23975006109347674	d__Bacteria;p__Pseudomonadota;c__Gammaproteobacteria;o__Burkholderiales;f__Neisseriaceae;g__Neisseria;s__Neisseria meningitidis_C	487.0
MG-Run35-Ech-1	GCA_029593465.1	25	1	0	0.7071067811865475	0.23975006109347674	d__Bacteria;p__Bacillota;c__Bacilli;o__Lactobacillales;f__Streptococcaceae;g__Streptococcus;s__Streptococcus suis_AH	1307.0
MG-Run35-Ech-1	GCA_900299025.1	25	1	0	0.7071067811865475	0.23975006109347674	d__Bacteria;p__Pseudomonadota;c__Gammaproteobacteria;o__Burkholderiales;f__Burkholderiaceae;g__UBA3064;s__UBA3064 sp005787245	2030806.0
MG-Run35-Ech-1	GCF_001654835.1	25	1	0	0.7071067811865475	0.23975006109347674	d__Bacteria;p__Pseudomonadota;c__Gammaproteobacteria;o__Enterobacterales;f__Enterobacteriaceae;g__Buttiauxella;s__Buttiauxella gaviniae	2485120.0
MG-Run35-Ech-1	GCF_002577405.1	25	1	0	0.7071067811865475	0.23975006109347674	d__Bacteria;p__Bacillota;c__Bacilli;o__Bacillales;f__Bacillaceae_G;g__Bacillus_A;s__Bacillus_A cereus_AU	1396.0
MG-Run35-Ech-1	GCF_001989995.2	25	1	0	0.7071067811865475	0.23975006109347674	d__Bacteria;p__Pseudomonadota;c__Gammaproteobacteria;o__Enterobacterales;f__Vibrionaceae;g__Vibrio;s__Vibrio anguillarum	55601.0
MG-Run35-Ech-1	GCF_003347135.1	25	1	1	-0.4082482904638631	0.6584543008451956	d__Bacteria;p__Pseudomonadota;c__Gammaproteobacteria;o__Francisellales;f__Francisellaceae;g__Francisella;s__Francisella opportunistica	2016517.0
MG-Run35-Ech-1	GCF_002902725.1	25	1	0	0.7071067811865475	0.23975006109347674	d__Bacteria;p__Bacillota;c__Bacilli;o__Staphylococcales;f__Staphylococcaceae;g__Staphylococcus;s__Staphylococcus caprae	29380.0
MG-Run35-Ech-1	GCF_011455495.1	25	1	0	0.7071067811865475	0.23975006109347674	d__Bacteria;p__Pseudomonadota;c__Gammaproteobacteria;o__Enterobacterales;f__Pasteurellaceae;g__Frederiksenia;s__Frederiksenia canicola	123824.0
MG-Run35-Ech-1	GCF_002564555.1	25	1	0	0.7071067811865475	0.23975006109347674	d__Bacteria;p__Bacillota;c__Bacilli;o__Bacillales;f__Bacillaceae_G;g__Bacillus_A;s__Bacillus_A cereus_K	1396.0
MG-Run35-Ech-1	GCA_905186105.1	25	1	0	0.7071067811865475	0.23975006109347674	d__Bacteria;p__Pseudomonadota;c__Gammaproteobacteria;o__Burkholderiales;f__Burkholderiaceae;g__Sutterella;s__Sutterella sp905186105	40545.0
MG-Run35-Ech-1	GCF_004785665.1	25	1	0	0.7071067811865475	0.23975006109347674	d__Bacteria;p__Bacillota;c__Bacilli;o__Staphylococcales;f__Staphylococcaceae;g__Staphylococcus;s__Staphylococcus pragensis	1611836.0
MG-Run35-Ech-1	GCA_011612585.1	25	1	0	0.7071067811865475	0.23975006109347674	d__Bacteria;p__Bacillota;c__Bacilli;o__Lactobacillales;f__Streptococcaceae;g__Streptococcus;s__Streptococcus cristatus_H	2487316.0
MG-Run35-Ech-1	GCF_000235505.1	25	1	0	0.7071067811865475	0.23975006109347674	d__Bacteria;p__Bacillota_A;c__Clostridia;o__Lachnospirales;f__Lachnospiraceae;g__Hungatella_A;s__Hungatella_A hathewayi_A	742737.0
MG-Run35-Ech-1	GCF_905125285.1	25	1	0	0.7071067811865475	0.23975006109347674	d__Bacteria;p__Bacillota;c__Bacilli;o__Lactobacillales;f__Aerococcaceae;g__Aerococcus;s__Aerococcus urinae_E	2976811.0
MG-Run35-Ech-1	GCF_904846225.1	25	1	0	0.7071067811865475	0.23975006109347674	d__Bacteria;p__Pseudomonadota;c__Gammaproteobacteria;o__Pseudomonadales;f__Moraxellaceae;g__Psychrobacter;s__Psychrobacter immobilis_F	498.0
MG-Run35-Ech-1	GCF_000407565.1	25	1	0	0.7071067811865475	0.23975006109347674	d__Bacteria;p__Bacillota;c__Bacilli;o__Lactobacillales;f__Enterococcaceae;g__Enterococcus_E;s__Enterococcus_E cecorum	44008.0
MG-Run35-Ech-1	GCF_001548235.1	25	1	0	0.7071067811865475	0.23975006109347674	d__Bacteria;p__Actinomycetota;c__Actinomycetes;o__Actinomycetales;f__Micrococcaceae;g__Rothia;s__Rothia mucilaginosa_B	43675.0
MG-Run35-Ech-1	GCA_004345325.1	25	1	1	-0.4082482904638631	0.6584543008451956	d__Bacteria;p__Pseudomonadota;c__Gammaproteobacteria;o__Pseudomonadales;f__Moraxellaceae;g__Acinetobacter;s__Acinetobacter calcoaceticus_D	471.0
MG-Run35-Ech-1	GCF_000178995.1	25	1	1	-0.4082482904638631	0.6584543008451956	d__Bacteria;p__Pseudomonadota;c__Alphaproteobacteria;o__Rhizobiales;f__Xanthobacteraceae;g__Afipia;s__Afipia sp000178995	2072420.0
MG-Run35-Ech-1	GCF_900087055.1	25	1	1	-0.4082482904638631	0.6584543008451956	d__Bacteria;p__Pseudomonadota;c__Gammaproteobacteria;o__Enterobacterales;f__Enterobacteriaceae;g__Plesiomonas;s__Plesiomonas shigelloides	703.0
MG-Run35-Ech-1	GCF_002014965.1	25	1	2	-0.9486832980505138	0.8286091444260443	d__Bacteria;p__Pseudomonadota;c__Gammaproteobacteria;o__Pseudomonadales;f__Moraxellaceae;g__Moraxella;s__Moraxella canis	90239.0
MG-Run35-Ech-1	GCF_001945665.1	25	1	0	0.7071067811865475	0.23975006109347674	d__Bacteria;p__Spirochaetota;c__Spirochaetia;o__Borreliales;f__Borreliaceae;g__Borreliella;s__Borreliella mayonii	1674146.0
MG-Run35-Ech-1	GCF_003931795.1	25	1	0	0.7071067811865475	0.23975006109347674	d__Bacteria;p__Bacillota_I;c__Bacilli_A;o__Erysipelotrichales;f__Erysipelotrichaceae;g__Erysipelothrix;s__Erysipelothrix piscisicarius	2500579.0
MG-Run35-Ech-1	GCF_018332515.1	25	1	0	0.7071067811865475	0.23975006109347674	d__Bacteria;p__Bacillota;c__Bacilli;o__Bacillales;f__Bacillaceae_G;g__Bacillus_A;s__Bacillus_A hominis	1405.0
MG-Run35-Ech-1	GCF_004792415.1	25	1	0	0.7071067811865475	0.23975006109347674	d__Bacteria;p__Pseudomonadota;c__Gammaproteobacteria;o__Enterobacterales;f__Enterobacteriaceae;g__Pantoea;s__Pantoea vagans	470934.0
MG-Run35-Ech-1	GCF_000622145.1	25	1	0	0.7071067811865475	0.23975006109347674	d__Bacteria;p__Pseudomonadota;c__Alphaproteobacteria;o__Rhodobacterales;f__Rhodobacteraceae;g__Paracoccus;s__Paracoccus yeei	147645.0
MG-Run35-Ech-1	GCF_003660105.1	25	1	0	0.7071067811865475	0.23975006109347674	d__Bacteria;p__Campylobacterota;c__Campylobacteria;o__Campylobacterales;f__Arcobacteraceae;g__Aliarcobacter;s__Aliarcobacter cryaerophilus	1032070.0
MG-Run35-Ech-1	GCF_018224615.1	25	1	0	0.7071067811865475	0.23975006109347674	d__Bacteria;p__Actinomycetota;c__Actinomycetes;o__Actinomycetales;f__Microbacteriaceae;g__Microbacterium;s__Microbacterium paraoxydans_B	199592.0
MG-Run35-Ech-1	GCF_000257865.1	25	1	0	0.7071067811865475	0.23975006109347674	d__Bacteria;p__Bacillota;c__Bacilli;o__Lactobacillales;f__Streptococcaceae;g__Streptococcus;s__Streptococcus mitis_CQ	1095736.0
MG-Run35-Ech-1	GCF_022631235.2	25	1	1	-0.4082482904638631	0.6584543008451956	d__Bacteria;p__Pseudomonadota;c__Gammaproteobacteria;o__Pseudomonadales;f__Moraxellaceae;g__Psychrobacter;s__Psychrobacter sanguinis_A	1569265.0
MG-Run35-Ech-1	GCF_006494375.1	25	1	1	-0.4082482904638631	0.6584543008451956	d__Bacteria;p__Pseudomonadota;c__Gammaproteobacteria;o__Enterobacterales;f__Enterobacteriaceae;g__Pantoea;s__Pantoea anthophila	2608035.0
MG-Run35-Ech-1	GCF_009496205.1	25	1	0	0.7071067811865475	0.23975006109347674	d__Bacteria;p__Bacillota;c__Bacilli;o__Lactobacillales;f__Streptococcaceae;g__Streptococcus;s__Streptococcus mitis_BN	28037.0
MG-Run35-Ech-1	GCA_015356505.1	25	1	0	0.7071067811865475	0.23975006109347674	d__Bacteria;p__Pseudomonadota;c__Gammaproteobacteria;o__Enterobacterales;f__Enterobacteriaceae;g__Morganella;s__Morganella morganii_E	582.0
MG-Run35-Ech-1	GCF_014839385.1	25	1	3	-1.3363062095621219	0.9092753961392899	d__Bacteria;p__Pseudomonadota;c__Gammaproteobacteria;o__Pseudomonadales;f__Pseudomonadaceae;g__Pseudomonas_E;s__Pseudomonas_E fluorescens_CB	294.0
MG-Run35-Ech-1	GCF_028308085.1	25	1	0	0.7071067811865475	0.23975006109347674	d__Bacteria;p__Bacillota;c__Bacilli;o__Staphylococcales;f__Gemellaceae;g__Gemella;s__Gemella haemolysans_D	1379.0
MG-Run35-Ech-1	GCF_030408675.1	25	1	0	0.7071067811865475	0.23975006109347674	d__Bacteria;p__Actinomycetota;c__Actinomycetes;o__Mycobacteriales;f__Mycobacteriaceae;g__Corynebacterium;s__Corynebacterium durum	556548.0
MG-Run35-Ech-1	GCF_000263715.2	25	1	0	0.7071067811865475	0.23975006109347674	d__Bacteria;p__Pseudomonadota;c__Gammaproteobacteria;o__Pseudomonadales;f__Pseudomonadaceae;g__Pseudomonas_E;s__Pseudomonas_E synxantha_A	33069.0
MG-Run35-Ech-1	GCF_002885955.2	25	1	0	0.7071067811865475	0.23975006109347674	d__Bacteria;p__Pseudomonadota;c__Gammaproteobacteria;o__Burkholderiales;f__Burkholderiaceae;g__Achromobacter;s__Achromobacter pulmonis_A	1416886.0
MG-Run35-Ech-1	GCF_003330765.1	25	1	0	0.7071067811865475	0.23975006109347674	d__Bacteria;p__Pseudomonadota;c__Gammaproteobacteria;o__Burkholderiales;f__Burkholderiaceae;g__Burkholderia;s__Burkholderia pyrrocinia_B	60550.0
MG-Run35-Ech-1	GCF_018252635.1	25	1	0	0.7071067811865475	0.23975006109347674	d__Bacteria;p__Pseudomonadota;c__Gammaproteobacteria;o__Enterobacterales;f__Enterobacteriaceae;g__Citrobacter_A;s__Citrobacter_A amalonaticus_E	35703.0
MG-Run35-Ech-1	GCF_018917525.1	25	1	0	0.7071067811865475	0.23975006109347674	d__Bacteria;p__Bacillota;c__Bacilli;o__Lactobacillales;f__Enterococcaceae;g__Enterococcus_A;s__Enterococcus_A raffinosus_A	71452.0
MG-Run35-Ech-1	GCF_000816085.1	25	1	0	0.7071067811865475	0.23975006109347674	d__Bacteria;p__Bacillota;c__Bacilli;o__Staphylococcales;f__Staphylococcaceae;g__Staphylococcus;s__Staphylococcus hyicus	1284.0
MG-Run35-Ech-1	GCF_900445255.1	25	1	0	0.7071067811865475	0.23975006109347674	d__Bacteria;p__Pseudomonadota;c__Gammaproteobacteria;o__Enterobacterales;f__Succinivibrionaceae;g__Anaerobiospirillum_A;s__Anaerobiospirillum_A thomasii	179995.0
MG-Run35-Ech-1	GCF_013343215.1	25	1	3	-1.3363062095621219	0.9092753961392899	d__Bacteria;p__Pseudomonadota;c__Gammaproteobacteria;o__Pseudomonadales;f__Moraxellaceae;g__Acinetobacter;s__Acinetobacter lwoffii_C	2563897.0
MG-Run35-Ech-1	GCF_017100085.1	25	1	0	0.7071067811865475	0.23975006109347674	d__Bacteria;p__Bacillota_A;c__Clostridia;o__Clostridiales;f__Clostridiaceae;g__Clostridium_H;s__Clostridium_H botulinum_A	1573941.0
MG-Run35-Ech-1	GCF_001571325.1	25	1	0	0.7071067811865475	0.23975006109347674	d__Bacteria;p__Pseudomonadota;c__Gammaproteobacteria;o__Burkholderiales;f__Burkholderiaceae;g__Comamonas;s__Comamonas tsuruhatensis	114710.0
MG-Run35-Ech-2	GCF_001027105.1	25	1785	0	2523.664102054788	0.0	d__Bacteria;p__Bacillota;c__Bacilli;o__Staphylococcales;f__Staphylococcaceae;g__Staphylococcus;s__Staphylococcus aureus	1280.0
MG-Run35-Ech-2	GCF_003942765.1	25	1048	0	1481.3887065858169	0.0	d__Bacteria;p__Bacillota;c__Bacilli;o__Lactobacillales;f__Streptococcaceae;g__Streptococcus;s__Streptococcus mitis_BE	28037.0
MG-Run35-Ech-2	GCF_000375525.1	25	767	0	1083.9946955589774	0.0	d__Bacteria;p__Actinomycetota;c__Actinomycetes;o__Mycobacteriales;f__Mycobacteriaceae;g__Corynebacterium;s__Corynebacterium propinquum	43769.0
MG-Run35-Ech-2	GCF_001632285.1	25	477	1	388.24412423113375	0.0	d__Bacteria;p__Pseudomonadota;c__Gammaproteobacteria;o__Pseudomonadales;f__Moraxellaceae;g__Moraxella;s__Moraxella catarrhalis	480.0
MG-Run35-Ech-2	GCF_000368145.1	25	454	954	-16.200041065983427	1.0	d__Bacteria;p__Pseudomonadota;c__Gammaproteobacteria;o__Pseudomonadales;f__Moraxellaceae;g__Acinetobacter;s__Acinetobacter guillouiae	2929509.0
MG-Run35-Ech-2	GCF_000469305.1	25	405	0	572.0493859799169	0.0	d__Bacteria;p__Bacillota_I;c__Bacilli_A;o__Erysipelotrichales;f__Erysipelotrichaceae;g__Faecalitalea;s__Faecalitalea cylindroides	39483.0
MG-Run35-Ech-2	GCF_000245815.1	25	372	0	525.3803384216047	0.0	d__Bacteria;p__Bacillota;c__Bacilli;o__Lactobacillales;f__Carnobacteriaceae;g__Dolosigranulum;s__Dolosigranulum pigrum	29394.0
MG-Run35-Ech-2	GCF_000820085.1	25	310	0	437.69909755447287	0.0	d__Bacteria;p__Pseudomonadota;c__Gammaproteobacteria;o__Enterobacterales;f__Aeromonadaceae;g__Aeromonas;s__Aeromonas sanarellii	2778058.0
MG-Run35-Ech-2	GCF_003991585.1	25	177	0	249.60869375885125	0.0	d__Bacteria;p__Pseudomonadota;c__Gammaproteobacteria;o__Burkholderiales;f__Burkholderiaceae;g__Saezia;s__Saezia sanguinis	1965230.0
MG-Run35-Ech-2	GCF_001656295.1	25	170	2	105.9363016156407	0.0	d__Bacteria;p__Pseudomonadota;c__Gammaproteobacteria;o__Pseudomonadales;f__Moraxellaceae;g__Moraxella;s__Moraxella catarrhalis_C	480.0
MG-Run35-Ech-2	GCF_009728485.1	25	170	0	239.70919882223959	0.0	d__Bacteria;p__Bacteroidota;c__Bacteroidia;o__Bacteroidales;f__Bacteroidaceae;g__Prevotella;s__Prevotella vespertina	59823.0
MG-Run35-Ech-2	GCF_902825235.1	25	141	0	198.69700551341984	0.0	d__Bacteria;p__Pseudomonadota;c__Alphaproteobacteria;o__Rhizobiales;f__Rhizobiaceae;g__Bartonella;s__Bartonella vinsonii	33047.0
MG-Run35-Ech-2	GCF_002238115.1	25	138	0	194.45436482630055	0.0	d__Bacteria;p__Bacillota;c__Bacilli;o__Lactobacillales;f__Streptococcaceae;g__Streptococcus;s__Streptococcus sp002238115	257758.0
MG-Run35-Ech-2	GCF_003943815.1	25	124	0	174.65537495307723	0.0	d__Bacteria;p__Bacillota;c__Bacilli;o__Lactobacillales;f__Streptococcaceae;g__Streptococcus;s__Streptococcus cristatus_F	45634.0
MG-Run35-Ech-2	GCF_010858045.1	25	113	0	159.09902576697317	0.0	d__Bacteria;p__Actinomycetota;c__Actinomycetes;o__Mycobacteriales;f__Mycobacteriaceae;g__Nocardia;s__Nocardia cyriacigeorgica_E	135487.0
MG-Run35-Ech-2	GCF_003943825.1	25	105	0	147.78531726798843	0.0	d__Bacteria;p__Bacillota;c__Bacilli;o__Lactobacillales;f__Streptococcaceae;g__Streptococcus;s__Streptococcus oralis_CD	1303.0
MG-Run35-Ech-2	GCF_015477355.1	25	103	0	144.95689014324222	0.0	d__Bacteria;p__Actinomycetota;c__Actinomycetes;o__Mycobacteriales;f__Mycobacteriaceae;g__Nocardia;s__Nocardia blacklockiae	480036.0
MG-Run35-Ech-2	GCF_002959915.1	25	77	0	108.18733752154176	0.0	d__Bacteria;p__Bacillota_C;c__Negativicutes;o__Veillonellales;f__Veillonellaceae;g__Veillonella;s__Veillonella atypica	39777.0
MG-Run35-Ech-2	GCF_000688415.1	25	62	0	86.97413408594534	0.0	d__Bacteria;p__Actinomycetota;c__Actinomycetes;o__Mycobacteriales;f__Mycobacteriaceae;g__Corynebacterium;s__Corynebacterium pseudodiphtheriticum	37637.0
MG-Run35-Ech-2	GCF_000875895.1	25	60	0	84.14570696119915	0.0	d__Bacteria;p__Bacillota;c__Bacilli;o__Staphylococcales;f__Staphylococcaceae;g__Staphylococcus;s__Staphylococcus gallinarum	1293.0
MG-Run35-Ech-2	GCF_001072925.1	25	53	0	74.24621202458748	0.0	d__Bacteria;p__Bacillota;c__Bacilli;o__Lactobacillales;f__Streptococcaceae;g__Streptococcus;s__Streptococcus pseudopneumoniae_Q	257758.0
MG-Run35-Ech-2	GCF_002561295.1	25	46	0	64.34671708797582	0.0	d__Bacteria;p__Bacillota;c__Bacilli;o__Bacillales;f__Bacillaceae_G;g__Bacillus_A;s__Bacillus_A cereus_S	1396.0
MG-Run35-Ech-2	GCF_025561445.1	25	31	0	43.1335136523794	0.0	d__Bacteria;p__Bacillota;c__Bacilli;o__Staphylococcales;f__Staphylococcaceae;g__Staphylococcus;s__Staphylococcus simulans_B	1286.0
MG-Run35-Ech-2	GCF_010868145.1	25	29	0	40.30508652763321	0.0	d__Bacteria;p__Actinomycetota;c__Actinomycetes;o__Mycobacteriales;f__Mycobacteriaceae;g__Nocardia;s__Nocardia cyriacigeorgica_D	135487.0
MG-Run35-Ech-2	GCF_003970865.1	25	27	1	20.820662813657016	0.0	d__Bacteria;p__Pseudomonadota;c__Gammaproteobacteria;o__Xanthomonadales;f__Xanthomonadaceae;g__Stenotrophomonas;s__Stenotrophomonas maltophilia_AR	40324.0
MG-Run35-Ech-2	GCF_001073085.1	25	21	0	28.991378028648448	0.0	d__Bacteria;p__Bacillota;c__Bacilli;o__Lactobacillales;f__Streptococcaceae;g__Streptococcus;s__Streptococcus pseudopneumoniae_M	257758.0
MG-Run35-Ech-2	GCF_013393365.1	25	18	0	24.74873734152916	0.0	d__Bacteria;p__Bacillota_C;c__Negativicutes;o__Veillonellales;f__Veillonellaceae;g__Veillonella;s__Veillonella nakazawae	1926307.0
MG-Run35-Ech-2	GCF_000832605.1	25	16	0	21.920310216782973	0.0	d__Bacteria;p__Bacillota;c__Bacilli;o__Bacillales;f__Bacillaceae_G;g__Bacillus_A;s__Bacillus_A mycoides	1405.0
MG-Run35-Ech-2	GCF_018127785.1	25	15	0	20.506096654409877	0.0	d__Bacteria;p__Bacteroidota;c__Bacteroidia;o__Bacteroidales;f__Bacteroidaceae;g__Prevotella;s__Prevotella scopos	1236518.0
MG-Run35-Ech-2	GCF_014838735.1	25	15	0	20.506096654409877	0.0	d__Bacteria;p__Bacillota;c__Bacilli;o__Lactobacillales;f__Lactobacillaceae;g__Limosilactobacillus;s__Limosilactobacillus portuensis	2742601.0
MG-Run35-Ech-2	GCF_013387485.1	25	15	19	-1.019049330730136	0.8459102262664729	d__Bacteria;p__Pseudomonadota;c__Gammaproteobacteria;o__Xanthomonadales;f__Xanthomonadaceae;g__Stenotrophomonas;s__Stenotrophomonas maltophilia_AA	2723077.0
MG-Run35-Ech-2	GCF_029024965.1	25	14	0	19.09188309203678	0.0	d__Bacteria;p__Bacillota;c__Bacilli;o__Staphylococcales;f__Staphylococcaceae;g__Staphylococcus;s__Staphylococcus equorum	246432.0
MG-Run35-Ech-2	GCF_007673305.1	25	13	0	17.677669529663685	0.0	d__Bacteria;p__Bacillota;c__Bacilli;o__Bacillales;f__Bacillaceae_G;g__Bacillus_A;s__Bacillus_A mycoides_C	1396.0
MG-Run35-Ech-2	GCF_023520795.1	25	11	0	14.849242404917497	0.0	d__Bacteria;p__Actinomycetota;c__Actinomycetes;o__Mycobacteriales;f__Mycobacteriaceae;g__Corynebacterium;s__Corynebacterium accolens	38284.0
MG-Run35-Ech-2	GCF_001636405.1	25	11	1	7.756717518813398	4.440892098500626e-15	d__Bacteria;p__Bacillota;c__Bacilli;o__Bacillales_B;f__DSM-1321;g__Peribacillus;s__Peribacillus frigoritolerans	450367.0
MG-Run35-Ech-2	GCF_000236925.1	25	10	0	13.435028842544401	0.0	d__Bacteria;p__Bacillota;c__Bacilli;o__Staphylococcales;f__Staphylococcaceae;g__Staphylococcus;s__Staphylococcus argenteus	985002.0
MG-Run35-Ech-2	GCF_007990635.1	25	9	0	12.020815280171307	0.0	d__Bacteria;p__Fusobacteriota;c__Fusobacteriia;o__Fusobacteriales;f__Leptotrichiaceae;g__Leptotrichia;s__Leptotrichia hongkongensis	554406.0
MG-Run35-Ech-2	GCF_902159415.1	25	9	0	12.020815280171307	0.0	d__Bacteria;p__Bacillota;c__Bacilli;o__Lactobacillales;f__Streptococcaceae;g__Streptococcus;s__Streptococcus mitis_BG	28037.0
MG-Run35-Ech-2	GCF_000024945.1	25	9	0	12.020815280171307	0.0	d__Bacteria;p__Bacillota_C;c__Negativicutes;o__Veillonellales;f__Veillonellaceae;g__Veillonella;s__Veillonella parvula	29466.0
MG-Run35-Ech-2	GCF_000218235.1	25	8	0	10.606601717798211	0.0	d__Bacteria;p__Bacteroidota;c__Bacteroidia;o__Bacteroidales;f__Bacteroidaceae;g__Prevotella;s__Prevotella multisaccharivorax	688246.0
MG-Run35-Ech-2	GCF_029433855.1	25	8	1	5.30722777603022	5.5652527919392014e-8	d__Bacteria;p__Pseudomonadota;c__Gammaproteobacteria;o__Enterobacterales;f__Enterobacteriaceae;g__Kosakonia;s__Kosakonia cowanii_A	208223.0
MG-Run35-Ech-2	GCF_002901995.1	25	7	0	9.192388155425117	0.0	d__Bacteria;p__Bacillota;c__Bacilli;o__Staphylococcales;f__Staphylococcaceae;g__Staphylococcus;s__Staphylococcus coagulans	74706.0
MG-Run35-Ech-2	GCF_900453105.1	25	7	0	9.192388155425117	0.0	d__Bacteria;p__Pseudomonadota;c__Gammaproteobacteria;o__Pseudomonadales;f__Moraxellaceae;g__Moraxella;s__Moraxella ovis	29433.0
MG-Run35-Ech-2	GCF_900637655.1	25	7	0	9.192388155425117	0.0	d__Bacteria;p__Bacteroidota;c__Bacteroidia;o__Bacteroidales;f__Bacteroidaceae;g__Prevotella;s__Prevotella oris	1122989.0
MG-Run35-Ech-2	GCF_009496285.1	25	7	0	9.192388155425117	0.0	d__Bacteria;p__Bacillota;c__Bacilli;o__Lactobacillales;f__Streptococcaceae;g__Streptococcus;s__Streptococcus mitis_BP	28037.0
MG-Run35-Ech-2	GCF_002564555.1	25	7	0	9.192388155425117	0.0	d__Bacteria;p__Bacillota;c__Bacilli;o__Bacillales;f__Bacillaceae_G;g__Bacillus_A;s__Bacillus_A cereus_K	1396.0
MG-Run35-Ech-2	GCF_900168205.1	25	7	64	-7.159587273193939	0.9999999999995954	d__Bacteria;p__Bacteroidota;c__Bacteroidia;o__Flavobacteriales;f__Weeksellaceae;g__Chryseobacterium;s__Chryseobacterium balustinum	246.0
MG-Run35-Ech-2	GCA_002578045.1	25	6	0	7.7781745930520225	3.6637359812630166e-15	d__Bacteria;p__Bacillota;c__Bacilli;o__Bacillales;f__Bacillaceae_G;g__Bacillus_A;s__Bacillus_A cereus_AK	1396.0
MG-Run35-Ech-2	GCF_008327825.1	25	6	0	7.7781745930520225	3.6637359812630166e-15	d__Bacteria;p__Fusobacteriota;c__Fusobacteriia;o__Fusobacteriales;f__Leptotrichiaceae;g__Leptotrichia;s__Leptotrichia shahii	157691.0
MG-Run35-Ech-2	GCF_030515985.1	25	6	0	7.7781745930520225	3.6637359812630166e-15	d__Bacteria;p__Actinomycetota;c__Actinomycetes;o__Mycobacteriales;f__Mycobacteriaceae;g__Corynebacterium;s__Corynebacterium sp022346005	2918194.0
MG-Run35-Ech-2	GCF_003942795.1	25	6	0	7.7781745930520225	3.6637359812630166e-15	d__Bacteria;p__Bacillota;c__Bacilli;o__Lactobacillales;f__Streptococcaceae;g__Streptococcus;s__Streptococcus mitis_BJ	28037.0
MG-Run35-Ech-2	GCF_022493055.1	25	6	1	3.6742346141747673	0.00011928172701436424	d__Bacteria;p__Bacillota;c__Bacilli;o__Staphylococcales;f__Staphylococcaceae;g__Staphylococcus;s__Staphylococcus singaporensis	2742142.0
MG-Run35-Ech-2	GCF_000377625.1	25	6	0	7.7781745930520225	3.6637359812630166e-15	d__Bacteria;p__Bacteroidota;c__Bacteroidia;o__Bacteroidales;f__Bacteroidaceae;g__Prevotella;s__Prevotella veroralis	649761.0
MG-Run35-Ech-2	GCF_018252635.1	25	6	0	7.7781745930520225	3.6637359812630166e-15	d__Bacteria;p__Pseudomonadota;c__Gammaproteobacteria;o__Enterobacterales;f__Enterobacteriaceae;g__Citrobacter_A;s__Citrobacter_A amalonaticus_E	35703.0
MG-Run35-Ech-2	GCF_002902385.1	25	5	0	6.363961030678928	9.830802838450836e-11	d__Bacteria;p__Bacillota;c__Bacilli;o__Staphylococcales;f__Staphylococcaceae;g__Staphylococcus;s__Staphylococcus intermedius	1285.0
MG-Run35-Ech-2	GCA_022811845.1	25	5	0	6.363961030678928	9.830802838450836e-11	d__Bacteria;p__Bacillota;c__Bacilli;o__Bacillales;f__Bacillaceae_G;g__Bacillus_A;s__Bacillus_A cereus_AV	1396.0
MG-Run35-Ech-2	GCF_002567495.1	25	5	0	6.363961030678928	9.830802838450836e-11	d__Bacteria;p__Bacillota;c__Bacilli;o__Bacillales;f__Bacillaceae_G;g__Bacillus_A;s__Bacillus_A cereus_AQ	1396.0
MG-Run35-Ech-2	GCF_001543145.1	25	5	0	6.363961030678928	9.830802838450836e-11	d__Bacteria;p__Bacillota;c__Bacilli;o__Lactobacillales;f__Aerococcaceae;g__Aerococcus;s__Aerococcus sanguinicola	119206.0
MG-Run35-Ech-2	GCF_000039765.1	25	5	0	6.363961030678928	9.830802838450836e-11	d__Bacteria;p__Pseudomonadota;c__Gammaproteobacteria;o__Enterobacterales;f__Vibrionaceae;g__Vibrio;s__Vibrio vulnificus_B	672.0
MG-Run35-Ech-2	GCA_946190245.1	25	4	0	4.949747468305833	3.7154918619553e-7	d__Bacteria;p__Bacillota;c__Bacilli;o__Lactobacillales;f__Streptococcaceae;g__Streptococcus;s__Streptococcus mitis_CT	28037.0
MG-Run35-Ech-2	GCF_000473245.1	25	4	1	2.041241452319315	0.020613416668581852	d__Bacteria;p__Bacillota;c__Bacilli;o__Bacillales_B;f__DSM-18226;g__Bacillus_AB;s__Bacillus_AB infantis	313627.0
MG-Run35-Ech-2	GCA_016925055.1	25	4	0	4.949747468305833	3.7154918619553e-7	d__Bacteria;p__Bacillota;c__Bacilli;o__Bacillales;f__Bacillaceae_G;g__Bacillus_A;s__Bacillus_A pacificus	2026187.0
MG-Run35-Ech-2	GCF_014647715.1	25	4	17	-3.2271172452028627	0.9993747789432947	d__Bacteria;p__Pseudomonadota;c__Gammaproteobacteria;o__Pseudomonadales;f__Moraxellaceae;g__Moraxella_A;s__Moraxella_A cinereus	1946462.0
MG-Run35-Ech-2	GCF_000021305.1	25	4	0	4.949747468305833	3.7154918619553e-7	d__Bacteria;p__Bacillota;c__Bacilli;o__Bacillales;f__Bacillaceae_G;g__Bacillus_A;s__Bacillus_A thuringiensis_S	1428.0
MG-Run35-Ech-2	GCF_001836735.1	25	4	0	4.949747468305833	3.7154918619553e-7	d__Bacteria;p__Actinomycetota;c__Actinomycetes;o__Actinomycetales;f__Micrococcaceae;g__Rothia;s__Rothia sp001836735	316088.0
MG-Run35-Ech-2	GCF_003241315.1	25	4	0	4.949747468305833	3.7154918619553e-7	d__Bacteria;p__Actinomycetota;c__Actinomycetes;o__Mycobacteriales;f__Mycobacteriaceae;g__Lawsonella;s__Lawsonella clevelandensis_A	2041415.0
MG-Run35-Ech-2	GCF_000369065.1	25	4	0	4.949747468305833	3.7154918619553e-7	d__Bacteria;p__Pseudomonadota;c__Gammaproteobacteria;o__Pseudomonadales;f__Moraxellaceae;g__Acinetobacter;s__Acinetobacter haemolyticus	29430.0
MG-Run35-Ech-2	GCF_013267595.1	25	4	0	4.949747468305833	3.7154918619553e-7	d__Bacteria;p__Bacteroidota;c__Bacteroidia;o__Bacteroidales;f__Bacteroidaceae;g__Prevotella;s__Prevotella melaninogenica_D	28132.0
MG-Run35-Ech-2	GCF_001075875.1	25	4	0	4.949747468305833	3.7154918619553e-7	d__Bacteria;p__Bacillota;c__Bacilli;o__Lactobacillales;f__Streptococcaceae;g__Streptococcus;s__Streptococcus oralis_I	1303.0
MG-Run35-Ech-2	GCA_010604095.1	25	4	0	4.949747468305833	3.7154918619553e-7	d__Bacteria;p__Bacillota;c__Bacilli;o__Lactobacillales;f__Streptococcaceae;g__Streptococcus;s__Streptococcus sp000187445	1316412.0
MG-Run35-Ech-2	GCF_002014765.1	25	4	4	-0.23570226039551587	0.5931681421166041	d__Bacteria;p__Pseudomonadota;c__Gammaproteobacteria;o__Pseudomonadales;f__Moraxellaceae;g__Moraxella_C;s__Moraxella_C lincolnii	90241.0
MG-Run35-Ech-2	GCF_003609775.1	25	4	0	4.949747468305833	3.7154918619553e-7	d__Bacteria;p__Bacteroidota;c__Bacteroidia;o__Bacteroidales;f__Bacteroidaceae;g__Prevotella;s__Prevotella melaninogenica_A	28132.0
MG-Run35-Ech-2	GCF_003970495.1	25	4	0	4.949747468305833	3.7154918619553e-7	d__Bacteria;p__Bacillota;c__Bacilli;o__Staphylococcales;f__Staphylococcaceae;g__Staphylococcus;s__Staphylococcus pasteuri	2653174.0
MG-Run35-Ech-2	GCF_014131735.1	25	3	0	3.5355339059327373	0.00020347600872250293	d__Bacteria;p__Bacillota;c__Bacilli;o__Lactobacillales;f__Lactobacillaceae;g__Lactiplantibacillus;s__Lactiplantibacillus plantarum	1590.0
MG-Run35-Ech-2	GCF_000007825.1	25	3	0	3.5355339059327373	0.00020347600872250293	d__Bacteria;p__Bacillota;c__Bacilli;o__Bacillales;f__Bacillaceae_G;g__Bacillus_A;s__Bacillus_A cereus	1428.0
MG-Run35-Ech-2	GCA_002929465.1	25	3	0	3.5355339059327373	0.00020347600872250293	d__Bacteria;p__Actinomycetota;c__Actinomycetes;o__Actinomycetales;f__Micrococcaceae;g__Arthrobacter;s__Arthrobacter scleromae	158897.0
MG-Run35-Ech-2	GCF_002014965.1	25	3	2	0.31622776601683794	0.3759148170229246	d__Bacteria;p__Pseudomonadota;c__Gammaproteobacteria;o__Pseudomonadales;f__Moraxellaceae;g__Moraxella;s__Moraxella canis	90239.0
MG-Run35-Ech-2	GCF_000742895.1	25	3	0	3.5355339059327373	0.00020347600872250293	d__Bacteria;p__Bacillota;c__Bacilli;o__Bacillales;f__Bacillaceae_G;g__Bacillus_A;s__Bacillus_A anthracis	1396.0
MG-Run35-Ech-2	GCF_008180445.1	25	3	0	3.5355339059327373	0.00020347600872250293	d__Bacteria;p__Bacillota;c__Bacilli;o__Bacillales_B;f__DSM-18226;g__Bacillus_AB;s__Bacillus_AB infantis_B	157472.0
MG-Run35-Ech-2	GCF_001595725.1	25	3	0	3.5355339059327373	0.00020347600872250293	d__Bacteria;p__Bacillota;c__Bacilli;o__Bacillales;f__Bacillaceae_G;g__Bacillus_A;s__Bacillus_A thuringiensis_K	2920310.0
MG-Run35-Ech-2	GCF_009932725.1	25	3	0	3.5355339059327373	0.00020347600872250293	d__Bacteria;p__Pseudomonadota;c__Gammaproteobacteria;o__Pseudomonadales;f__Pseudomonadaceae;g__Pseudomonas_E;s__Pseudomonas_E yangonensis	2579922.0
MG-Run35-Ech-2	GCF_002902325.1	25	3	0	3.5355339059327373	0.00020347600872250293	d__Bacteria;p__Bacillota;c__Bacilli;o__Staphylococcales;f__Staphylococcaceae;g__Staphylococcus;s__Staphylococcus capitis	29388.0
MG-Run35-Ech-2	GCF_002195995.1	25	3	0	3.5355339059327373	0.00020347600872250293	d__Bacteria;p__Pseudomonadota;c__Alphaproteobacteria;o__DSM-16000;f__Inquilinaceae;g__Inquilinus;s__Inquilinus limosus_C	171674.0
MG-Run35-Ech-2	GCF_001455345.1	25	3	0	3.5355339059327373	0.00020347600872250293	d__Bacteria;p__Bacillota;c__Bacilli;o__Bacillales;f__Bacillaceae_G;g__Bacillus_A;s__Bacillus_A thuringiensis_N	1396.0
MG-Run35-Ech-2	GCF_014932895.1	25	3	0	3.5355339059327373	0.00020347600872250293	d__Bacteria;p__Bacillota;c__Bacilli;o__Bacillales;f__Bacillaceae_G;g__Bacillus_A;s__Bacillus_A thuringiensis_AA	1428.0
MG-Run35-Ech-2	GCF_002901845.1	25	3	0	3.5355339059327373	0.00020347600872250293	d__Bacteria;p__Bacillota;c__Bacilli;o__Staphylococcales;f__Staphylococcaceae;g__Staphylococcus;s__Staphylococcus hominis	1290.0
MG-Run35-Ech-2	GCF_019458035.1	25	3	0	3.5355339059327373	0.00020347600872250293	d__Bacteria;p__Bacillota;c__Bacilli;o__Lactobacillales;f__Streptococcaceae;g__Streptococcus;s__Streptococcus oralis_BP	1303.0
MG-Run35-Ech-2	GCF_003030305.1	25	3	0	3.5355339059327373	0.00020347600872250293	d__Bacteria;p__Actinomycetota;c__Actinomycetes;o__Propionibacteriales;f__Propionibacteriaceae;g__Cutibacterium;s__Cutibacterium acnes	765068.0
MG-Run35-Ech-2	GCF_003286825.2	25	3	0	3.5355339059327373	0.00020347600872250293	d__Bacteria;p__Bacillota;c__Bacilli;o__Lactobacillales;f__Aerococcaceae;g__Aerococcus;s__Aerococcus urinae_B	1376.0
MG-Run35-Ech-2	GCF_002912215.1	25	2	0	2.1213203435596424	0.01694742676234462	d__Bacteria;p__Bacillota;c__Bacilli;o__Bacillales;f__Bacillaceae_G;g__Bacillus_A;s__Bacillus_A bombysepticus	52024.0
MG-Run35-Ech-2	GCF_003589745.1	25	2	0	2.1213203435596424	0.01694742676234462	d__Bacteria;p__Bacillota_A;c__Clostridia;o__Lachnospirales;f__Lachnospiraceae;g__Lachnoanaerobaculum;s__Lachnoanaerobaculum umeaense	617123.0
MG-Run35-Ech-2	GCF_003286645.2	25	2	0	2.1213203435596424	0.01694742676234462	d__Bacteria;p__Bacillota;c__Bacilli;o__Lactobacillales;f__Aerococcaceae;g__Aerococcus;s__Aerococcus urinae_C	1376.0
MG-Run35-Ech-2	GCA_023715645.1	25	2	1	0.4082482904638631	0.34154569915480437	d__Bacteria;p__Bacillota;c__Bacilli;o__Bacillales;f__Bacillaceae_G;g__Bacillus_A;s__Bacillus_A cytotoxicus_A	580165.0
MG-Run35-Ech-2	GCF_002559825.1	25	2	0	2.1213203435596424	0.01694742676234462	d__Bacteria;p__Bacillota;c__Bacilli;o__Bacillales;f__Bacillaceae_G;g__Bacillus_A;s__Bacillus_A thuringiensis	1428.0
MG-Run35-Ech-2	GCF_028308085.1	25	2	0	2.1213203435596424	0.01694742676234462	d__Bacteria;p__Bacillota;c__Bacilli;o__Staphylococcales;f__Gemellaceae;g__Gemella;s__Gemella haemolysans_D	1379.0
MG-Run35-Ech-2	GCA_923184405.1	25	2	0	2.1213203435596424	0.01694742676234462	d__Bacteria;p__Pseudomonadota;c__Gammaproteobacteria;o__Burkholderiales;f__Neisseriaceae;g__Neisseria;s__Neisseria meningitidis_C	487.0
MG-Run35-Ech-2	GCF_000740775.1	25	2	2	-0.31622776601683794	0.6240851829770754	d__Bacteria;p__Pseudomonadota;c__Alphaproteobacteria;o__Rhodobacterales;f__Rhodobacteraceae;g__Haematobacter;s__Haematobacter missouriensis	366616.0
MG-Run35-Ech-2	GCF_000368865.1	25	2	1	0.4082482904638631	0.34154569915480437	d__Bacteria;p__Pseudomonadota;c__Gammaproteobacteria;o__Pseudomonadales;f__Moraxellaceae;g__Acinetobacter;s__Acinetobacter bouvetii	1120925.0
MG-Run35-Ech-2	GCF_900114045.1	25	2	0	2.1213203435596424	0.01694742676234462	d__Bacteria;p__Bacteroidota;c__Bacteroidia;o__Flavobacteriales;f__Weeksellaceae;g__Kaistella;s__Kaistella treverensis	631455.0
MG-Run35-Ech-2	GCA_014332815.1	25	2	0	2.1213203435596424	0.01694742676234462	d__Bacteria;p__Bacillota;c__Bacilli;o__Lactobacillales;f__Lactobacillaceae;g__Weissella;s__Weissella confusa_C	1583.0
MG-Run35-Ech-2	GCF_002965065.1	25	2	3	-0.8017837257372732	0.7886609629146824	d__Bacteria;p__Pseudomonadota;c__Gammaproteobacteria;o__Enterobacterales;f__Enterobacteriaceae;g__Escherichia;s__Escherichia sp002965065	2093900.0
MG-Run35-Ech-2	GCF_900636965.1	25	2	0	2.1213203435596424	0.01694742676234462	d__Bacteria;p__Bacillota;c__Bacilli;o__Lactobacillales;f__Lactobacillaceae;g__Lacticaseibacillus;s__Lacticaseibacillus rhamnosus	47715.0
MG-Run35-Ech-2	GCF_005144795.1	25	2	1	0.4082482904638631	0.34154569915480437	d__Bacteria;p__Bacillota;c__Bacilli;o__Lactobacillales;f__Streptococcaceae;g__Streptococcus;s__Streptococcus mitis_BB	28037.0
MG-Run35-Ech-2	GCF_000496285.1	25	2	0	2.1213203435596424	0.01694742676234462	d__Bacteria;p__Bacillota;c__Bacilli;o__Bacillales;f__Bacillaceae_G;g__Bacillus_A;s__Bacillus_A toyonensis	155322.0
MG-Run35-Ech-2	GCF_900106665.1	25	2	0	2.1213203435596424	0.01694742676234462	d__Bacteria;p__Pseudomonadota;c__Alphaproteobacteria;o__Rhodobacterales;f__Rhodobacteraceae;g__Paracoccus;s__Paracoccus sanguinis	1545044.0
MG-Run35-Ech-2	GCF_001884235.1	25	2	0	2.1213203435596424	0.01694742676234462	d__Bacteria;p__Bacillota;c__Bacilli;o__Bacillales;f__Bacillaceae_G;g__Bacillus_A;s__Bacillus_A paramycoides	2920287.0
MG-Run35-Ech-2	GCF_001884035.1	25	2	0	2.1213203435596424	0.01694742676234462	d__Bacteria;p__Bacillota;c__Bacilli;o__Bacillales;f__Bacillaceae_G;g__Bacillus_A;s__Bacillus_A tropicus	1396.0
MG-Run35-Ech-2	GCF_025561425.1	25	2	1	0.4082482904638631	0.34154569915480437	d__Bacteria;p__Bacillota;c__Bacilli;o__Staphylococcales;f__Staphylococcaceae;g__Mammaliicoccus;s__Mammaliicoccus sciuri_A	1296.0
MG-Run35-Ech-2	GCF_000722755.1	25	2	0	2.1213203435596424	0.01694742676234462	d__Bacteria;p__Bacillota;c__Bacilli;o__Lactobacillales;f__Streptococcaceae;g__Streptococcus;s__Streptococcus mitis_CM	28037.0
MG-Run35-Ech-2	GCF_016642265.1	25	2	0	2.1213203435596424	0.01694742676234462	d__Bacteria;p__Bacillota;c__Bacilli;o__Lactobacillales;f__Streptococcaceae;g__Streptococcus;s__Streptococcus lactarius	83427.0
MG-Run35-Ech-2	GCF_018742245.1	25	2	0	2.1213203435596424	0.01694742676234462	d__Bacteria;p__Bacillota;c__Bacilli;o__Bacillales;f__Bacillaceae_G;g__Bacillus_A;s__Bacillus_A cereus_U	1405.0
MG-Run35-Ech-2	GCF_001654845.1	25	2	0	2.1213203435596424	0.01694742676234462	d__Bacteria;p__Pseudomonadota;c__Gammaproteobacteria;o__Enterobacterales;f__Enterobacteriaceae;g__Enterobacter;s__Enterobacter soli	2976431.0
MG-Run35-Ech-2	GCF_001068775.1	25	2	0	2.1213203435596424	0.01694742676234462	d__Bacteria;p__Bacillota;c__Bacilli;o__Lactobacillales;f__Streptococcaceae;g__Streptococcus;s__Streptococcus pseudopneumoniae_N	1739341.0
MG-Run35-Ech-2	GCF_003367505.1	25	2	0	2.1213203435596424	0.01694742676234462	d__Bacteria;p__Bacillota;c__Bacilli;o__Bacillales_A;f__Planococcaceae;g__Lysinibacillus;s__Lysinibacillus capsici	2115968.0
MG-Run35-Ech-2	GCF_003491325.1	25	2	0	2.1213203435596424	0.01694742676234462	d__Bacteria;p__Bacillota;c__Bacilli;o__Staphylococcales;f__Staphylococcaceae;g__Staphylococcus;s__Staphylococcus warneri_A	1292.0
MG-Run35-Ech-2	GCF_003243515.1	25	2	23	-4.4351113589128115	0.9999953987646409	d__Bacteria;p__Actinomycetota;c__Actinomycetes;o__Mycobacteriales;f__Mycobacteriaceae;g__Corynebacterium;s__Corynebacterium kroppenstedtii_B	161879.0
MG-Run35-Ech-2	GCF_000023205.1	25	2	0	2.1213203435596424	0.01694742676234462	d__Bacteria;p__Actinomycetota;c__Actinomycetes;o__Actinomycetales;f__Micrococcaceae;g__Micrococcus;s__Micrococcus luteus	1270.0
MG-Run35-Ech-2	GCF_000622145.1	25	2	0	2.1213203435596424	0.01694742676234462	d__Bacteria;p__Pseudomonadota;c__Alphaproteobacteria;o__Rhodobacterales;f__Rhodobacteraceae;g__Paracoccus;s__Paracoccus yeei	147645.0
MG-Run35-Ech-2	GCF_000687165.1	25	2	3	-0.8017837257372732	0.7886609629146824	d__Bacteria;p__Pseudomonadota;c__Gammaproteobacteria;o__Burkholderiales;f__Burkholderiaceae;g__Paracidovorax;s__Paracidovorax oryzae	158751.0
MG-Run35-Ech-2	GCA_009912575.1	25	2	0	2.1213203435596424	0.01694742676234462	d__Bacteria;p__Pseudomonadota;c__Gammaproteobacteria;o__Pseudomonadales;f__Moraxellaceae;g__Acinetobacter;s__Acinetobacter bereziniae_A	472.0
MG-Run35-Ech-2	GCF_001975225.1	25	2	1	0.4082482904638631	0.34154569915480437	d__Bacteria;p__Pseudomonadota;c__Gammaproteobacteria;o__Enterobacterales;f__Enterobacteriaceae;g__Kosakonia;s__Kosakonia cowanii	1399146.0
MG-Run35-Ech-2	GCF_004569505.1	25	2	0	2.1213203435596424	0.01694742676234462	d__Bacteria;p__Bacteroidota;c__Bacteroidia;o__Bacteroidales;f__Dysgonomonadaceae;g__Dysgonomonas;s__Dysgonomonas sp900079735	1891233.0
MG-Run35-Ech-2	GCF_900094905.1	25	2	0	2.1213203435596424	0.01694742676234462	d__Bacteria;p__Bacillota;c__Bacilli;o__Bacillales;f__Bacillaceae_G;g__Bacillus_A;s__Bacillus_A cereus_AG	1396.0
MG-Run35-Ech-2	GCF_901875555.1	25	2	0	2.1213203435596424	0.01694742676234462	d__Bacteria;p__Bacillota;c__Bacilli;o__Lactobacillales;f__Streptococcaceae;g__Streptococcus;s__Streptococcus parasanguinis_H	1318.0
MG-Run35-Ech-2	GCF_000262245.1	25	2	6	-1.7650452162436565	0.9612219166281672	d__Bacteria;p__Pseudomonadota;c__Gammaproteobacteria;o__Enterobacterales;f__Pasteurellaceae;g__Basfia;s__Basfia bettyae	1095749.0
MG-Run35-Ech-2	GCF_009183365.2	25	2	1	0.4082482904638631	0.34154569915480437	d__Bacteria;p__Pseudomonadota;c__Gammaproteobacteria;o__Enterobacterales;f__Shewanellaceae;g__Shewanella;s__Shewanella algae	38313.0
MG-Run35-Ech-2	GCF_000016325.1	25	1	0	0.7071067811865475	0.23975006109347674	d__Bacteria;p__Pseudomonadota;c__Gammaproteobacteria;o__Enterobacterales;f__Enterobacteriaceae;g__Lelliottia;s__Lelliottia sp000016325	399742.0
MG-Run35-Ech-2	GCF_019703545.1	25	1	0	0.7071067811865475	0.23975006109347674	d__Bacteria;p__Pseudomonadota;c__Gammaproteobacteria;o__Enterobacterales;f__Pasteurellaceae;g__Haemophilus;s__Haemophilus influenzae_E	727.0
MG-Run35-Ech-2	GCF_003024655.1	25	1	0	0.7071067811865475	0.23975006109347674	d__Bacteria;p__Bacillota_A;c__Clostridia;o__Lachnospirales;f__Lachnospiraceae;g__Enterocloster;s__Enterocloster lavalensis	333367.0
MG-Run35-Ech-2	GCF_000296405.1	25	1	0	0.7071067811865475	0.23975006109347674	d__Bacteria;p__Actinomycetota;c__Actinomycetes;o__Mycobacteriales;f__Mycobacteriaceae;g__Corynebacterium;s__Corynebacterium otitidis	29321.0
MG-Run35-Ech-2	GCF_003205835.1	25	1	1	-0.4082482904638631	0.6584543008451956	d__Bacteria;p__Pseudomonadota;c__Gammaproteobacteria;o__Xanthomonadales;f__Xanthomonadaceae;g__Stenotrophomonas;s__Stenotrophomonas maltophilia_AL	2962886.0
MG-Run35-Ech-2	GCF_000488255.1	25	1	1	-0.4082482904638631	0.6584543008451956	d__Bacteria;p__Pseudomonadota;c__Gammaproteobacteria;o__Pseudomonadales;f__Moraxellaceae;g__Acinetobacter;s__Acinetobacter indicus	756892.0
MG-Run35-Ech-2	GCA_002831545.1	25	1	0	0.7071067811865475	0.23975006109347674	d__Bacteria;p__Bacillota;c__Bacilli;o__Lactobacillales;f__Streptococcaceae;g__Streptococcus;s__Streptococcus suis_P	1323699.0
MG-Run35-Ech-2	GCF_001578955.1	25	1	0	0.7071067811865475	0.23975006109347674	d__Bacteria;p__Bacillota;c__Bacilli;o__Lactobacillales;f__Streptococcaceae;g__Streptococcus;s__Streptococcus parasanguinis_U	1318.0
MG-Run35-Ech-2	GCF_001792775.2	25	1	0	0.7071067811865475	0.23975006109347674	d__Bacteria;p__Bacillota;c__Bacilli;o__Staphylococcales;f__Staphylococcaceae;g__Staphylococcus;s__Staphylococcus pseudintermedius	283734.0
MG-Run35-Ech-2	GCF_904846345.1	25	1	0	0.7071067811865475	0.23975006109347674	d__Bacteria;p__Pseudomonadota;c__Gammaproteobacteria;o__Pseudomonadales;f__Moraxellaceae;g__Psychrobacter;s__Psychrobacter maritimus	498.0
MG-Run35-Ech-2	GCF_003634575.1	25	1	1	-0.4082482904638631	0.6584543008451956	d__Bacteria;p__Pseudomonadota;c__Gammaproteobacteria;o__Enterobacterales;f__Enterobacteriaceae;g__Photorhabdus;s__Photorhabdus asymbiotica	291112.0
MG-Run35-Ech-2	GCF_902806985.1	25	1	2	-0.9486832980505138	0.8286091444260443	d__Bacteria;p__Pseudomonadota;c__Gammaproteobacteria;o__Enterobacterales;f__Alteromonadaceae;g__Pseudidiomarina;s__Pseudidiomarina piscicola	287.0
MG-Run35-Ech-2	GCF_014769185.1	25	1	0	0.7071067811865475	0.23975006109347674	d__Bacteria;p__Pseudomonadota;c__Gammaproteobacteria;o__Pseudomonadales;f__Moraxellaceae;g__Acinetobacter;s__Acinetobacter lwoffii_D	28090.0
MG-Run35-Ech-2	GCF_002096845.1	25	1	0	0.7071067811865475	0.23975006109347674	d__Bacteria;p__Bacillota;c__Bacilli;o__Lactobacillales;f__Streptococcaceae;g__Streptococcus;s__Streptococcus mitis_A	28037.0
MG-Run35-Ech-2	GCF_001543175.1	25	1	0	0.7071067811865475	0.23975006109347674	d__Bacteria;p__Bacillota;c__Bacilli;o__Lactobacillales;f__Aerococcaceae;g__Aerococcus;s__Aerococcus urinae	1376.0
MG-Run35-Ech-2	GCF_019929365.1	25	1	0	0.7071067811865475	0.23975006109347674	d__Bacteria;p__Bacillota;c__Bacilli;o__Lactobacillales;f__Streptococcaceae;g__Streptococcus;s__Streptococcus oralis_BT	1303.0
MG-Run35-Ech-2	GCF_001618885.1	25	1	0	0.7071067811865475	0.23975006109347674	d__Bacteria;p__Bacillota;c__Bacilli;o__Staphylococcales;f__Staphylococcaceae;g__Staphylococcus;s__Staphylococcus condimenti	70255.0
MG-Run35-Ech-2	GCF_000161455.1	25	1	0	0.7071067811865475	0.23975006109347674	d__Bacteria;p__Bacillota;c__Bacilli;o__Bacillales;f__Bacillaceae_G;g__Bacillus_A;s__Bacillus_A pseudomycoides	64104.0
MG-Run35-Ech-2	GCF_000439085.1	25	1	0	0.7071067811865475	0.23975006109347674	d__Bacteria;p__Pseudomonadota;c__Gammaproteobacteria;o__Enterobacterales;f__Enterobacteriaceae;g__Leminorella;s__Leminorella grimontii	82981.0
MG-Run35-Ech-2	GCF_002584985.1	25	1	0	0.7071067811865475	0.23975006109347674	d__Bacteria;p__Bacillota;c__Bacilli;o__Bacillales;f__Bacillaceae_G;g__Bacillus_A;s__Bacillus_A sp002584985	1396.0
MG-Run35-Ech-2	GCF_002902755.1	25	1	0	0.7071067811865475	0.23975006109347674	d__Bacteria;p__Bacillota;c__Bacilli;o__Staphylococcales;f__Staphylococcaceae;g__Mammaliicoccus;s__Mammaliicoccus lentus	2898665.0
MG-Run35-Ech-2	GCA_902506215.1	25	1	15	-3.6830036830055244	0.9998847490860268	d__Bacteria;p__Pseudomonadota;c__Gammaproteobacteria;o__Pseudomonadales;f__Moraxellaceae;g__Moraxella_A;s__Moraxella_A sp902506215	2653185.0
MG-Run35-Ech-2	GCF_011064845.1	25	1	0	0.7071067811865475	0.23975006109347674	d__Bacteria;p__Pseudomonadota;c__Gammaproteobacteria;o__Enterobacterales;f__Enterobacteriaceae;g__Citrobacter;s__Citrobacter freundii	546.0
MG-Run35-Ech-2	GCF_001039275.2	25	1	0	0.7071067811865475	0.23975006109347674	d__Bacteria;p__Bacillota;c__Bacilli;o__Brevibacillales;f__Brevibacillaceae;g__Brevibacillus;s__Brevibacillus brevis_C	2738981.0
MG-Run35-Ech-2	GCF_904846175.1	25	1	0	0.7071067811865475	0.23975006109347674	d__Bacteria;p__Pseudomonadota;c__Gammaproteobacteria;o__Pseudomonadales;f__Moraxellaceae;g__Psychrobacter;s__Psychrobacter immobilis_E	498.0
MG-Run35-Ech-2	GCF_900105215.1	25	1	0	0.7071067811865475	0.23975006109347674	d__Bacteria;p__Bacillota_A;c__Clostridia;o__Lachnospirales;f__Lachnospiraceae;g__Lacrimispora;s__Lacrimispora sphenoides_A	1946591.0
MG-Run35-Ech-2	GCF_002746455.1	25	1	0	0.7071067811865475	0.23975006109347674	d__Bacteria;p__Bacillota;c__Bacilli;o__Bacillales;f__Bacillaceae_G;g__Bacillus_A;s__Bacillus_A fungorum	1392.0
MG-Run35-Ech-2	GCF_009867135.1	25	1	5	-1.9188064472004938	0.9724955831853671	d__Bacteria;p__Pseudomonadota;c__Gammaproteobacteria;o__Pseudomonadales;f__Moraxellaceae;g__Moraxella_A;s__Moraxella_A sp002478835	1946455.0
MG-Run35-Ech-2	GCF_002902685.1	25	1	0	0.7071067811865475	0.23975006109347674	d__Bacteria;p__Bacillota;c__Bacilli;o__Staphylococcales;f__Staphylococcaceae;g__Staphylococcus;s__Staphylococcus pettenkoferi	1739306.0
MG-Run35-Ech-2	GCF_001072375.1	25	1	0	0.7071067811865475	0.23975006109347674	d__Bacteria;p__Bacillota;c__Bacilli;o__Lactobacillales;f__Streptococcaceae;g__Streptococcus;s__Streptococcus pseudopneumoniae_L	257758.0
MG-Run35-Ech-2	GCF_003862485.1	25	1	0	0.7071067811865475	0.23975006109347674	d__Bacteria;p__Bacillota_A;c__Clostridia;o__Lachnospirales;f__Lachnospiraceae;g__Lachnoanaerobaculum;s__Lachnoanaerobaculum orale	467210.0
MG-Run35-Ech-2	GCF_001642025.1	25	1	0	0.7071067811865475	0.23975006109347674	d__Bacteria;p__Actinomycetota;c__Actinomycetes;o__Propionibacteriales;f__Propionibacteriaceae;g__Cutibacterium;s__Cutibacterium namnetense	1912223.0
MG-Run35-Ech-2	GCF_013394305.1	25	1	0	0.7071067811865475	0.23975006109347674	d__Bacteria;p__Bacillota;c__Bacilli;o__Lactobacillales;f__Enterococcaceae;g__Enterococcus_B;s__Enterococcus_B pernyi	53346.0
MG-Run35-Ech-2	GCF_000982825.1	25	1	2	-0.9486832980505138	0.8286091444260443	d__Bacteria;p__Pseudomonadota;c__Gammaproteobacteria;o__Enterobacterales;f__Enterobacteriaceae;g__Cronobacter;s__Cronobacter sakazakii	28141.0
MG-Run35-Ech-2	GCF_003688935.1	25	1	0	0.7071067811865475	0.23975006109347674	d__Bacteria;p__Actinomycetota;c__Actinomycetes;o__Mycobacteriales;f__Mycobacteriaceae;g__Corynebacterium;s__Corynebacterium macginleyi	38290.0
MG-Run35-Ech-2	GCF_014635045.1	25	1	0	0.7071067811865475	0.23975006109347674	d__Bacteria;p__Bacillota;c__Bacilli;o__Staphylococcales;f__Staphylococcaceae;g__Staphylococcus;s__Staphylococcus nepalensis	214473.0
MG-Run35-Ech-2	GCF_000017405.1	25	1	0	0.7071067811865475	0.23975006109347674	d__Bacteria;p__Pseudomonadota;c__Alphaproteobacteria;o__Rhizobiales;f__Rhizobiaceae;g__Ochrobactrum;s__Ochrobactrum anthropi	2587040.0
MG-Run35-Ech-2	GCF_000507765.1	25	1	0	0.7071067811865475	0.23975006109347674	d__Bacteria;p__Bacillota;c__Bacilli;o__Lactobacillales;f__Streptococcaceae;g__Streptococcus;s__Streptococcus parasanguinis_J	1739505.0
MG-Run35-Ech-2	GCF_019243775.1	25	1	2	-0.9486832980505138	0.8286091444260443	d__Bacteria;p__Pseudomonadota;c__Gammaproteobacteria;o__Enterobacterales;f__Enterobacteriaceae;g__Morganella;s__Morganella morganii	180434.0
MG-Run35-Ech-2	GCF_008326345.1	25	1	0	0.7071067811865475	0.23975006109347674	d__Bacteria;p__Actinomycetota;c__Actinomycetes;o__Propionibacteriales;f__Propionibacteriaceae;g__Cutibacterium;s__Cutibacterium modestum	1182755.0
MG-Run35-Ech-2	GCA_030372335.1	25	1	0	0.7071067811865475	0.23975006109347674	d__Bacteria;p__Bacillota;c__Bacilli;o__Lactobacillales;f__Enterococcaceae;g__JALCOL01;s__JALCOL01 sp022649665	2291321.0
MG-Run35-Ech-2	GCF_000165735.1	25	1	0	0.7071067811865475	0.23975006109347674	d__Bacteria;p__Bacillota_C;c__Negativicutes;o__Veillonellales;f__Megasphaeraceae;g__Anaeroglobus;s__Anaeroglobus micronuciformis	2997918.0
MG-Run35-Ech-2	GCF_020176695.1	25	1	3	-1.3363062095621219	0.9092753961392899	d__Bacteria;p__Pseudomonadota;c__Gammaproteobacteria;o__Burkholderiales;f__Burkholderiaceae;g__Telluria;s__Telluria sp020176695	2878200.0
MG-Run35-Ech-2	GCF_005888195.1	25	1	0	0.7071067811865475	0.23975006109347674	d__Bacteria;p__Pseudomonadota;c__Gammaproteobacteria;o__Enterobacterales;f__Pasteurellaceae;g__Haemophilus;s__Haemophilus aegyptius	197575.0
MG-Run35-Ech-2	GCF_900637055.1	25	1	0	0.7071067811865475	0.23975006109347674	d__Bacteria;p__Bacillota;c__Bacilli;o__Brevibacillales;f__Brevibacillaceae;g__Brevibacillus;s__Brevibacillus brevis	1393.0
MG-Run35-Ech-2	GCF_900452415.1	25	1	0	0.7071067811865475	0.23975006109347674	d__Bacteria;p__Pseudomonadota;c__Gammaproteobacteria;o__Legionellales;f__Legionellaceae;g__Legionella;s__Legionella cincinnatiensis	28085.0
MG-Run35-Ech-2	GCF_904848165.1	25	1	0	0.7071067811865475	0.23975006109347674	d__Bacteria;p__Pseudomonadota;c__Gammaproteobacteria;o__Pseudomonadales;f__Moraxellaceae;g__Psychrobacter;s__Psychrobacter arenosus	256326.0
MG-Run35-Ech-2	GCF_024205745.1	25	1	0	0.7071067811865475	0.23975006109347674	d__Bacteria;p__Pseudomonadota;c__Gammaproteobacteria;o__Burkholderiales;f__Neisseriaceae;g__Neisseria;s__Neisseria flavescens_B	28449.0
MG-Run35-Ech-2	GCF_000423145.1	25	1	0	0.7071067811865475	0.23975006109347674	d__Bacteria;p__Bacillota_A;c__Clostridia;o__Tissierellales;f__Peptoniphilaceae;g__Helcococcus;s__Helcococcus sueciensis	1121947.0
MG-Run35-Ech-2	GCF_001553855.1	25	1	0	0.7071067811865475	0.23975006109347674	d__Bacteria;p__Bacillota;c__Bacilli;o__Lactobacillales;f__Streptococcaceae;g__Streptococcus;s__Streptococcus gordonii	1302.0
MG-Run35-Ech-2	GCF_002154655.1	25	1	0	0.7071067811865475	0.23975006109347674	d__Bacteria;p__Actinomycetota;c__Actinomycetes;o__Mycobacteriales;f__Mycobacteriaceae;g__Corynebacterium;s__Corynebacterium kefirresidentii	1203558.0
MG-Run35-Ech-2	GCF_028356935.1	25	1	0	0.7071067811865475	0.23975006109347674	d__Bacteria;p__Bacillota;c__Bacilli;o__Bacillales_A;f__Planococcaceae;g__Lysinibacillus;s__Lysinibacillus fusiformis_D	1700846.0
MG-Run35-Ech-2	GCF_003046315.1	25	1	0	0.7071067811865475	0.23975006109347674	d__Bacteria;p__Bacillota;c__Bacilli;o__Thermoactinomycetales;f__DSM-45169;g__Desmospora;s__Desmospora activa	1121389.0
MG-Run35-Ech-2	GCF_000740795.1	25	1	0	0.7071067811865475	0.23975006109347674	d__Bacteria;p__Pseudomonadota;c__Alphaproteobacteria;o__Rhodobacterales;f__Rhodobacteraceae;g__Haematobacter;s__Haematobacter massiliensis	195105.0
MG-Run35-Ech-2	GCA_900343135.1	25	1	0	0.7071067811865475	0.23975006109347674	d__Bacteria;p__Actinomycetota;c__Coriobacteriia;o__Coriobacteriales;f__Atopobiaceae;g__Fannyhessea;s__Fannyhessea massiliensis	274587.0
MG-Run35-Ech-2	GCF_001262015.1	25	1	0	0.7071067811865475	0.23975006109347674	d__Bacteria;p__Bacteroidota;c__Bacteroidia;o__Bacteroidales;f__Bacteroidaceae;g__Prevotella;s__Prevotella fusca	1236517.0
MG-Run35-Ech-2	GCF_003935895.2	25	1	0	0.7071067811865475	0.23975006109347674	d__Bacteria;p__Pseudomonadota;c__Gammaproteobacteria;o__Enterobacterales;f__Enterobacteriaceae;g__Scandinavium;s__Scandinavium goeteborgense	1851514.0
MG-Run35-Ech-2	GCF_024499055.1	25	1	0	0.7071067811865475	0.23975006109347674	d__Bacteria;p__Bacillota;c__Bacilli;o__MOL361;f__Turicibacteraceae;g__Turicibacter;s__Turicibacter bilis	154288.0
MG-Run35-Ech-2	GCF_003859805.1	25	1	0	0.7071067811865475	0.23975006109347674	d__Bacteria;p__Actinomycetota;c__Actinomycetes;o__Propionibacteriales;f__Propionibacteriaceae;g__Arachnia;s__Arachnia propionica_C	1750.0
MG-Run35-Ech-2	GCF_011387195.1	25	1	0	0.7071067811865475	0.23975006109347674	d__Bacteria;p__Bacillota;c__Bacilli;o__Lactobacillales;f__Streptococcaceae;g__Streptococcus;s__Streptococcus ruminicola	1335.0
MG-Run35-Ech-2	GCF_001883995.1	25	1	0	0.7071067811865475	0.23975006109347674	d__Bacteria;p__Bacillota;c__Bacilli;o__Bacillales;f__Bacillaceae_G;g__Bacillus_A;s__Bacillus_A paranthracis	2026186.0
MG-Run35-Ech-2	GCF_019048525.1	25	1	0	0.7071067811865475	0.23975006109347674	d__Bacteria;p__Pseudomonadota;c__Gammaproteobacteria;o__Pseudomonadales;f__Moraxellaceae;g__Acinetobacter;s__Acinetobacter lwoffii_K	28090.0
MG-Run35-Ech-2	GCF_946190155.1	25	1	0	0.7071067811865475	0.23975006109347674	d__Bacteria;p__Bacillota;c__Bacilli;o__Lactobacillales;f__Streptococcaceae;g__Streptococcus;s__Streptococcus mitis_CL	28037.0
MG-Run35-Ech-2	GCF_000620105.1	25	1	6	-2.1572774865200244	0.9845079749507717	d__Bacteria;p__Pseudomonadota;c__Gammaproteobacteria;o__Burkholderiales;f__Aquaspirillaceae;g__Microvirgula;s__Microvirgula aerodenitrificans	57480.0
MG-Run35-Ech-2	GCF_900635445.1	25	1	0	0.7071067811865475	0.23975006109347674	d__Bacteria;p__Pseudomonadota;c__Gammaproteobacteria;o__Enterobacterales;f__Enterobacteriaceae;g__Serratia_F;s__Serratia_F odorifera	618.0
MG-Run35-Ech-2	GCF_000759795.1	25	1	1	-0.4082482904638631	0.6584543008451956	d__Bacteria;p__Pseudomonadota;c__Gammaproteobacteria;o__Enterobacterales;f__Enterobacteriaceae;g__Pseudescherichia;s__Pseudescherichia vulneris	1884818.0
MG-Run35-Ech-2	GCA_029593465.1	25	1	0	0.7071067811865475	0.23975006109347674	d__Bacteria;p__Bacillota;c__Bacilli;o__Lactobacillales;f__Streptococcaceae;g__Streptococcus;s__Streptococcus suis_AH	1307.0
MG-Run35-Ech-2	GCF_000420505.1	25	1	0	0.7071067811865475	0.23975006109347674	d__Bacteria;p__Actinomycetota;c__Actinomycetes;o__Actinomycetales;f__Bifidobacteriaceae;g__Alloscardovia;s__Alloscardovia omnicolens	419015.0
MG-Run35-Ech-2	GCF_904846185.1	25	1	1	-0.4082482904638631	0.6584543008451956	d__Bacteria;p__Pseudomonadota;c__Gammaproteobacteria;o__Pseudomonadales;f__Moraxellaceae;g__Psychrobacter;s__Psychrobacter immobilis_B	498.0
MG-Run35-Ech-2	GCF_002577405.1	25	1	0	0.7071067811865475	0.23975006109347674	d__Bacteria;p__Bacillota;c__Bacilli;o__Bacillales;f__Bacillaceae_G;g__Bacillus_A;s__Bacillus_A cereus_AU	1396.0
MG-Run35-Ech-2	GCF_900636575.1	25	1	0	0.7071067811865475	0.23975006109347674	d__Bacteria;p__Bacillota;c__Bacilli;o__Lactobacillales;f__Streptococcaceae;g__Streptococcus;s__Streptococcus canis	1329.0
MG-Run35-Ech-2	GCF_900459225.1	25	1	0	0.7071067811865475	0.23975006109347674	d__Bacteria;p__Bacillota;c__Bacilli;o__Lactobacillales;f__Streptococcaceae;g__Streptococcus;s__Streptococcus dysgalactiae	1334.0
MG-Run35-Ech-2	GCF_017498775.1	25	1	0	0.7071067811865475	0.23975006109347674	d__Bacteria;p__Bacillota;c__Bacilli;o__Bacillales;f__Bacillaceae_G;g__Bacillus_A;s__Bacillus_A arachidis	1761753.0
MG-Run35-Ech-2	GCF_001884065.1	25	1	0	0.7071067811865475	0.23975006109347674	d__Bacteria;p__Bacillota;c__Bacilli;o__Bacillales;f__Bacillaceae_G;g__Bacillus_A;s__Bacillus_A proteolyticus	1396.0
MG-Run35-Ech-2	GCF_000406965.1	25	1	0	0.7071067811865475	0.23975006109347674	d__Bacteria;p__Bacillota;c__Bacilli;o__Lactobacillales;f__Enterococcaceae;g__Enterococcus_A;s__Enterococcus_A avium	33945.0
MG-Run35-Ech-2	GCF_000026225.1	25	1	2	-0.9486832980505138	0.8286091444260443	d__Bacteria;p__Pseudomonadota;c__Gammaproteobacteria;o__Enterobacterales;f__Enterobacteriaceae;g__Escherichia;s__Escherichia fergusonii	564.0
MG-Run35-Ech-2	GCA_900446925.1	25	1	4	-1.649915822768611	0.9505199229902971	d__Bacteria;p__Pseudomonadota;c__Gammaproteobacteria;o__Enterobacterales;f__Enterobacteriaceae;g__Citrobacter_B;s__Citrobacter_B koseri	545.0
MG-Run35-Ech-2	GCF_000010125.1	25	1	0	0.7071067811865475	0.23975006109347674	d__Bacteria;p__Bacillota;c__Bacilli;o__Staphylococcales;f__Staphylococcaceae;g__Staphylococcus;s__Staphylococcus saprophyticus	29385.0
MG-Run35-Ech-2	GCF_011058205.1	25	1	0	0.7071067811865475	0.23975006109347674	d__Bacteria;p__Pseudomonadota;c__Gammaproteobacteria;o__Pseudomonadales;f__Moraxellaceae;g__Acinetobacter;s__Acinetobacter fasciculus	575588.0
MG-Run35-Ech-2	GCF_900636325.1	25	1	0	0.7071067811865475	0.23975006109347674	d__Bacteria;p__Bacillota;c__Bacilli;o__Staphylococcales;f__Staphylococcaceae;g__Staphylococcus;s__Staphylococcus delphini	53344.0
MG-Run35-Ech-2	GCF_016767715.1	25	1	0	0.7071067811865475	0.23975006109347674	d__Bacteria;p__Actinomycetota;c__Actinomycetes;o__Mycobacteriales;f__Mycobacteriaceae;g__Mycobacterium;s__Mycobacterium gwanakae	1774.0
MG-Run35-Ech-2	GCF_000759775.1	25	1	1	-0.4082482904638631	0.6584543008451956	d__Bacteria;p__Pseudomonadota;c__Gammaproteobacteria;o__Enterobacterales;f__Enterobacteriaceae;g__Escherichia;s__Escherichia albertii	208962.0
MG-Run35-Ech-2	GCF_904846225.1	25	1	0	0.7071067811865475	0.23975006109347674	d__Bacteria;p__Pseudomonadota;c__Gammaproteobacteria;o__Pseudomonadales;f__Moraxellaceae;g__Psychrobacter;s__Psychrobacter immobilis_F	498.0
MG-Run35-Ech-2	GCF_000407565.1	25	1	0	0.7071067811865475	0.23975006109347674	d__Bacteria;p__Bacillota;c__Bacilli;o__Lactobacillales;f__Enterococcaceae;g__Enterococcus_E;s__Enterococcus_E cecorum	44008.0
MG-Run35-Ech-2	GCF_003942875.1	25	1	0	0.7071067811865475	0.23975006109347674	d__Bacteria;p__Bacillota;c__Bacilli;o__Lactobacillales;f__Streptococcaceae;g__Streptococcus;s__Streptococcus oralis_BX	1739495.0
MG-Run35-Ech-2	GCF_018127925.1	25	1	0	0.7071067811865475	0.23975006109347674	d__Bacteria;p__Bacteroidota;c__Bacteroidia;o__Bacteroidales;f__Bacteroidaceae;g__Prevotella;s__Prevotella melaninogenica_C	28132.0
MG-Run35-Ech-2	GCA_008764245.1	25	1	0	0.7071067811865475	0.23975006109347674	d__Bacteria;p__Bacillota;c__Bacilli;o__Bacillales_B;f__Bacillaceae_C;g__Lederbergia;s__Lederbergia ruris	1423.0
MG-Run35-Ech-2	GCF_900087055.1	25	1	1	-0.4082482904638631	0.6584543008451956	d__Bacteria;p__Pseudomonadota;c__Gammaproteobacteria;o__Enterobacterales;f__Enterobacteriaceae;g__Plesiomonas;s__Plesiomonas shigelloides	703.0
MG-Run35-Ech-2	GCF_014287705.1	25	1	0	0.7071067811865475	0.23975006109347674	d__Bacteria;p__Bacillota_A;c__Clostridia;o__Lachnospirales;f__Lachnospiraceae;g__Dorea_D;s__Dorea_D hominis	2763040.0
MG-Run35-Ech-2	GCF_000017425.1	25	1	0	0.7071067811865475	0.23975006109347674	d__Bacteria;p__Bacillota;c__Bacilli;o__Bacillales;f__Bacillaceae_G;g__Bacillus_A;s__Bacillus_A cytotoxicus	2920370.0
MG-Run35-Ech-2	GCF_003931795.1	25	1	0	0.7071067811865475	0.23975006109347674	d__Bacteria;p__Bacillota_I;c__Bacilli_A;o__Erysipelotrichales;f__Erysipelotrichaceae;g__Erysipelothrix;s__Erysipelothrix piscisicarius	2500579.0
MG-Run35-Ech-2	GCF_003957375.1	25	1	0	0.7071067811865475	0.23975006109347674	d__Bacteria;p__Bacillota;c__Bacilli;o__Lactobacillales;f__Enterococcaceae;g__Enterococcus_B;s__Enterococcus_B mundtii_C	53346.0
MG-Run35-Ech-2	GCF_018224615.1	25	1	0	0.7071067811865475	0.23975006109347674	d__Bacteria;p__Actinomycetota;c__Actinomycetes;o__Actinomycetales;f__Microbacteriaceae;g__Microbacterium;s__Microbacterium paraoxydans_B	199592.0
MG-Run35-Ech-2	GCF_001069785.1	25	1	0	0.7071067811865475	0.23975006109347674	d__Bacteria;p__Bacillota;c__Bacilli;o__Lactobacillales;f__Streptococcaceae;g__Streptococcus;s__Streptococcus parasanguinis_T	1318.0
MG-Run35-Ech-2	GCA_023896275.1	25	1	0	0.7071067811865475	0.23975006109347674	d__Bacteria;p__Actinomycetota;c__Actinomycetes;o__Actinomycetales;f__Micrococcaceae;g__Zhihengliuella;s__Zhihengliuella polaris_A	136273.0
MG-Run35-Ech-2	GCF_023221775.1	25	1	0	0.7071067811865475	0.23975006109347674	d__Bacteria;p__Bacillota;c__Bacilli;o__Lactobacillales;f__Enterococcaceae;g__Enterococcus_E;s__Enterococcus_E cecorum_A	44008.0
MG-Run35-Ech-2	GCF_000368685.1	25	1	3	-1.3363062095621219	0.9092753961392899	d__Bacteria;p__Pseudomonadota;c__Gammaproteobacteria;o__Pseudomonadales;f__Moraxellaceae;g__Acinetobacter;s__Acinetobacter baylyi	202950.0
MG-Run35-Ech-2	GCA_901456055.1	25	1	0	0.7071067811865475	0.23975006109347674	d__Bacteria;p__Pseudomonadota;c__Gammaproteobacteria;o__Enterobacterales;f__Enterobacteriaceae;g__Phytobacter;s__Phytobacter ursingii	2066051.0
MG-Run35-Ech-2	GCF_000292915.1	25	1	0	0.7071067811865475	0.23975006109347674	d__Bacteria;p__Pseudomonadota;c__Gammaproteobacteria;o__Burkholderiales;f__Burkholderiaceae;g__Burkholderia;s__Burkholderia cepacia_D	1009846.0
MG-Run35-Ech-2	GCF_025566055.1	25	1	8	-2.5724787771376323	0.9949513426762464	d__Bacteria;p__Pseudomonadota;c__Gammaproteobacteria;o__Enterobacterales;f__Enterobacteriaceae;g__Leclercia;s__Leclercia tamurae	2866582.0
MG-Run35-Ech-2	GCF_938018165.1	25	1	0	0.7071067811865475	0.23975006109347674	d__Bacteria;p__Bacteroidota;c__Bacteroidia;o__Flavobacteriales;f__Flavobacteriaceae;g__Capnocytophaga;s__Capnocytophaga leadbetteri_A	327575.0
MG-Run35-Ech-2	GCF_002000985.1	25	1	0	0.7071067811865475	0.23975006109347674	d__Bacteria;p__Bacillota;c__Bacilli;o__Lactobacillales;f__Streptococcaceae;g__Streptococcus;s__Streptococcus gallolyticus	53354.0
MG-Run35-Ech-3	GCF_003942765.1	25	3179	0	4495.077808002882	0.0	d__Bacteria;p__Bacillota;c__Bacilli;o__Lactobacillales;f__Streptococcaceae;g__Streptococcus;s__Streptococcus mitis_BE	28037.0
MG-Run35-Ech-3	GCF_000469305.1	25	1073	0	1516.7440456451443	0.0	d__Bacteria;p__Bacillota_I;c__Bacilli_A;o__Erysipelotrichales;f__Erysipelotrichaceae;g__Faecalitalea;s__Faecalitalea cylindroides	39483.0
MG-Run35-Ech-3	GCF_000820085.1	25	987	0	1395.1216792810583	0.0	d__Bacteria;p__Pseudomonadota;c__Gammaproteobacteria;o__Enterobacterales;f__Aeromonadaceae;g__Aeromonas;s__Aeromonas sanarellii	2778058.0
MG-Run35-Ech-3	GCF_001027105.1	25	675	0	953.8870478206526	0.0	d__Bacteria;p__Bacillota;c__Bacilli;o__Staphylococcales;f__Staphylococcaceae;g__Staphylococcus;s__Staphylococcus aureus	1280.0
MG-Run35-Ech-3	GCF_000174755.1	25	410	0	579.1204537917824	0.0	d__Bacteria;p__Bacteroidota;c__Bacteroidia;o__Flavobacteriales;f__Flavobacteriaceae;g__Capnocytophaga;s__Capnocytophaga gingivalis	1017.0
MG-Run35-Ech-3	GCF_000375525.1	25	399	0	563.5641046056784	0.0	d__Bacteria;p__Actinomycetota;c__Actinomycetes;o__Mycobacteriales;f__Mycobacteriaceae;g__Corynebacterium;s__Corynebacterium propinquum	43769.0
MG-Run35-Ech-3	GCF_002238115.1	25	378	0	533.8656197958434	0.0	d__Bacteria;p__Bacillota;c__Bacilli;o__Lactobacillales;f__Streptococcaceae;g__Streptococcus;s__Streptococcus sp002238115	257758.0
MG-Run35-Ech-3	GCF_000368145.1	25	359	954	-19.274973935650614	1.0	d__Bacteria;p__Pseudomonadota;c__Gammaproteobacteria;o__Pseudomonadales;f__Moraxellaceae;g__Acinetobacter;s__Acinetobacter guillouiae	2929509.0
MG-Run35-Ech-3	GCF_902825235.1	25	330	0	465.9833688019348	0.0	d__Bacteria;p__Pseudomonadota;c__Alphaproteobacteria;o__Rhizobiales;f__Rhizobiaceae;g__Bartonella;s__Bartonella vinsonii	33047.0
MG-Run35-Ech-3	GCF_003943815.1	25	329	0	464.56915523956167	0.0	d__Bacteria;p__Bacillota;c__Bacilli;o__Lactobacillales;f__Streptococcaceae;g__Streptococcus;s__Streptococcus cristatus_F	45634.0
MG-Run35-Ech-3	GCF_003943825.1	25	285	0	402.3437584951455	0.0	d__Bacteria;p__Bacillota;c__Bacilli;o__Lactobacillales;f__Streptococcaceae;g__Streptococcus;s__Streptococcus oralis_CD	1303.0
MG-Run35-Ech-3	GCF_002902325.1	25	249	0	351.4320702497141	0.0	d__Bacteria;p__Bacillota;c__Bacilli;o__Staphylococcales;f__Staphylococcaceae;g__Staphylococcus;s__Staphylococcus capitis	29388.0
MG-Run35-Ech-3	GCF_000245815.1	25	243	0	342.94678887547553	0.0	d__Bacteria;p__Bacillota;c__Bacilli;o__Lactobacillales;f__Carnobacteriaceae;g__Dolosigranulum;s__Dolosigranulum pigrum	29394.0
MG-Run35-Ech-3	GCF_015477355.1	25	224	0	316.07673119038674	0.0	d__Bacteria;p__Actinomycetota;c__Actinomycetes;o__Mycobacteriales;f__Mycobacteriaceae;g__Nocardia;s__Nocardia blacklockiae	480036.0
MG-Run35-Ech-3	GCF_001632285.1	25	200	1	162.07457131415364	0.0	d__Bacteria;p__Pseudomonadota;c__Gammaproteobacteria;o__Pseudomonadales;f__Moraxellaceae;g__Moraxella;s__Moraxella catarrhalis	480.0
MG-Run35-Ech-3	GCF_003991585.1	25	180	0	253.85133444597054	0.0	d__Bacteria;p__Pseudomonadota;c__Gammaproteobacteria;o__Burkholderiales;f__Burkholderiaceae;g__Saezia;s__Saezia sanguinis	1965230.0
MG-Run35-Ech-3	GCF_010858045.1	25	92	0	129.4005409571382	0.0	d__Bacteria;p__Actinomycetota;c__Actinomycetes;o__Mycobacteriales;f__Mycobacteriaceae;g__Nocardia;s__Nocardia cyriacigeorgica_E	135487.0
MG-Run35-Ech-3	GCF_001679005.1	25	83	0	116.67261889578033	0.0	d__Bacteria;p__Pseudomonadota;c__Gammaproteobacteria;o__Pseudomonadales;f__Moraxellaceae;g__Moraxella;s__Moraxella nonliquefaciens	478.0
MG-Run35-Ech-3	GCF_000368045.1	25	75	5	29.63489957342985	0.0	d__Bacteria;p__Pseudomonadota;c__Gammaproteobacteria;o__Pseudomonadales;f__Moraxellaceae;g__Acinetobacter;s__Acinetobacter johnsonii	472.0
MG-Run35-Ech-3	GCF_002901845.1	25	73	0	102.53048327204938	0.0	d__Bacteria;p__Bacillota;c__Bacilli;o__Staphylococcales;f__Staphylococcaceae;g__Staphylococcus;s__Staphylococcus hominis	1290.0
MG-Run35-Ech-3	GCF_009728485.1	25	70	0	98.2878425849301	0.0	d__Bacteria;p__Bacteroidota;c__Bacteroidia;o__Bacteroidales;f__Bacteroidaceae;g__Prevotella;s__Prevotella vespertina	59823.0
MG-Run35-Ech-3	GCF_001277215.2	25	69	2	42.05829288023944	0.0	d__Bacteria;p__Pseudomonadota;c__Gammaproteobacteria;o__Enterobacterales;f__Enterobacteriaceae;g__Cronobacter;s__Cronobacter malonaticus	1128983.0
MG-Run35-Ech-3	GCF_018252635.1	25	60	0	84.14570696119915	0.0	d__Bacteria;p__Pseudomonadota;c__Gammaproteobacteria;o__Enterobacterales;f__Enterobacteriaceae;g__Citrobacter_A;s__Citrobacter_A amalonaticus_E	35703.0
MG-Run35-Ech-3	GCF_003970865.1	25	58	1	46.13205682241652	0.0	d__Bacteria;p__Pseudomonadota;c__Gammaproteobacteria;o__Xanthomonadales;f__Xanthomonadaceae;g__Stenotrophomonas;s__Stenotrophomonas maltophilia_AR	40324.0
MG-Run35-Ech-3	GCF_902159415.1	25	57	0	79.90306627407986	0.0	d__Bacteria;p__Bacillota;c__Bacilli;o__Lactobacillales;f__Streptococcaceae;g__Streptococcus;s__Streptococcus mitis_BG	28037.0
MG-Run35-Ech-3	GCF_006742205.1	25	47	0	65.76093065034891	0.0	d__Bacteria;p__Bacillota;c__Bacilli;o__Staphylococcales;f__Staphylococcaceae;g__Staphylococcus;s__Staphylococcus epidermidis	1282.0
MG-Run35-Ech-3	GCF_002561295.1	25	41	0	57.27564927611034	0.0	d__Bacteria;p__Bacillota;c__Bacilli;o__Bacillales;f__Bacillaceae_G;g__Bacillus_A;s__Bacillus_A cereus_S	1396.0
MG-Run35-Ech-3	GCF_009932725.1	25	35	0	48.790367901871775	0.0	d__Bacteria;p__Pseudomonadota;c__Gammaproteobacteria;o__Pseudomonadales;f__Pseudomonadaceae;g__Pseudomonas_E;s__Pseudomonas_E yangonensis	2579922.0
MG-Run35-Ech-3	GCF_000875895.1	25	23	0	31.819805153394636	0.0	d__Bacteria;p__Bacillota;c__Bacilli;o__Staphylococcales;f__Staphylococcaceae;g__Staphylococcus;s__Staphylococcus gallinarum	1293.0
MG-Run35-Ech-3	GCF_900168205.1	25	22	64	-5.291868854099868	0.9999999394636478	d__Bacteria;p__Bacteroidota;c__Bacteroidia;o__Flavobacteriales;f__Weeksellaceae;g__Chryseobacterium;s__Chryseobacterium balustinum	246.0
MG-Run35-Ech-3	GCF_003182075.1	25	20	0	27.577164466275352	0.0	d__Bacteria;p__Bacillota_A;c__Clostridia;o__Tissierellales;f__Peptoniphilaceae;g__Finegoldia;s__Finegoldia magna	1260.0
MG-Run35-Ech-3	GCF_010868145.1	25	19	0	26.162950903902257	0.0	d__Bacteria;p__Actinomycetota;c__Actinomycetes;o__Mycobacteriales;f__Mycobacteriaceae;g__Nocardia;s__Nocardia cyriacigeorgica_D	135487.0
MG-Run35-Ech-3	GCF_001591265.1	25	15	377	-18.657331708742976	1.0	d__Bacteria;p__Pseudomonadota;c__Gammaproteobacteria;o__Pseudomonadales;f__Moraxellaceae;g__Moraxella_A;s__Moraxella_A atlantae	34059.0
MG-Run35-Ech-3	GCF_014838735.1	25	14	0	19.09188309203678	0.0	d__Bacteria;p__Bacillota;c__Bacilli;o__Lactobacillales;f__Lactobacillaceae;g__Limosilactobacillus;s__Limosilactobacillus portuensis	2742601.0
MG-Run35-Ech-3	GCF_001068775.1	25	14	0	19.09188309203678	0.0	d__Bacteria;p__Bacillota;c__Bacilli;o__Lactobacillales;f__Streptococcaceae;g__Streptococcus;s__Streptococcus pseudopneumoniae_N	1739341.0
MG-Run35-Ech-3	GCF_025561445.1	25	14	0	19.09188309203678	0.0	d__Bacteria;p__Bacillota;c__Bacilli;o__Staphylococcales;f__Staphylococcaceae;g__Staphylococcus;s__Staphylococcus simulans_B	1286.0
MG-Run35-Ech-3	GCF_000194175.1	25	12	29	-3.2220111626441317	0.9993635291214784	d__Bacteria;p__Pseudomonadota;c__Gammaproteobacteria;o__Enterobacterales;f__Enterobacteriaceae;g__Escherichia;s__Escherichia coli_F	562.0
MG-Run35-Ech-3	GCF_000688415.1	25	11	0	14.849242404917497	0.0	d__Bacteria;p__Actinomycetota;c__Actinomycetes;o__Mycobacteriales;f__Mycobacteriaceae;g__Corynebacterium;s__Corynebacterium pseudodiphtheriticum	37637.0
MG-Run35-Ech-3	GCF_000377625.1	25	11	0	14.849242404917497	0.0	d__Bacteria;p__Bacteroidota;c__Bacteroidia;o__Bacteroidales;f__Bacteroidaceae;g__Prevotella;s__Prevotella veroralis	649761.0
MG-Run35-Ech-3	GCF_026344175.1	25	11	15	-1.1430011430017144	0.8734809417526226	d__Bacteria;p__Pseudomonadota;c__Gammaproteobacteria;o__Pseudomonadales;f__Moraxellaceae;g__Acinetobacter;s__Acinetobacter nematophilus	2777946.0
MG-Run35-Ech-3	GCF_018127785.1	25	11	0	14.849242404917497	0.0	d__Bacteria;p__Bacteroidota;c__Bacteroidia;o__Bacteroidales;f__Bacteroidaceae;g__Prevotella;s__Prevotella scopos	1236518.0
MG-Run35-Ech-3	GCA_002578045.1	25	10	0	13.435028842544401	0.0	d__Bacteria;p__Bacillota;c__Bacilli;o__Bacillales;f__Bacillaceae_G;g__Bacillus_A;s__Bacillus_A cereus_AK	1396.0
MG-Run35-Ech-3	GCF_031191185.1	25	9	0	12.020815280171307	0.0	d__Bacteria;p__Bacteroidota;c__Bacteroidia;o__Bacteroidales;f__Bacteroidaceae;g__Prevotella;s__Prevotella nigrescens	28133.0
MG-Run35-Ech-3	GCF_003241315.1	25	9	0	12.020815280171307	0.0	d__Bacteria;p__Actinomycetota;c__Actinomycetes;o__Mycobacteriales;f__Mycobacteriaceae;g__Lawsonella;s__Lawsonella clevelandensis_A	2041415.0
MG-Run35-Ech-3	GCF_002567495.1	25	8	0	10.606601717798211	0.0	d__Bacteria;p__Bacillota;c__Bacilli;o__Bacillales;f__Bacillaceae_G;g__Bacillus_A;s__Bacillus_A cereus_AQ	1396.0
MG-Run35-Ech-3	GCF_900454685.1	25	7	0	9.192388155425117	0.0	d__Bacteria;p__Bacillota_A;c__Clostridia;o__Tissierellales;f__Peptoniphilaceae;g__Peptoniphilus_A;s__Peptoniphilus_A harei	54005.0
MG-Run35-Ech-3	GCF_003942795.1	25	7	0	9.192388155425117	0.0	d__Bacteria;p__Bacillota;c__Bacilli;o__Lactobacillales;f__Streptococcaceae;g__Streptococcus;s__Streptococcus mitis_BJ	28037.0
MG-Run35-Ech-3	GCA_010604095.1	25	7	0	9.192388155425117	0.0	d__Bacteria;p__Bacillota;c__Bacilli;o__Lactobacillales;f__Streptococcaceae;g__Streptococcus;s__Streptococcus sp000187445	1316412.0
MG-Run35-Ech-3	GCF_900106665.1	25	6	0	7.7781745930520225	3.6637359812630166e-15	d__Bacteria;p__Pseudomonadota;c__Alphaproteobacteria;o__Rhodobacterales;f__Rhodobacteraceae;g__Paracoccus;s__Paracoccus sanguinis	1545044.0
MG-Run35-Ech-3	GCF_008327825.1	25	6	0	7.7781745930520225	3.6637359812630166e-15	d__Bacteria;p__Fusobacteriota;c__Fusobacteriia;o__Fusobacteriales;f__Leptotrichiaceae;g__Leptotrichia;s__Leptotrichia shahii	157691.0
MG-Run35-Ech-3	GCA_016807485.1	25	6	0	7.7781745930520225	3.6637359812630166e-15	d__Bacteria;p__Actinomycetota;c__Actinomycetes;o__Actinomycetales;f__Microbacteriaceae;g__Microbacterium;s__Microbacterium sp016807485	40324.0
MG-Run35-Ech-3	GCF_003730015.1	25	6	0	7.7781745930520225	3.6637359812630166e-15	d__Bacteria;p__Bacteroidota;c__Bacteroidia;o__Flavobacteriales;f__Weeksellaceae;g__Epilithonimonas;s__Epilithonimonas hominis	1871047.0
MG-Run35-Ech-3	GCF_000832605.1	25	5	0	6.363961030678928	9.830802838450836e-11	d__Bacteria;p__Bacillota;c__Bacilli;o__Bacillales;f__Bacillaceae_G;g__Bacillus_A;s__Bacillus_A mycoides	1405.0
MG-Run35-Ech-3	GCF_014769185.1	25	5	0	6.363961030678928	9.830802838450836e-11	d__Bacteria;p__Pseudomonadota;c__Gammaproteobacteria;o__Pseudomonadales;f__Moraxellaceae;g__Acinetobacter;s__Acinetobacter lwoffii_D	28090.0
MG-Run35-Ech-3	GCF_900454835.1	25	5	0	6.363961030678928	9.830802838450836e-11	d__Bacteria;p__Bacteroidota;c__Bacteroidia;o__Bacteroidales;f__Bacteroidaceae;g__Prevotella;s__Prevotella denticola	28129.0
MG-Run35-Ech-3	GCF_013387485.1	25	5	19	-3.283603399019327	0.9994875547978276	d__Bacteria;p__Pseudomonadota;c__Gammaproteobacteria;o__Xanthomonadales;f__Xanthomonadaceae;g__Stenotrophomonas;s__Stenotrophomonas maltophilia_AA	2723077.0
MG-Run35-Ech-3	GCF_000314675.2	25	5	11	-1.9167454300136628	0.9723648596618638	d__Bacteria;p__Pseudomonadota;c__Alphaproteobacteria;o__Rhizobiales;f__Xanthobacteraceae;g__Afipia;s__Afipia broomeae	1871052.0
MG-Run35-Ech-3	GCF_002564555.1	25	5	0	6.363961030678928	9.830802838450836e-11	d__Bacteria;p__Bacillota;c__Bacilli;o__Bacillales;f__Bacillaceae_G;g__Bacillus_A;s__Bacillus_A cereus_K	1396.0
MG-Run35-Ech-3	GCF_023520795.1	25	4	0	4.949747468305833	3.7154918619553e-7	d__Bacteria;p__Actinomycetota;c__Actinomycetes;o__Mycobacteriales;f__Mycobacteriaceae;g__Corynebacterium;s__Corynebacterium accolens	38284.0
MG-Run35-Ech-3	GCF_000010185.1	25	4	0	4.949747468305833	3.7154918619553e-7	d__Bacteria;p__Bacillota_A;c__Clostridia;o__Tissierellales;f__Peptoniphilaceae;g__Finegoldia;s__Finegoldia magna_H	866779.0
MG-Run35-Ech-3	GCF_003515945.1	25	4	107	-9.982426418927531	1.0	d__Bacteria;p__Actinomycetota;c__Actinomycetes;o__Actinomycetales;f__Dermatophilaceae;g__Dermacoccus;s__Dermacoccus abyssi	2762331.0
MG-Run35-Ech-3	GCF_002901995.1	25	4	0	4.949747468305833	3.7154918619553e-7	d__Bacteria;p__Bacillota;c__Bacilli;o__Staphylococcales;f__Staphylococcaceae;g__Staphylococcus;s__Staphylococcus coagulans	74706.0
MG-Run35-Ech-3	GCF_029024965.1	25	4	0	4.949747468305833	3.7154918619553e-7	d__Bacteria;p__Bacillota;c__Bacilli;o__Staphylococcales;f__Staphylococcaceae;g__Staphylococcus;s__Staphylococcus equorum	246432.0
MG-Run35-Ech-3	GCA_923184405.1	25	4	0	4.949747468305833	3.7154918619553e-7	d__Bacteria;p__Pseudomonadota;c__Gammaproteobacteria;o__Burkholderiales;f__Neisseriaceae;g__Neisseria;s__Neisseria meningitidis_C	487.0
MG-Run35-Ech-3	GCF_028308085.1	25	4	0	4.949747468305833	3.7154918619553e-7	d__Bacteria;p__Bacillota;c__Bacilli;o__Staphylococcales;f__Gemellaceae;g__Gemella;s__Gemella haemolysans_D	1379.0
MG-Run35-Ech-3	GCF_009867135.1	25	4	5	-0.6396021490668313	0.7387843575192178	d__Bacteria;p__Pseudomonadota;c__Gammaproteobacteria;o__Pseudomonadales;f__Moraxellaceae;g__Moraxella_A;s__Moraxella_A sp002478835	1946455.0
MG-Run35-Ech-3	GCF_018371055.1	25	4	0	4.949747468305833	3.7154918619553e-7	d__Bacteria;p__Bacillota_A;c__Clostridia;o__Tissierellales;f__Peptoniphilaceae;g__Finegoldia;s__Finegoldia magna_I	328009.0
MG-Run35-Ech-3	GCF_022493055.1	25	4	1	2.041241452319315	0.020613416668581852	d__Bacteria;p__Bacillota;c__Bacilli;o__Staphylococcales;f__Staphylococcaceae;g__Staphylococcus;s__Staphylococcus singaporensis	2742142.0
MG-Run35-Ech-3	GCF_014647715.1	25	4	17	-3.2271172452028627	0.9993747789432947	d__Bacteria;p__Pseudomonadota;c__Gammaproteobacteria;o__Pseudomonadales;f__Moraxellaceae;g__Moraxella_A;s__Moraxella_A cinereus	1946462.0
MG-Run35-Ech-3	GCF_000301035.1	25	3	0	3.5355339059327373	0.00020347600872250293	d__Bacteria;p__Bacillota;c__Bacilli;o__Lactobacillales;f__Aerococcaceae;g__Facklamia;s__Facklamia hominis	178214.0
MG-Run35-Ech-3	GCF_003030305.1	25	3	0	3.5355339059327373	0.00020347600872250293	d__Bacteria;p__Actinomycetota;c__Actinomycetes;o__Propionibacteriales;f__Propionibacteriaceae;g__Cutibacterium;s__Cutibacterium acnes	765068.0
MG-Run35-Ech-3	GCF_019458035.1	25	3	0	3.5355339059327373	0.00020347600872250293	d__Bacteria;p__Bacillota;c__Bacilli;o__Lactobacillales;f__Streptococcaceae;g__Streptococcus;s__Streptococcus oralis_BP	1303.0
MG-Run35-Ech-3	GCF_001883995.1	25	3	0	3.5355339059327373	0.00020347600872250293	d__Bacteria;p__Bacillota;c__Bacilli;o__Bacillales;f__Bacillaceae_G;g__Bacillus_A;s__Bacillus_A paranthracis	2026186.0
MG-Run35-Ech-3	GCF_938018165.1	25	3	0	3.5355339059327373	0.00020347600872250293	d__Bacteria;p__Bacteroidota;c__Bacteroidia;o__Flavobacteriales;f__Flavobacteriaceae;g__Capnocytophaga;s__Capnocytophaga leadbetteri_A	327575.0
MG-Run35-Ech-3	GCF_000740795.1	25	3	0	3.5355339059327373	0.00020347600872250293	d__Bacteria;p__Pseudomonadota;c__Alphaproteobacteria;o__Rhodobacterales;f__Rhodobacteraceae;g__Haematobacter;s__Haematobacter massiliensis	195105.0
MG-Run35-Ech-3	GCF_008801915.1	25	3	0	3.5355339059327373	0.00020347600872250293	d__Bacteria;p__Pseudomonadota;c__Gammaproteobacteria;o__Burkholderiales;f__Burkholderiaceae;g__Cupriavidus;s__Cupriavidus gilardii	82541.0
MG-Run35-Ech-3	GCF_002027545.1	25	2	0	2.1213203435596424	0.01694742676234462	d__Bacteria;p__Pseudomonadota;c__Gammaproteobacteria;o__Pseudomonadales;f__Moraxellaceae;g__Moraxella;s__Moraxella lacunata	1223506.0
MG-Run35-Ech-3	GCF_000740775.1	25	2	2	-0.31622776601683794	0.6240851829770754	d__Bacteria;p__Pseudomonadota;c__Alphaproteobacteria;o__Rhodobacterales;f__Rhodobacteraceae;g__Haematobacter;s__Haematobacter missouriensis	366616.0
MG-Run35-Ech-3	GCF_904846285.1	25	2	0	2.1213203435596424	0.01694742676234462	d__Bacteria;p__Pseudomonadota;c__Gammaproteobacteria;o__Pseudomonadales;f__Moraxellaceae;g__Psychrobacter;s__Psychrobacter immobilis_D	498.0
MG-Run35-Ech-3	GCF_003862485.1	25	2	0	2.1213203435596424	0.01694742676234462	d__Bacteria;p__Bacillota_A;c__Clostridia;o__Lachnospirales;f__Lachnospiraceae;g__Lachnoanaerobaculum;s__Lachnoanaerobaculum orale	467210.0
MG-Run35-Ech-3	GCF_900636965.1	25	2	0	2.1213203435596424	0.01694742676234462	d__Bacteria;p__Bacillota;c__Bacilli;o__Lactobacillales;f__Lactobacillaceae;g__Lacticaseibacillus;s__Lacticaseibacillus rhamnosus	47715.0
MG-Run35-Ech-3	GCF_002243175.1	25	2	0	2.1213203435596424	0.01694742676234462	d__Bacteria;p__Bacillota_A;c__Clostridia;o__Tissierellales;f__Peptoniphilaceae;g__Finegoldia;s__Finegoldia magna_J	1260.0
MG-Run35-Ech-3	GCF_900460215.1	25	2	1	0.4082482904638631	0.34154569915480437	d__Bacteria;p__Pseudomonadota;c__Gammaproteobacteria;o__Cardiobacteriales;f__Cardiobacteriaceae;g__Suttonella;s__Suttonella indologenes	13276.0
MG-Run35-Ech-3	GCF_001455345.1	25	2	0	2.1213203435596424	0.01694742676234462	d__Bacteria;p__Bacillota;c__Bacilli;o__Bacillales;f__Bacillaceae_G;g__Bacillus_A;s__Bacillus_A thuringiensis_N	1396.0
MG-Run35-Ech-3	GCF_003942775.1	25	2	0	2.1213203435596424	0.01694742676234462	d__Bacteria;p__Bacillota;c__Bacilli;o__Lactobacillales;f__Streptococcaceae;g__Streptococcus;s__Streptococcus mitis_CN	28037.0
MG-Run35-Ech-3	GCF_000364445.2	25	2	0	2.1213203435596424	0.01694742676234462	d__Bacteria;p__Pseudomonadota;c__Alphaproteobacteria;o__Rhizobiales;f__Beijerinckiaceae;g__Methylobacterium;s__Methylobacterium mesophilicum_A	908290.0
MG-Run35-Ech-3	GCF_001656295.1	25	2	2	-0.31622776601683794	0.6240851829770754	d__Bacteria;p__Pseudomonadota;c__Gammaproteobacteria;o__Pseudomonadales;f__Moraxellaceae;g__Moraxella;s__Moraxella catarrhalis_C	480.0
MG-Run35-Ech-3	GCF_015775975.1	25	2	0	2.1213203435596424	0.01694742676234462	d__Bacteria;p__Bacillota;c__Bacilli;o__Staphylococcales;f__Staphylococcaceae;g__Staphylococcus;s__Staphylococcus lloydii	2781774.0
MG-Run35-Ech-3	GCF_002559825.1	25	2	0	2.1213203435596424	0.01694742676234462	d__Bacteria;p__Bacillota;c__Bacilli;o__Bacillales;f__Bacillaceae_G;g__Bacillus_A;s__Bacillus_A thuringiensis	1428.0
MG-Run35-Ech-3	GCF_000178995.1	25	2	1	0.4082482904638631	0.34154569915480437	d__Bacteria;p__Pseudomonadota;c__Alphaproteobacteria;o__Rhizobiales;f__Xanthobacteraceae;g__Afipia;s__Afipia sp000178995	2072420.0
MG-Run35-Ech-3	GCF_002014765.1	25	2	4	-1.1785113019775793	0.8807035853417823	d__Bacteria;p__Pseudomonadota;c__Gammaproteobacteria;o__Pseudomonadales;f__Moraxellaceae;g__Moraxella_C;s__Moraxella_C lincolnii	90241.0
MG-Run35-Ech-3	GCF_904846175.1	25	2	0	2.1213203435596424	0.01694742676234462	d__Bacteria;p__Pseudomonadota;c__Gammaproteobacteria;o__Pseudomonadales;f__Moraxellaceae;g__Psychrobacter;s__Psychrobacter immobilis_E	498.0
MG-Run35-Ech-3	GCF_000368865.1	25	2	1	0.4082482904638631	0.34154569915480437	d__Bacteria;p__Pseudomonadota;c__Gammaproteobacteria;o__Pseudomonadales;f__Moraxellaceae;g__Acinetobacter;s__Acinetobacter bouvetii	1120925.0
MG-Run35-Ech-3	GCF_002902285.1	25	2	0	2.1213203435596424	0.01694742676234462	d__Bacteria;p__Bacillota;c__Bacilli;o__Staphylococcales;f__Staphylococcaceae;g__Staphylococcus;s__Staphylococcus simulans	1286.0
MG-Run35-Ech-3	GCF_002902385.1	25	2	0	2.1213203435596424	0.01694742676234462	d__Bacteria;p__Bacillota;c__Bacilli;o__Staphylococcales;f__Staphylococcaceae;g__Staphylococcus;s__Staphylococcus intermedius	1285.0
MG-Run35-Ech-3	GCF_900453205.1	25	2	0	2.1213203435596424	0.01694742676234462	d__Bacteria;p__Pseudomonadota;c__Gammaproteobacteria;o__Pseudomonadales;f__Moraxellaceae;g__Moraxella;s__Moraxella lacunata_B	477.0
MG-Run35-Ech-3	GCA_015356505.1	25	2	0	2.1213203435596424	0.01694742676234462	d__Bacteria;p__Pseudomonadota;c__Gammaproteobacteria;o__Enterobacterales;f__Enterobacteriaceae;g__Morganella;s__Morganella morganii_E	582.0
MG-Run35-Ech-3	GCF_900636385.1	25	2	0	2.1213203435596424	0.01694742676234462	d__Bacteria;p__Bacillota;c__Bacilli;o__Staphylococcales;f__Staphylococcaceae;g__Staphylococcus;s__Staphylococcus warneri	1292.0
MG-Run35-Ech-3	GCF_000236925.1	25	2	0	2.1213203435596424	0.01694742676234462	d__Bacteria;p__Bacillota;c__Bacilli;o__Staphylococcales;f__Staphylococcaceae;g__Staphylococcus;s__Staphylococcus argenteus	985002.0
MG-Run35-Ech-3	GCF_001618885.1	25	2	0	2.1213203435596424	0.01694742676234462	d__Bacteria;p__Bacillota;c__Bacilli;o__Staphylococcales;f__Staphylococcaceae;g__Staphylococcus;s__Staphylococcus condimenti	70255.0
MG-Run35-Ech-3	GCF_000759775.1	25	2	1	0.4082482904638631	0.34154569915480437	d__Bacteria;p__Pseudomonadota;c__Gammaproteobacteria;o__Enterobacterales;f__Enterobacteriaceae;g__Escherichia;s__Escherichia albertii	208962.0
MG-Run35-Ech-3	GCF_003688935.1	25	2	0	2.1213203435596424	0.01694742676234462	d__Bacteria;p__Actinomycetota;c__Actinomycetes;o__Mycobacteriales;f__Mycobacteriaceae;g__Corynebacterium;s__Corynebacterium macginleyi	38290.0
MG-Run35-Ech-3	GCF_000369625.1	25	2	1	0.4082482904638631	0.34154569915480437	d__Bacteria;p__Pseudomonadota;c__Gammaproteobacteria;o__Pseudomonadales;f__Moraxellaceae;g__Acinetobacter;s__Acinetobacter variabilis	70346.0
MG-Run35-Ech-3	GCF_001636405.1	25	2	1	0.4082482904638631	0.34154569915480437	d__Bacteria;p__Bacillota;c__Bacilli;o__Bacillales_B;f__DSM-1321;g__Peribacillus;s__Peribacillus frigoritolerans	450367.0
MG-Run35-Ech-3	GCF_001072925.1	25	2	0	2.1213203435596424	0.01694742676234462	d__Bacteria;p__Bacillota;c__Bacilli;o__Lactobacillales;f__Streptococcaceae;g__Streptococcus;s__Streptococcus pseudopneumoniae_Q	257758.0
MG-Run35-Ech-3	GCF_006757745.1	25	2	5	-1.4924050144892729	0.9322034993668489	d__Bacteria;p__Pseudomonadota;c__Gammaproteobacteria;o__Pseudomonadales;f__Moraxellaceae;g__Acinetobacter;s__Acinetobacter radioresistens	40216.0
MG-Run35-Ech-3	GCF_900094905.1	25	2	0	2.1213203435596424	0.01694742676234462	d__Bacteria;p__Bacillota;c__Bacilli;o__Bacillales;f__Bacillaceae_G;g__Bacillus_A;s__Bacillus_A cereus_AG	1396.0
MG-Run35-Ech-3	GCF_001747895.1	25	2	0	2.1213203435596424	0.01694742676234462	d__Bacteria;p__Bacillota;c__Bacilli;o__Staphylococcales;f__Staphylococcaceae;g__Staphylococcus;s__Staphylococcus equorum_A	246432.0
MG-Run35-Ech-3	GCF_000165735.1	25	2	0	2.1213203435596424	0.01694742676234462	d__Bacteria;p__Bacillota_C;c__Negativicutes;o__Veillonellales;f__Megasphaeraceae;g__Anaeroglobus;s__Anaeroglobus micronuciformis	2997918.0
MG-Run35-Ech-3	GCF_003970495.1	25	2	0	2.1213203435596424	0.01694742676234462	d__Bacteria;p__Bacillota;c__Bacilli;o__Staphylococcales;f__Staphylococcaceae;g__Staphylococcus;s__Staphylococcus pasteuri	2653174.0
MG-Run35-Ech-3	GCF_006715025.1	25	1	0	0.7071067811865475	0.23975006109347674	d__Bacteria;p__Pseudomonadota;c__Gammaproteobacteria;o__Enterobacterales;f__Enterobacteriaceae;g__Serratia_A;s__Serratia_A fonticola_A	47917.0
MG-Run35-Ech-3	GCF_000622145.1	25	1	0	0.7071067811865475	0.23975006109347674	d__Bacteria;p__Pseudomonadota;c__Alphaproteobacteria;o__Rhodobacterales;f__Rhodobacteraceae;g__Paracoccus;s__Paracoccus yeei	147645.0
MG-Run35-Ech-3	GCF_002153395.1	25	1	0	0.7071067811865475	0.23975006109347674	d__Bacteria;p__Bacillota;c__Bacilli;o__Bacillales;f__Bacillaceae;g__Bacillus;s__Bacillus subtilis_G	72361.0
MG-Run35-Ech-3	GCF_009496285.1	25	1	0	0.7071067811865475	0.23975006109347674	d__Bacteria;p__Bacillota;c__Bacilli;o__Lactobacillales;f__Streptococcaceae;g__Streptococcus;s__Streptococcus mitis_BP	28037.0
MG-Run35-Ech-3	GCF_001543145.1	25	1	0	0.7071067811865475	0.23975006109347674	d__Bacteria;p__Bacillota;c__Bacilli;o__Lactobacillales;f__Aerococcaceae;g__Aerococcus;s__Aerococcus sanguinicola	119206.0
MG-Run35-Ech-3	GCA_902506215.1	25	1	15	-3.6830036830055244	0.9998847490860268	d__Bacteria;p__Pseudomonadota;c__Gammaproteobacteria;o__Pseudomonadales;f__Moraxellaceae;g__Moraxella_A;s__Moraxella_A sp902506215	2653185.0
MG-Run35-Ech-3	GCF_007990635.1	25	1	0	0.7071067811865475	0.23975006109347674	d__Bacteria;p__Fusobacteriota;c__Fusobacteriia;o__Fusobacteriales;f__Leptotrichiaceae;g__Leptotrichia;s__Leptotrichia hongkongensis	554406.0
MG-Run35-Ech-3	GCF_003609775.1	25	1	0	0.7071067811865475	0.23975006109347674	d__Bacteria;p__Bacteroidota;c__Bacteroidia;o__Bacteroidales;f__Bacteroidaceae;g__Prevotella;s__Prevotella melaninogenica_A	28132.0
MG-Run35-Ech-3	GCF_019048525.1	25	1	0	0.7071067811865475	0.23975006109347674	d__Bacteria;p__Pseudomonadota;c__Gammaproteobacteria;o__Pseudomonadales;f__Moraxellaceae;g__Acinetobacter;s__Acinetobacter lwoffii_K	28090.0
MG-Run35-Ech-3	GCF_003024655.1	25	1	0	0.7071067811865475	0.23975006109347674	d__Bacteria;p__Bacillota_A;c__Clostridia;o__Lachnospirales;f__Lachnospiraceae;g__Enterocloster;s__Enterocloster lavalensis	333367.0
MG-Run35-Ech-3	GCA_905194895.1	25	1	0	0.7071067811865475	0.23975006109347674	d__Bacteria;p__Bacillota_C;c__Negativicutes;o__Veillonellales;f__Veillonellaceae;g__Veillonella;s__Veillonella fallax	39778.0
MG-Run35-Ech-3	GCF_000338275.1	25	1	0	0.7071067811865475	0.23975006109347674	d__Bacteria;p__Bacillota;c__Bacilli;o__Staphylococcales;f__Staphylococcaceae;g__Staphylococcus;s__Staphylococcus xylosus_B	1288.0
MG-Run35-Ech-3	GCF_012922555.1	25	1	1	-0.4082482904638631	0.6584543008451956	d__Bacteria;p__Bacillota_A;c__Clostridia;o__Peptostreptococcales;f__Peptostreptococcaceae;g__Paraclostridium;s__Paraclostridium dentum	1490.0
MG-Run35-Ech-3	GCF_026659735.1	25	1	0	0.7071067811865475	0.23975006109347674	d__Bacteria;p__Bacillota;c__Bacilli;o__Staphylococcales;f__Staphylococcaceae;g__Staphylococcus;s__Staphylococcus sp943908435	170573.0
MG-Run35-Ech-3	GCF_002902755.1	25	1	0	0.7071067811865475	0.23975006109347674	d__Bacteria;p__Bacillota;c__Bacilli;o__Staphylococcales;f__Staphylococcaceae;g__Mammaliicoccus;s__Mammaliicoccus lentus	2898665.0
MG-Run35-Ech-3	GCF_029024945.1	25	1	0	0.7071067811865475	0.23975006109347674	d__Bacteria;p__Bacillota;c__Bacilli;o__Staphylococcales;f__Staphylococcaceae;g__Staphylococcus;s__Staphylococcus succinus	61015.0
MG-Run35-Ech-3	GCF_001875655.1	25	1	0	0.7071067811865475	0.23975006109347674	d__Bacteria;p__Pseudomonadota;c__Gammaproteobacteria;o__Enterobacterales;f__Enterobacteriaceae;g__Enterobacter;s__Enterobacter hormaechei	158836.0
MG-Run35-Ech-3	GCF_013046825.1	25	1	0	0.7071067811865475	0.23975006109347674	d__Bacteria;p__Bacillota;c__Bacilli;o__MOL361;f__Turicibacteraceae;g__Turicibacter;s__Turicibacter sanguinis	154288.0
MG-Run35-Ech-3	GCF_001792775.2	25	1	0	0.7071067811865475	0.23975006109347674	d__Bacteria;p__Bacillota;c__Bacilli;o__Staphylococcales;f__Staphylococcaceae;g__Staphylococcus;s__Staphylococcus pseudintermedius	283734.0
MG-Run35-Ech-3	GCF_003634575.1	25	1	1	-0.4082482904638631	0.6584543008451956	d__Bacteria;p__Pseudomonadota;c__Gammaproteobacteria;o__Enterobacterales;f__Enterobacteriaceae;g__Photorhabdus;s__Photorhabdus asymbiotica	291112.0
MG-Run35-Ech-3	GCF_002836975.1	25	1	0	0.7071067811865475	0.23975006109347674	d__Bacteria;p__Pseudomonadota;c__Gammaproteobacteria;o__Enterobacterales;f__Shewanellaceae;g__Shewanella;s__Shewanella indica	768528.0
MG-Run35-Ech-3	GCF_000159695.1	25	1	0	0.7071067811865475	0.23975006109347674	d__Bacteria;p__Bacillota_A;c__Clostridia;o__Tissierellales;f__Peptoniphilaceae;g__Finegoldia;s__Finegoldia magna_F	1260.0
MG-Run35-Ech-3	GCF_002584985.1	25	1	0	0.7071067811865475	0.23975006109347674	d__Bacteria;p__Bacillota;c__Bacilli;o__Bacillales;f__Bacillaceae_G;g__Bacillus_A;s__Bacillus_A sp002584985	1396.0
MG-Run35-Ech-3	GCF_000708715.2	25	1	1	-0.4082482904638631	0.6584543008451956	d__Bacteria;p__Pseudomonadota;c__Gammaproteobacteria;o__Pseudomonadales;f__Pseudomonadaceae;g__Pseudomonas_E;s__Pseudomonas_E putida_R	303.0
MG-Run35-Ech-3	GCF_002195995.1	25	1	0	0.7071067811865475	0.23975006109347674	d__Bacteria;p__Pseudomonadota;c__Alphaproteobacteria;o__DSM-16000;f__Inquilinaceae;g__Inquilinus;s__Inquilinus limosus_C	171674.0
MG-Run35-Ech-3	GCF_000815105.2	25	1	1	-0.4082482904638631	0.6584543008451956	d__Bacteria;p__Pseudomonadota;c__Gammaproteobacteria;o__Burkholderiales;f__Burkholderiaceae;g__Pandoraea;s__Pandoraea pulmonicola	93221.0
MG-Run35-Ech-3	GCF_000212855.1	25	1	0	0.7071067811865475	0.23975006109347674	d__Bacteria;p__Bacillota;c__Bacilli;o__Lactobacillales;f__Streptococcaceae;g__Streptococcus;s__Streptococcus sanguinis_A	888816.0
MG-Run35-Ech-3	GCF_001072375.1	25	1	0	0.7071067811865475	0.23975006109347674	d__Bacteria;p__Bacillota;c__Bacilli;o__Lactobacillales;f__Streptococcaceae;g__Streptococcus;s__Streptococcus pseudopneumoniae_L	257758.0
MG-Run35-Ech-3	GCF_006094395.1	25	1	0	0.7071067811865475	0.23975006109347674	d__Bacteria;p__Bacillota;c__Bacilli;o__Staphylococcales;f__Staphylococcaceae;g__Staphylococcus;s__Staphylococcus haemolyticus	1283.0
MG-Run35-Ech-3	GCF_029531845.1	25	1	0	0.7071067811865475	0.23975006109347674	d__Bacteria;p__Bacillota;c__Bacilli;o__Staphylococcales;f__Staphylococcaceae;g__Staphylococcus;s__Staphylococcus equorum_C	246432.0
MG-Run35-Ech-3	GCA_022811845.1	25	1	0	0.7071067811865475	0.23975006109347674	d__Bacteria;p__Bacillota;c__Bacilli;o__Bacillales;f__Bacillaceae_G;g__Bacillus_A;s__Bacillus_A cereus_AV	1396.0
MG-Run35-Ech-3	GCF_001884135.1	25	1	0	0.7071067811865475	0.23975006109347674	d__Bacteria;p__Bacillota;c__Bacilli;o__Bacillales;f__Bacillaceae_G;g__Bacillus_A;s__Bacillus_A nitratireducens	1396.0
MG-Run35-Ech-3	GCF_002965065.1	25	1	3	-1.3363062095621219	0.9092753961392899	d__Bacteria;p__Pseudomonadota;c__Gammaproteobacteria;o__Enterobacterales;f__Enterobacteriaceae;g__Escherichia;s__Escherichia sp002965065	2093900.0
MG-Run35-Ech-3	GCF_000982825.1	25	1	2	-0.9486832980505138	0.8286091444260443	d__Bacteria;p__Pseudomonadota;c__Gammaproteobacteria;o__Enterobacterales;f__Enterobacteriaceae;g__Cronobacter;s__Cronobacter sakazakii	28141.0
MG-Run35-Ech-3	GCF_021278985.1	25	1	2	-0.9486832980505138	0.8286091444260443	d__Bacteria;p__Pseudomonadota;c__Gammaproteobacteria;o__Enterobacterales;f__Enterobacteriaceae;g__Citrobacter_A;s__Citrobacter_A rodentium	1218085.0
MG-Run35-Ech-3	GCF_946188375.1	25	1	0	0.7071067811865475	0.23975006109347674	d__Bacteria;p__Bacillota;c__Bacilli;o__Lactobacillales;f__Streptococcaceae;g__Streptococcus;s__Streptococcus mitis_CX	28037.0
MG-Run35-Ech-3	GCF_000286075.1	25	1	0	0.7071067811865475	0.23975006109347674	d__Bacteria;p__Bacillota;c__Bacilli;o__Lactobacillales;f__Streptococcaceae;g__Streptococcus;s__Streptococcus ratti	1309.0
MG-Run35-Ech-3	GCF_007673305.1	25	1	0	0.7071067811865475	0.23975006109347674	d__Bacteria;p__Bacillota;c__Bacilli;o__Bacillales;f__Bacillaceae_G;g__Bacillus_A;s__Bacillus_A mycoides_C	1396.0
MG-Run35-Ech-3	GCF_001642025.1	25	1	0	0.7071067811865475	0.23975006109347674	d__Bacteria;p__Actinomycetota;c__Actinomycetes;o__Propionibacteriales;f__Propionibacteriaceae;g__Cutibacterium;s__Cutibacterium namnetense	1912223.0
MG-Run35-Ech-3	GCA_000027065.2	25	1	1	-0.4082482904638631	0.6584543008451956	d__Bacteria;p__Pseudomonadota;c__Gammaproteobacteria;o__Enterobacterales;f__Enterobacteriaceae;g__Cronobacter;s__Cronobacter turicensis	413502.0
MG-Run35-Ech-3	GCF_900458815.1	25	1	0	0.7071067811865475	0.23975006109347674	d__Bacteria;p__Bacillota;c__Bacilli;o__Staphylococcales;f__Staphylococcaceae;g__Staphylococcus;s__Staphylococcus saccharolyticus	33028.0
MG-Run35-Ech-3	GCF_011045835.1	25	1	0	0.7071067811865475	0.23975006109347674	d__Bacteria;p__Pseudomonadota;c__Gammaproteobacteria;o__Enterobacterales;f__Enterobacteriaceae;g__Proteus;s__Proteus cibarius	1574161.0
MG-Run35-Ech-3	GCF_029433855.1	25	1	1	-0.4082482904638631	0.6584543008451956	d__Bacteria;p__Pseudomonadota;c__Gammaproteobacteria;o__Enterobacterales;f__Enterobacteriaceae;g__Kosakonia;s__Kosakonia cowanii_A	208223.0
MG-Run35-Ech-3	GCF_002953215.1	25	1	0	0.7071067811865475	0.23975006109347674	d__Bacteria;p__Pseudomonadota;c__Gammaproteobacteria;o__Enterobacterales;f__Enterobacteriaceae;g__Mixta;s__Mixta calida	1951660.0
MG-Run35-Ech-3	GCF_000222765.1	25	1	1	-0.4082482904638631	0.6584543008451956	d__Bacteria;p__Bacillota;c__Bacilli;o__Lactobacillales;f__Streptococcaceae;g__Streptococcus;s__Streptococcus cristatus	45634.0
MG-Run35-Ech-3	GCF_013282665.1	25	1	0	0.7071067811865475	0.23975006109347674	d__Bacteria;p__Bacillota;c__Bacilli;o__Lactobacillales;f__Listeriaceae;g__Listeria;s__Listeria monocytogenes_C	1639.0
MG-Run35-Ech-3	GCA_019856455.1	25	1	0	0.7071067811865475	0.23975006109347674	d__Bacteria;p__Bacillota;c__Bacilli;o__Lactobacillales;f__Streptococcaceae;g__Streptococcus;s__Streptococcus suis_AE	1307.0
MG-Run35-Ech-3	GCF_904848165.1	25	1	0	0.7071067811865475	0.23975006109347674	d__Bacteria;p__Pseudomonadota;c__Gammaproteobacteria;o__Pseudomonadales;f__Moraxellaceae;g__Psychrobacter;s__Psychrobacter arenosus	256326.0
MG-Run35-Ech-3	GCF_002154655.1	25	1	0	0.7071067811865475	0.23975006109347674	d__Bacteria;p__Actinomycetota;c__Actinomycetes;o__Mycobacteriales;f__Mycobacteriaceae;g__Corynebacterium;s__Corynebacterium kefirresidentii	1203558.0
MG-Run35-Ech-3	GCF_900637055.1	25	1	0	0.7071067811865475	0.23975006109347674	d__Bacteria;p__Bacillota;c__Bacilli;o__Brevibacillales;f__Brevibacillaceae;g__Brevibacillus;s__Brevibacillus brevis	1393.0
MG-Run35-Ech-3	GCF_009496085.1	25	1	0	0.7071067811865475	0.23975006109347674	d__Bacteria;p__Bacillota;c__Bacilli;o__Lactobacillales;f__Streptococcaceae;g__Streptococcus;s__Streptococcus mitis_BY	28037.0
MG-Run35-Ech-3	GCF_001975225.1	25	1	1	-0.4082482904638631	0.6584543008451956	d__Bacteria;p__Pseudomonadota;c__Gammaproteobacteria;o__Enterobacterales;f__Enterobacteriaceae;g__Kosakonia;s__Kosakonia cowanii	1399146.0
MG-Run35-Ech-3	GCA_001171885.1	25	1	0	0.7071067811865475	0.23975006109347674	d__Bacteria;p__Bacillota;c__Bacilli;o__Lactobacillales;f__Streptococcaceae;g__Streptococcus;s__Streptococcus pneumoniae_A	1313.0
MG-Run35-Ech-3	GCA_018365265.1	25	1	0	0.7071067811865475	0.23975006109347674	d__Bacteria;p__Bacillota;c__Bacilli;o__Lactobacillales;f__Streptococcaceae;g__Streptococcus;s__Streptococcus parasanguinis_G	1318.0
MG-Run35-Ech-3	GCF_000262545.1	25	1	0	0.7071067811865475	0.23975006109347674	d__Bacteria;p__Bacteroidota;c__Bacteroidia;o__Bacteroidales;f__Bacteroidaceae;g__Prevotella;s__Prevotella bivia	28125.0
MG-Run35-Ech-3	GCF_000763495.1	25	1	0	0.7071067811865475	0.23975006109347674	d__Bacteria;p__Bacillota;c__Bacilli;o__Lactobacillales;f__Listeriaceae;g__Listeria;s__Listeria londoniensis	202752.0
MG-Run35-Ech-3	GCF_000565015.1	25	1	0	0.7071067811865475	0.23975006109347674	d__Bacteria;p__Bacteroidota;c__Bacteroidia;o__Bacteroidales;f__Porphyromonadaceae;g__Porphyromonas;s__Porphyromonas catoniae	887901.0
MG-Run35-Ech-3	GCF_003935895.2	25	1	0	0.7071067811865475	0.23975006109347674	d__Bacteria;p__Pseudomonadota;c__Gammaproteobacteria;o__Enterobacterales;f__Enterobacteriaceae;g__Scandinavium;s__Scandinavium goeteborgense	1851514.0
MG-Run35-Ech-3	GCA_021733665.1	25	1	0	0.7071067811865475	0.23975006109347674	d__Bacteria;p__Pseudomonadota;c__Alphaproteobacteria;o__Rhizobiales;f__Rhizobiaceae;g__Pseudochrobactrum;s__Pseudochrobactrum sp021733665	354351.0
MG-Run35-Ech-3	GCF_011387195.1	25	1	0	0.7071067811865475	0.23975006109347674	d__Bacteria;p__Bacillota;c__Bacilli;o__Lactobacillales;f__Streptococcaceae;g__Streptococcus;s__Streptococcus ruminicola	1335.0
MG-Run35-Ech-3	GCF_030582395.1	25	1	0	0.7071067811865475	0.23975006109347674	d__Bacteria;p__Pseudomonadota;c__Gammaproteobacteria;o__Burkholderiales;f__Burkholderiaceae;g__Ralstonia;s__Ralstonia pickettii_D	329.0
MG-Run35-Ech-3	GCF_000306945.1	25	1	0	0.7071067811865475	0.23975006109347674	d__Bacteria;p__Pseudomonadota;c__Gammaproteobacteria;o__Burkholderiales;f__Burkholderiaceae;g__Bordetella;s__Bordetella pertussis	1458277.0
MG-Run35-Ech-3	GCF_000368025.1	25	1	3	-1.3363062095621219	0.9092753961392899	d__Bacteria;p__Pseudomonadota;c__Gammaproteobacteria;o__Pseudomonadales;f__Moraxellaceae;g__Acinetobacter;s__Acinetobacter parvus	1144668.0
MG-Run35-Ech-3	GCF_900187015.1	25	1	0	0.7071067811865475	0.23975006109347674	d__Bacteria;p__Pseudomonadota;c__Gammaproteobacteria;o__Enterobacterales;f__Enterobacteriaceae;g__Serratia_L;s__Serratia_L ficaria	61651.0
MG-Run35-Ech-3	GCF_020149765.1	25	1	0	0.7071067811865475	0.23975006109347674	d__Bacteria;p__Pseudomonadota;c__Gammaproteobacteria;o__Enterobacterales;f__Enterobacteriaceae;g__Pantoea;s__Pantoea alvi	2080494.0
MG-Run35-Ech-3	GCF_002836505.1	25	1	0	0.7071067811865475	0.23975006109347674	d__Bacteria;p__Pseudomonadota;c__Gammaproteobacteria;o__Pseudomonadales;f__Moraxellaceae;g__Psychrobacter;s__Psychrobacter sp002836505	2555884.0
MG-Run35-Ech-3	GCF_003286595.3	25	1	0	0.7071067811865475	0.23975006109347674	d__Bacteria;p__Bacillota;c__Bacilli;o__Lactobacillales;f__Aerococcaceae;g__Aerococcus;s__Aerococcus urinae_D	1376.0
MG-Run35-Ech-3	GCF_002902365.1	25	1	0	0.7071067811865475	0.23975006109347674	d__Bacteria;p__Bacillota;c__Bacilli;o__Staphylococcales;f__Staphylococcaceae;g__Staphylococcus;s__Staphylococcus cohnii	29382.0
MG-Run35-Ech-3	GCF_000007825.1	25	1	0	0.7071067811865475	0.23975006109347674	d__Bacteria;p__Bacillota;c__Bacilli;o__Bacillales;f__Bacillaceae_G;g__Bacillus_A;s__Bacillus_A cereus	1428.0
MG-Run35-Ech-3	GCF_002096895.1	25	1	0	0.7071067811865475	0.23975006109347674	d__Bacteria;p__Bacillota;c__Bacilli;o__Lactobacillales;f__Streptococcaceae;g__Streptococcus;s__Streptococcus mitis_AH	28037.0
MG-Run35-Ech-3	GCF_001075875.1	25	1	0	0.7071067811865475	0.23975006109347674	d__Bacteria;p__Bacillota;c__Bacilli;o__Lactobacillales;f__Streptococcaceae;g__Streptococcus;s__Streptococcus oralis_I	1303.0
MG-Run35-Ech-3	GCA_018499505.1	25	1	0	0.7071067811865475	0.23975006109347674	d__Bacteria;p__Bacillota;c__Bacilli;o__Lactobacillales;f__Streptococcaceae;g__Streptococcus;s__Streptococcus parasanguinis_K	1318.0
MG-Run35-Ech-3	GCF_018448765.1	25	1	0	0.7071067811865475	0.23975006109347674	d__Bacteria;p__Bacillota;c__Bacilli;o__Lactobacillales;f__Streptococcaceae;g__Streptococcus;s__Streptococcus oralis_BM	1303.0
MG-Run35-Ech-3	GCF_001274775.1	25	1	0	0.7071067811865475	0.23975006109347674	d__Bacteria;p__Bacillota;c__Bacilli;o__Bacillales_B;f__Bacillaceae_B;g__Rossellomorea;s__Rossellomorea marisflavi	189381.0
MG-Run35-Ech-3	GCF_018127965.1	25	1	0	0.7071067811865475	0.23975006109347674	d__Bacteria;p__Bacteroidota;c__Bacteroidia;o__Bacteroidales;f__Bacteroidaceae;g__Prevotella;s__Prevotella melaninogenica_B	28132.0
MG-Run35-Ech-3	GCF_000368065.1	25	1	1	-0.4082482904638631	0.6584543008451956	d__Bacteria;p__Pseudomonadota;c__Gammaproteobacteria;o__Pseudomonadales;f__Moraxellaceae;g__Acinetobacter;s__Acinetobacter seifertii	1530123.0
MG-Run35-Ech-3	GCF_000382385.1	25	1	0	0.7071067811865475	0.23975006109347674	d__Bacteria;p__Bacteroidota;c__Bacteroidia;o__Bacteroidales;f__Bacteroidaceae;g__Prevotella;s__Prevotella maculosa	1122986.0
MG-Run35-Ech-3	GCF_001433875.1	25	1	0	0.7071067811865475	0.23975006109347674	d__Bacteria;p__Bacillota;c__Bacilli;o__Lactobacillales;f__Lactobacillaceae;g__Lactobacillus;s__Lactobacillus delbrueckii	29397.0
MG-Run35-Ech-3	GCF_016642265.1	25	1	0	0.7071067811865475	0.23975006109347674	d__Bacteria;p__Bacillota;c__Bacilli;o__Lactobacillales;f__Streptococcaceae;g__Streptococcus;s__Streptococcus lactarius	83427.0
MG-Run35-Ech-3	GCF_003397585.1	25	1	0	0.7071067811865475	0.23975006109347674	d__Bacteria;p__Actinomycetota;c__Actinomycetes;o__Actinomycetales;f__Bifidobacteriaceae;g__Bifidobacterium;s__Bifidobacterium piotii	2702.0
MG-Run35-Ech-3	GCF_001482365.1	25	1	0	0.7071067811865475	0.23975006109347674	d__Bacteria;p__Actinomycetota;c__Actinomycetes;o__Actinomycetales;f__Micrococcaceae;g__Kocuria;s__Kocuria flava	446860.0
MG-Run35-Ech-3	GCF_001586215.1	25	1	0	0.7071067811865475	0.23975006109347674	d__Bacteria;p__Actinomycetota;c__Actinomycetes;o__Mycobacteriales;f__Mycobacteriaceae;g__Corynebacterium;s__Corynebacterium simulans	146827.0
MG-Run35-Ech-3	GCF_001578775.1	25	1	0	0.7071067811865475	0.23975006109347674	d__Bacteria;p__Bacillota;c__Bacilli;o__Lactobacillales;f__Streptococcaceae;g__Streptococcus;s__Streptococcus cristatus_A	45634.0
MG-Run35-Ech-3	GCF_025917685.1	25	1	0	0.7071067811865475	0.23975006109347674	d__Bacteria;p__Bacillota;c__Bacilli;o__Bacillales;f__Bacillaceae_G;g__Bacillus_A;s__Bacillus_A cereus_AT	1396.0
MG-Run35-Ech-3	GCA_008764245.1	25	1	0	0.7071067811865475	0.23975006109347674	d__Bacteria;p__Bacillota;c__Bacilli;o__Bacillales_B;f__Bacillaceae_C;g__Lederbergia;s__Lederbergia ruris	1423.0
MG-Run35-Ech-3	GCF_001595725.1	25	1	0	0.7071067811865475	0.23975006109347674	d__Bacteria;p__Bacillota;c__Bacilli;o__Bacillales;f__Bacillaceae_G;g__Bacillus_A;s__Bacillus_A thuringiensis_K	2920310.0
MG-Run35-Ech-3	GCF_900637685.1	25	1	0	0.7071067811865475	0.23975006109347674	d__Bacteria;p__Pseudomonadota;c__Gammaproteobacteria;o__Legionellales;f__Legionellaceae;g__Legionella;s__Legionella sainthelensi	28087.0
MG-Run35-Ech-3	GCF_900105015.1	25	1	0	0.7071067811865475	0.23975006109347674	d__Bacteria;p__Actinomycetota;c__Actinomycetes;o__Actinomycetales;f__Actinomycetaceae;g__Pauljensenia;s__Pauljensenia meyeri	52773.0
MG-Run35-Ech-3	GCA_009912575.1	25	1	0	0.7071067811865475	0.23975006109347674	d__Bacteria;p__Pseudomonadota;c__Gammaproteobacteria;o__Pseudomonadales;f__Moraxellaceae;g__Acinetobacter;s__Acinetobacter bereziniae_A	472.0
MG-Run35-Ech-3	GCF_004569505.1	25	1	0	0.7071067811865475	0.23975006109347674	d__Bacteria;p__Bacteroidota;c__Bacteroidia;o__Bacteroidales;f__Dysgonomonadaceae;g__Dysgonomonas;s__Dysgonomonas sp900079735	1891233.0
MG-Run35-Ech-3	GCF_000262245.1	25	1	6	-2.1572774865200244	0.9845079749507717	d__Bacteria;p__Pseudomonadota;c__Gammaproteobacteria;o__Enterobacterales;f__Pasteurellaceae;g__Basfia;s__Basfia bettyae	1095749.0
MG-Run35-Ech-3	GCF_026782375.1	25	1	0	0.7071067811865475	0.23975006109347674	d__Bacteria;p__Bacillota;c__Bacilli;o__Lactobacillales;f__Streptococcaceae;g__Streptococcus;s__Streptococcus oralis_CL	1303.0
MG-Run35-Ech-3	GCF_000742895.1	25	1	0	0.7071067811865475	0.23975006109347674	d__Bacteria;p__Bacillota;c__Bacilli;o__Bacillales;f__Bacillaceae_G;g__Bacillus_A;s__Bacillus_A anthracis	1396.0
MG-Run35-Ech-3	GCA_945877265.1	25	1	0	0.7071067811865475	0.23975006109347674	d__Bacteria;p__Pseudomonadota;c__Alphaproteobacteria;o__Rickettsiales;f__Rickettsiaceae;g__JABDAD01;s__JABDAD01 sp945877265	785.0
MG-Run35-Ech-3	GCF_003594935.2	25	1	0	0.7071067811865475	0.23975006109347674	d__Bacteria;p__Pseudomonadota;c__Gammaproteobacteria;o__Enterobacterales;f__Enterobacteriaceae;g__Enterobacter;s__Enterobacter huaxiensis	2494702.0
MG-Run35-Ech-3	GCF_002321025.1	25	1	0	0.7071067811865475	0.23975006109347674	d__Bacteria;p__Pseudomonadota;c__Gammaproteobacteria;o__Pseudomonadales;f__Moraxellaceae;g__Acinetobacter;s__Acinetobacter lwoffii_J	28090.0
MG-Run35-Ech-3	GCF_018128065.1	25	1	0	0.7071067811865475	0.23975006109347674	d__Bacteria;p__Bacteroidota;c__Bacteroidia;o__Bacteroidales;f__Bacteroidaceae;g__Prevotella;s__Prevotella sp000467895	28132.0
MG-Run35-Ech-3	GCF_006494375.1	25	1	1	-0.4082482904638631	0.6584543008451956	d__Bacteria;p__Pseudomonadota;c__Gammaproteobacteria;o__Enterobacterales;f__Enterobacteriaceae;g__Pantoea;s__Pantoea anthophila	2608035.0
MG-Run35-Ech-3	GCF_900476045.1	25	1	0	0.7071067811865475	0.23975006109347674	d__Bacteria;p__Bacillota;c__Bacilli;o__Staphylococcales;f__Gemellaceae;g__Gemella;s__Gemella morbillorum	29391.0
MG-Run35-Ech-3	GCF_000148545.1	25	1	0	0.7071067811865475	0.23975006109347674	d__Bacteria;p__Bacillota;c__Bacilli;o__Lactobacillales;f__Streptococcaceae;g__Streptococcus;s__Streptococcus mitis_C	585204.0
MG-Run35-Ech-3	GCF_000368685.1	25	1	3	-1.3363062095621219	0.9092753961392899	d__Bacteria;p__Pseudomonadota;c__Gammaproteobacteria;o__Pseudomonadales;f__Moraxellaceae;g__Acinetobacter;s__Acinetobacter baylyi	202950.0
MG-Run35-Ech-3	GCF_000196015.1	25	1	0	0.7071067811865475	0.23975006109347674	d__Bacteria;p__Pseudomonadota;c__Gammaproteobacteria;o__Burkholderiales;f__Burkholderiaceae;g__Cupriavidus;s__Cupriavidus metallidurans	119219.0
MG-Run35-Ech-3	GCF_000613785.1	25	1	0	0.7071067811865475	0.23975006109347674	d__Bacteria;p__Bacteroidota;c__Bacteroidia;o__Bacteroidales;f__Bacteroidaceae;g__Prevotella;s__Prevotella oulorum	28136.0
MG-Run35-Ech-3	GCF_014839385.1	25	1	3	-1.3363062095621219	0.9092753961392899	d__Bacteria;p__Pseudomonadota;c__Gammaproteobacteria;o__Pseudomonadales;f__Pseudomonadaceae;g__Pseudomonas_E;s__Pseudomonas_E fluorescens_CB	294.0
MG-Run35-Ech-3	GCF_009183365.2	25	1	1	-0.4082482904638631	0.6584543008451956	d__Bacteria;p__Pseudomonadota;c__Gammaproteobacteria;o__Enterobacterales;f__Shewanellaceae;g__Shewanella;s__Shewanella algae	38313.0
MG-Run35-Ech-3	GCF_003609975.1	25	1	0	0.7071067811865475	0.23975006109347674	d__Bacteria;p__Bacillota;c__Bacilli;o__Lactobacillales;f__Streptococcaceae;g__Streptococcus;s__Streptococcus ruminantium	1917441.0
MG-Run35-Ech-4	GCF_003942765.1	25	2194	0	3102.077449065384	0.0	d__Bacteria;p__Bacillota;c__Bacilli;o__Lactobacillales;f__Streptococcaceae;g__Streptococcus;s__Streptococcus mitis_BE	28037.0
MG-Run35-Ech-4	GCF_000469305.1	25	972	0	1373.9084758454617	0.0	d__Bacteria;p__Bacillota_I;c__Bacilli_A;o__Erysipelotrichales;f__Erysipelotrichaceae;g__Faecalitalea;s__Faecalitalea cylindroides	39483.0
MG-Run35-Ech-4	GCF_001632285.1	25	666	1	542.561978026474	0.0	d__Bacteria;p__Pseudomonadota;c__Gammaproteobacteria;o__Pseudomonadales;f__Moraxellaceae;g__Moraxella;s__Moraxella catarrhalis	480.0
MG-Run35-Ech-4	GCF_000820085.1	25	609	0	860.5489527040282	0.0	d__Bacteria;p__Pseudomonadota;c__Gammaproteobacteria;o__Enterobacterales;f__Aeromonadaceae;g__Aeromonas;s__Aeromonas sanarellii	2778058.0
MG-Run35-Ech-4	GCF_000368145.1	25	481	954	-15.326112776709596	1.0	d__Bacteria;p__Pseudomonadota;c__Gammaproteobacteria;o__Pseudomonadales;f__Moraxellaceae;g__Acinetobacter;s__Acinetobacter guillouiae	2929509.0
MG-Run35-Ech-4	GCF_002238115.1	25	370	0	522.5519112968586	0.0	d__Bacteria;p__Bacillota;c__Bacilli;o__Lactobacillales;f__Streptococcaceae;g__Streptococcus;s__Streptococcus sp002238115	257758.0
MG-Run35-Ech-4	GCF_000245815.1	25	276	0	389.61583643378765	0.0	d__Bacteria;p__Bacillota;c__Bacilli;o__Lactobacillales;f__Carnobacteriaceae;g__Dolosigranulum;s__Dolosigranulum pigrum	29394.0
MG-Run35-Ech-4	GCF_003943825.1	25	249	0	351.4320702497141	0.0	d__Bacteria;p__Bacillota;c__Bacilli;o__Lactobacillales;f__Streptococcaceae;g__Streptococcus;s__Streptococcus oralis_CD	1303.0
MG-Run35-Ech-4	GCF_001027105.1	25	232	0	327.3904396893715	0.0	d__Bacteria;p__Bacillota;c__Bacilli;o__Staphylococcales;f__Staphylococcaceae;g__Staphylococcus;s__Staphylococcus aureus	1280.0
MG-Run35-Ech-4	GCF_003943815.1	25	229	0	323.1477990022522	0.0	d__Bacteria;p__Bacillota;c__Bacilli;o__Lactobacillales;f__Streptococcaceae;g__Streptococcus;s__Streptococcus cristatus_F	45634.0
MG-Run35-Ech-4	GCF_902825235.1	25	199	0	280.72139213105936	0.0	d__Bacteria;p__Pseudomonadota;c__Alphaproteobacteria;o__Rhizobiales;f__Rhizobiaceae;g__Bartonella;s__Bartonella vinsonii	33047.0
MG-Run35-Ech-4	GCF_015477355.1	25	188	0	265.1650429449553	0.0	d__Bacteria;p__Actinomycetota;c__Actinomycetes;o__Mycobacteriales;f__Mycobacteriaceae;g__Nocardia;s__Nocardia blacklockiae	480036.0
MG-Run35-Ech-4	GCF_000375525.1	25	154	0	217.08178182427008	0.0	d__Bacteria;p__Actinomycetota;c__Actinomycetes;o__Mycobacteriales;f__Mycobacteriaceae;g__Corynebacterium;s__Corynebacterium propinquum	43769.0
MG-Run35-Ech-4	GCF_003991585.1	25	94	0	132.22896808188437	0.0	d__Bacteria;p__Pseudomonadota;c__Gammaproteobacteria;o__Burkholderiales;f__Burkholderiaceae;g__Saezia;s__Saezia sanguinis	1965230.0
MG-Run35-Ech-4	GCF_018127785.1	25	82	0	115.25840533340724	0.0	d__Bacteria;p__Bacteroidota;c__Bacteroidia;o__Bacteroidales;f__Bacteroidaceae;g__Prevotella;s__Prevotella scopos	1236518.0
MG-Run35-Ech-4	GCF_010858045.1	25	71	0	99.7020561473032	0.0	d__Bacteria;p__Actinomycetota;c__Actinomycetes;o__Mycobacteriales;f__Mycobacteriaceae;g__Nocardia;s__Nocardia cyriacigeorgica_E	135487.0
MG-Run35-Ech-4	GCF_002561295.1	25	49	0	68.58935777509511	0.0	d__Bacteria;p__Bacillota;c__Bacilli;o__Bacillales;f__Bacillaceae_G;g__Bacillus_A;s__Bacillus_A cereus_S	1396.0
MG-Run35-Ech-4	GCF_009728485.1	25	47	0	65.76093065034891	0.0	d__Bacteria;p__Bacteroidota;c__Bacteroidia;o__Bacteroidales;f__Bacteroidaceae;g__Prevotella;s__Prevotella vespertina	59823.0
MG-Run35-Ech-4	GCA_022631215.1	25	45	0	62.932503525602726	0.0	d__Bacteria;p__Pseudomonadota;c__Gammaproteobacteria;o__Burkholderiales;f__Burkholderiaceae;g__Ralstonia;s__Ralstonia sp001078575	190721.0
MG-Run35-Ech-4	GCF_003970865.1	25	32	1	24.903145718295647	0.0	d__Bacteria;p__Pseudomonadota;c__Gammaproteobacteria;o__Xanthomonadales;f__Xanthomonadaceae;g__Stenotrophomonas;s__Stenotrophomonas maltophilia_AR	40324.0
MG-Run35-Ech-4	GCF_003030305.1	25	30	0	41.7193000900063	0.0	d__Bacteria;p__Actinomycetota;c__Actinomycetes;o__Propionibacteriales;f__Propionibacteriaceae;g__Cutibacterium;s__Cutibacterium acnes	765068.0
MG-Run35-Ech-4	GCF_000875895.1	25	29	0	40.30508652763321	0.0	d__Bacteria;p__Bacillota;c__Bacilli;o__Staphylococcales;f__Staphylococcaceae;g__Staphylococcus;s__Staphylococcus gallinarum	1293.0
MG-Run35-Ech-4	GCF_000411115.1	25	28	0	38.89087296526011	0.0	d__Bacteria;p__Bacteroidota;c__Bacteroidia;o__Flavobacteriales;f__Flavobacteriaceae;g__Capnocytophaga;s__Capnocytophaga granulosa	641143.0
MG-Run35-Ech-4	GCF_025561425.1	25	24	1	18.371173070873837	0.0	d__Bacteria;p__Bacillota;c__Bacilli;o__Staphylococcales;f__Staphylococcaceae;g__Mammaliicoccus;s__Mammaliicoccus sciuri_A	1296.0
MG-Run35-Ech-4	GCF_010868145.1	25	20	0	27.577164466275352	0.0	d__Bacteria;p__Actinomycetota;c__Actinomycetes;o__Mycobacteriales;f__Mycobacteriaceae;g__Nocardia;s__Nocardia cyriacigeorgica_D	135487.0
MG-Run35-Ech-4	GCF_025561445.1	25	19	0	26.162950903902257	0.0	d__Bacteria;p__Bacillota;c__Bacilli;o__Staphylococcales;f__Staphylococcaceae;g__Staphylococcus;s__Staphylococcus simulans_B	1286.0
MG-Run35-Ech-4	GCF_000688415.1	25	15	0	20.506096654409877	0.0	d__Bacteria;p__Actinomycetota;c__Actinomycetes;o__Mycobacteriales;f__Mycobacteriaceae;g__Corynebacterium;s__Corynebacterium pseudodiphtheriticum	37637.0
MG-Run35-Ech-4	GCF_000368925.1	25	13	0	17.677669529663685	0.0	d__Bacteria;p__Pseudomonadota;c__Gammaproteobacteria;o__Pseudomonadales;f__Moraxellaceae;g__Acinetobacter;s__Acinetobacter bereziniae	106648.0
MG-Run35-Ech-4	GCF_001656295.1	25	13	2	6.640783086353596	1.5601075986637625e-11	d__Bacteria;p__Pseudomonadota;c__Gammaproteobacteria;o__Pseudomonadales;f__Moraxellaceae;g__Moraxella;s__Moraxella catarrhalis_C	480.0
MG-Run35-Ech-4	GCF_014838735.1	25	12	0	16.263455967290593	0.0	d__Bacteria;p__Bacillota;c__Bacilli;o__Lactobacillales;f__Lactobacillaceae;g__Limosilactobacillus;s__Limosilactobacillus portuensis	2742601.0
MG-Run35-Ech-4	GCF_026344175.1	25	11	15	-1.1430011430017144	0.8734809417526226	d__Bacteria;p__Pseudomonadota;c__Gammaproteobacteria;o__Pseudomonadales;f__Moraxellaceae;g__Acinetobacter;s__Acinetobacter nematophilus	2777946.0
MG-Run35-Ech-4	GCF_007990635.1	25	10	0	13.435028842544401	0.0	d__Bacteria;p__Fusobacteriota;c__Fusobacteriia;o__Fusobacteriales;f__Leptotrichiaceae;g__Leptotrichia;s__Leptotrichia hongkongensis	554406.0
MG-Run35-Ech-4	GCF_000144405.1	25	10	0	13.435028842544401	0.0	d__Bacteria;p__Bacteroidota;c__Bacteroidia;o__Bacteroidales;f__Bacteroidaceae;g__Prevotella;s__Prevotella melaninogenica	59823.0
MG-Run35-Ech-4	GCF_023520795.1	25	9	0	12.020815280171307	0.0	d__Bacteria;p__Actinomycetota;c__Actinomycetes;o__Mycobacteriales;f__Mycobacteriaceae;g__Corynebacterium;s__Corynebacterium accolens	38284.0
MG-Run35-Ech-4	GCF_000236925.1	25	9	0	12.020815280171307	0.0	d__Bacteria;p__Bacillota;c__Bacilli;o__Staphylococcales;f__Staphylococcaceae;g__Staphylococcus;s__Staphylococcus argenteus	985002.0
MG-Run35-Ech-4	GCF_013387485.1	25	7	19	-2.830692585361489	0.9976776330288537	d__Bacteria;p__Pseudomonadota;c__Gammaproteobacteria;o__Xanthomonadales;f__Xanthomonadaceae;g__Stenotrophomonas;s__Stenotrophomonas maltophilia_AA	2723077.0
MG-Run35-Ech-4	GCF_029024965.1	25	6	0	7.7781745930520225	3.6637359812630166e-15	d__Bacteria;p__Bacillota;c__Bacilli;o__Staphylococcales;f__Staphylococcaceae;g__Staphylococcus;s__Staphylococcus equorum	246432.0
MG-Run35-Ech-4	GCA_010604095.1	25	6	0	7.7781745930520225	3.6637359812630166e-15	d__Bacteria;p__Bacillota;c__Bacilli;o__Lactobacillales;f__Streptococcaceae;g__Streptococcus;s__Streptococcus sp000187445	1316412.0
MG-Run35-Ech-4	GCF_002567495.1	25	6	0	7.7781745930520225	3.6637359812630166e-15	d__Bacteria;p__Bacillota;c__Bacilli;o__Bacillales;f__Bacillaceae_G;g__Bacillus_A;s__Bacillus_A cereus_AQ	1396.0
MG-Run35-Ech-4	GCF_014769185.1	25	6	0	7.7781745930520225	3.6637359812630166e-15	d__Bacteria;p__Pseudomonadota;c__Gammaproteobacteria;o__Pseudomonadales;f__Moraxellaceae;g__Acinetobacter;s__Acinetobacter lwoffii_D	28090.0
MG-Run35-Ech-4	GCF_009932725.1	25	6	0	7.7781745930520225	3.6637359812630166e-15	d__Bacteria;p__Pseudomonadota;c__Gammaproteobacteria;o__Pseudomonadales;f__Pseudomonadaceae;g__Pseudomonas_E;s__Pseudomonas_E yangonensis	2579922.0
MG-Run35-Ech-4	GCF_015556095.1	25	6	0	7.7781745930520225	3.6637359812630166e-15	d__Bacteria;p__Bacillota;c__Bacilli;o__Lactobacillales;f__Streptococcaceae;g__Streptococcus;s__Streptococcus parasanguinis_Q	1318.0
MG-Run35-Ech-4	GCF_001679005.1	25	6	0	7.7781745930520225	3.6637359812630166e-15	d__Bacteria;p__Pseudomonadota;c__Gammaproteobacteria;o__Pseudomonadales;f__Moraxellaceae;g__Moraxella;s__Moraxella nonliquefaciens	478.0
MG-Run35-Ech-4	GCF_000296405.1	25	6	0	7.7781745930520225	3.6637359812630166e-15	d__Bacteria;p__Actinomycetota;c__Actinomycetes;o__Mycobacteriales;f__Mycobacteriaceae;g__Corynebacterium;s__Corynebacterium otitidis	29321.0
MG-Run35-Ech-4	GCF_900168205.1	25	5	64	-7.4086163957398155	0.9999999999999362	d__Bacteria;p__Bacteroidota;c__Bacteroidia;o__Flavobacteriales;f__Weeksellaceae;g__Chryseobacterium;s__Chryseobacterium balustinum	246.0
MG-Run35-Ech-4	GCF_014647715.1	25	5	17	-2.988071523335984	0.998596280768999	d__Bacteria;p__Pseudomonadota;c__Gammaproteobacteria;o__Pseudomonadales;f__Moraxellaceae;g__Moraxella_A;s__Moraxella_A cinereus	1946462.0
MG-Run35-Ech-4	GCF_000160075.2	25	5	0	6.363961030678928	9.830802838450836e-11	d__Bacteria;p__Bacillota;c__Bacilli;o__Lactobacillales;f__Aerococcaceae;g__Abiotrophia;s__Abiotrophia defectiva	46125.0
MG-Run35-Ech-4	GCF_002014765.1	25	5	4	0.23570226039551587	0.40683185788339593	d__Bacteria;p__Pseudomonadota;c__Gammaproteobacteria;o__Pseudomonadales;f__Moraxellaceae;g__Moraxella_C;s__Moraxella_C lincolnii	90241.0
MG-Run35-Ech-4	GCF_002014965.1	25	5	2	1.5811388300841895	0.056923149003329065	d__Bacteria;p__Pseudomonadota;c__Gammaproteobacteria;o__Pseudomonadales;f__Moraxellaceae;g__Moraxella;s__Moraxella canis	90239.0
MG-Run35-Ech-4	GCF_000687165.1	25	5	3	0.8017837257372732	0.21133903708531765	d__Bacteria;p__Pseudomonadota;c__Gammaproteobacteria;o__Burkholderiales;f__Burkholderiaceae;g__Paracidovorax;s__Paracidovorax oryzae	158751.0
MG-Run35-Ech-4	GCF_002959915.1	25	5	0	6.363961030678928	9.830802838450836e-11	d__Bacteria;p__Bacillota_C;c__Negativicutes;o__Veillonellales;f__Veillonellaceae;g__Veillonella;s__Veillonella atypica	39777.0
MG-Run35-Ech-4	GCF_001543145.1	25	5	0	6.363961030678928	9.830802838450836e-11	d__Bacteria;p__Bacillota;c__Bacilli;o__Lactobacillales;f__Aerococcaceae;g__Aerococcus;s__Aerococcus sanguinicola	119206.0
MG-Run35-Ech-4	GCF_001074155.1	25	4	0	4.949747468305833	3.7154918619553e-7	d__Bacteria;p__Bacillota;c__Bacilli;o__Lactobacillales;f__Streptococcaceae;g__Streptococcus;s__Streptococcus pseudopneumoniae_A	257758.0
MG-Run35-Ech-4	GCF_000832605.1	25	4	0	4.949747468305833	3.7154918619553e-7	d__Bacteria;p__Bacillota;c__Bacilli;o__Bacillales;f__Bacillaceae_G;g__Bacillus_A;s__Bacillus_A mycoides	1405.0
MG-Run35-Ech-4	GCF_018128065.1	25	4	0	4.949747468305833	3.7154918619553e-7	d__Bacteria;p__Bacteroidota;c__Bacteroidia;o__Bacteroidales;f__Bacteroidaceae;g__Prevotella;s__Prevotella sp000467895	28132.0
MG-Run35-Ech-4	GCF_018252635.1	25	4	0	4.949747468305833	3.7154918619553e-7	d__Bacteria;p__Pseudomonadota;c__Gammaproteobacteria;o__Enterobacterales;f__Enterobacteriaceae;g__Citrobacter_A;s__Citrobacter_A amalonaticus_E	35703.0
MG-Run35-Ech-4	GCF_002965065.1	25	4	3	0.2672612419124244	0.39463401306714063	d__Bacteria;p__Pseudomonadota;c__Gammaproteobacteria;o__Enterobacterales;f__Enterobacteriaceae;g__Escherichia;s__Escherichia sp002965065	2093900.0
MG-Run35-Ech-4	GCF_900637655.1	25	3	0	3.5355339059327373	0.00020347600872250293	d__Bacteria;p__Bacteroidota;c__Bacteroidia;o__Bacteroidales;f__Bacteroidaceae;g__Prevotella;s__Prevotella oris	1122989.0
MG-Run35-Ech-4	GCA_002578045.1	25	3	0	3.5355339059327373	0.00020347600872250293	d__Bacteria;p__Bacillota;c__Bacilli;o__Bacillales;f__Bacillaceae_G;g__Bacillus_A;s__Bacillus_A cereus_AK	1396.0
MG-Run35-Ech-4	GCF_900460215.1	25	3	1	1.2247448713915892	0.11033568095992341	d__Bacteria;p__Pseudomonadota;c__Gammaproteobacteria;o__Cardiobacteriales;f__Cardiobacteriaceae;g__Suttonella;s__Suttonella indologenes	13276.0
MG-Run35-Ech-4	GCA_016925055.1	25	3	0	3.5355339059327373	0.00020347600872250293	d__Bacteria;p__Bacillota;c__Bacilli;o__Bacillales;f__Bacillaceae_G;g__Bacillus_A;s__Bacillus_A pacificus	2026187.0
MG-Run35-Ech-4	GCF_002564555.1	25	3	0	3.5355339059327373	0.00020347600872250293	d__Bacteria;p__Bacillota;c__Bacilli;o__Bacillales;f__Bacillaceae_G;g__Bacillus_A;s__Bacillus_A cereus_K	1396.0
MG-Run35-Ech-4	GCF_001636405.1	25	3	1	1.2247448713915892	0.11033568095992341	d__Bacteria;p__Bacillota;c__Bacilli;o__Bacillales_B;f__DSM-1321;g__Peribacillus;s__Peribacillus frigoritolerans	450367.0
MG-Run35-Ech-4	GCF_000377625.1	25	3	0	3.5355339059327373	0.00020347600872250293	d__Bacteria;p__Bacteroidota;c__Bacteroidia;o__Bacteroidales;f__Bacteroidaceae;g__Prevotella;s__Prevotella veroralis	649761.0
MG-Run35-Ech-4	GCF_017498775.1	25	3	0	3.5355339059327373	0.00020347600872250293	d__Bacteria;p__Bacillota;c__Bacilli;o__Bacillales;f__Bacillaceae_G;g__Bacillus_A;s__Bacillus_A arachidis	1761753.0
MG-Run35-Ech-4	GCF_025566055.1	25	3	8	-1.8864844365675972	0.9703851481363602	d__Bacteria;p__Pseudomonadota;c__Gammaproteobacteria;o__Enterobacterales;f__Enterobacteriaceae;g__Leclercia;s__Leclercia tamurae	2866582.0
MG-Run35-Ech-4	GCF_900454835.1	25	3	0	3.5355339059327373	0.00020347600872250293	d__Bacteria;p__Bacteroidota;c__Bacteroidia;o__Bacteroidales;f__Bacteroidaceae;g__Prevotella;s__Prevotella denticola	28129.0
MG-Run35-Ech-4	GCF_900445265.1	25	3	11	-2.5065132546332514	0.9939035756931694	d__Bacteria;p__Bacillota_A;c__Clostridia;o__Tissierellales;f__Peptoniphilaceae;g__Anaerococcus;s__Anaerococcus octavius	54007.0
MG-Run35-Ech-4	GCF_008327825.1	25	2	0	2.1213203435596424	0.01694742676234462	d__Bacteria;p__Fusobacteriota;c__Fusobacteriia;o__Fusobacteriales;f__Leptotrichiaceae;g__Leptotrichia;s__Leptotrichia shahii	157691.0
MG-Run35-Ech-4	GCF_008180445.1	25	2	0	2.1213203435596424	0.01694742676234462	d__Bacteria;p__Bacillota;c__Bacilli;o__Bacillales_B;f__DSM-18226;g__Bacillus_AB;s__Bacillus_AB infantis_B	157472.0
MG-Run35-Ech-4	GCF_000039765.1	25	2	0	2.1213203435596424	0.01694742676234462	d__Bacteria;p__Pseudomonadota;c__Gammaproteobacteria;o__Enterobacterales;f__Vibrionaceae;g__Vibrio;s__Vibrio vulnificus_B	672.0
MG-Run35-Ech-4	GCA_006385655.1	25	2	0	2.1213203435596424	0.01694742676234462	d__Bacteria;p__Pseudomonadota;c__Gammaproteobacteria;o__Enterobacterales;f__Enterobacteriaceae;g__Enterobacter;s__Enterobacter hormaechei_C	158836.0
MG-Run35-Ech-4	GCF_001691555.1	25	2	0	2.1213203435596424	0.01694742676234462	d__Bacteria;p__Pseudomonadota;c__Gammaproteobacteria;o__Enterobacterales;f__Enterobacteriaceae;g__Pantoea;s__Pantoea borealis	1947030.0
MG-Run35-Ech-4	GCF_029433855.1	25	2	1	0.4082482904638631	0.34154569915480437	d__Bacteria;p__Pseudomonadota;c__Gammaproteobacteria;o__Enterobacterales;f__Enterobacteriaceae;g__Kosakonia;s__Kosakonia cowanii_A	208223.0
MG-Run35-Ech-4	GCF_000262245.1	25	2	6	-1.7650452162436565	0.9612219166281672	d__Bacteria;p__Pseudomonadota;c__Gammaproteobacteria;o__Enterobacterales;f__Pasteurellaceae;g__Basfia;s__Basfia bettyae	1095749.0
MG-Run35-Ech-4	GCF_000742895.1	25	2	0	2.1213203435596424	0.01694742676234462	d__Bacteria;p__Bacillota;c__Bacilli;o__Bacillales;f__Bacillaceae_G;g__Bacillus_A;s__Bacillus_A anthracis	1396.0
MG-Run35-Ech-4	GCF_001654845.1	25	2	0	2.1213203435596424	0.01694742676234462	d__Bacteria;p__Pseudomonadota;c__Gammaproteobacteria;o__Enterobacterales;f__Enterobacteriaceae;g__Enterobacter;s__Enterobacter soli	2976431.0
MG-Run35-Ech-4	GCF_004785665.1	25	2	0	2.1213203435596424	0.01694742676234462	d__Bacteria;p__Bacillota;c__Bacilli;o__Staphylococcales;f__Staphylococcaceae;g__Staphylococcus;s__Staphylococcus pragensis	1611836.0
MG-Run35-Ech-4	GCF_000007825.1	25	2	0	2.1213203435596424	0.01694742676234462	d__Bacteria;p__Bacillota;c__Bacilli;o__Bacillales;f__Bacillaceae_G;g__Bacillus_A;s__Bacillus_A cereus	1428.0
MG-Run35-Ech-4	GCF_015223095.1	25	2	0	2.1213203435596424	0.01694742676234462	d__Bacteria;p__Pseudomonadota;c__Gammaproteobacteria;o__Pseudomonadales;f__Moraxellaceae;g__Moraxella;s__Moraxella sp015223095	477.0
MG-Run35-Ech-4	GCF_001072375.1	25	2	0	2.1213203435596424	0.01694742676234462	d__Bacteria;p__Bacillota;c__Bacilli;o__Lactobacillales;f__Streptococcaceae;g__Streptococcus;s__Streptococcus pseudopneumoniae_L	257758.0
MG-Run35-Ech-4	GCF_003942795.1	25	2	0	2.1213203435596424	0.01694742676234462	d__Bacteria;p__Bacillota;c__Bacilli;o__Lactobacillales;f__Streptococcaceae;g__Streptococcus;s__Streptococcus mitis_BJ	28037.0
MG-Run35-Ech-4	GCF_000220045.1	25	2	0	2.1213203435596424	0.01694742676234462	d__Bacteria;p__Bacillota;c__Bacilli;o__Lactobacillales;f__Streptococcaceae;g__Streptococcus;s__Streptococcus mitis_AP	1008452.0
MG-Run35-Ech-4	GCA_018365265.1	25	2	0	2.1213203435596424	0.01694742676234462	d__Bacteria;p__Bacillota;c__Bacilli;o__Lactobacillales;f__Streptococcaceae;g__Streptococcus;s__Streptococcus parasanguinis_G	1318.0
MG-Run35-Ech-4	GCF_003942775.1	25	2	0	2.1213203435596424	0.01694742676234462	d__Bacteria;p__Bacillota;c__Bacilli;o__Lactobacillales;f__Streptococcaceae;g__Streptococcus;s__Streptococcus mitis_CN	28037.0
MG-Run35-Ech-4	GCF_002912215.1	25	2	0	2.1213203435596424	0.01694742676234462	d__Bacteria;p__Bacillota;c__Bacilli;o__Bacillales;f__Bacillaceae_G;g__Bacillus_A;s__Bacillus_A bombysepticus	52024.0
MG-Run35-Ech-4	GCF_002901995.1	25	2	0	2.1213203435596424	0.01694742676234462	d__Bacteria;p__Bacillota;c__Bacilli;o__Staphylococcales;f__Staphylococcaceae;g__Staphylococcus;s__Staphylococcus coagulans	74706.0
MG-Run35-Ech-4	GCF_015844675.1	25	2	0	2.1213203435596424	0.01694742676234462	d__Bacteria;p__Bacillota;c__Bacilli;o__Bacillales_A;f__Planococcaceae;g__Lysinibacillus;s__Lysinibacillus sphaericus_E	1421.0
MG-Run35-Ech-4	GCF_937975875.1	25	2	0	2.1213203435596424	0.01694742676234462	d__Bacteria;p__Bacillota_C;c__Negativicutes;o__Veillonellales;f__Veillonellaceae;g__Veillonella;s__Veillonella dispar_B	39778.0
MG-Run35-Ech-4	GCF_902159415.1	25	2	0	2.1213203435596424	0.01694742676234462	d__Bacteria;p__Bacillota;c__Bacilli;o__Lactobacillales;f__Streptococcaceae;g__Streptococcus;s__Streptococcus mitis_BG	28037.0
MG-Run35-Ech-4	GCF_002901845.1	25	2	0	2.1213203435596424	0.01694742676234462	d__Bacteria;p__Bacillota;c__Bacilli;o__Staphylococcales;f__Staphylococcaceae;g__Staphylococcus;s__Staphylococcus hominis	1290.0
MG-Run35-Ech-4	GCF_028308085.1	25	2	0	2.1213203435596424	0.01694742676234462	d__Bacteria;p__Bacillota;c__Bacilli;o__Staphylococcales;f__Gemellaceae;g__Gemella;s__Gemella haemolysans_D	1379.0
MG-Run35-Ech-4	GCF_900453105.1	25	2	0	2.1213203435596424	0.01694742676234462	d__Bacteria;p__Pseudomonadota;c__Gammaproteobacteria;o__Pseudomonadales;f__Moraxellaceae;g__Moraxella;s__Moraxella ovis	29433.0
MG-Run35-Ech-4	GCA_902506215.1	25	2	15	-3.4290034290051437	0.9996970990631342	d__Bacteria;p__Pseudomonadota;c__Gammaproteobacteria;o__Pseudomonadales;f__Moraxellaceae;g__Moraxella_A;s__Moraxella_A sp902506215	2653185.0
MG-Run35-Ech-4	GCF_000496285.1	25	2	0	2.1213203435596424	0.01694742676234462	d__Bacteria;p__Bacillota;c__Bacilli;o__Bacillales;f__Bacillaceae_G;g__Bacillus_A;s__Bacillus_A toyonensis	155322.0
MG-Run35-Ech-4	GCF_000740795.1	25	2	0	2.1213203435596424	0.01694742676234462	d__Bacteria;p__Pseudomonadota;c__Alphaproteobacteria;o__Rhodobacterales;f__Rhodobacteraceae;g__Haematobacter;s__Haematobacter massiliensis	195105.0
MG-Run35-Ech-4	GCF_018742245.1	25	2	0	2.1213203435596424	0.01694742676234462	d__Bacteria;p__Bacillota;c__Bacilli;o__Bacillales;f__Bacillaceae_G;g__Bacillus_A;s__Bacillus_A cereus_U	1405.0
MG-Run35-Ech-4	GCF_007673305.1	25	2	0	2.1213203435596424	0.01694742676234462	d__Bacteria;p__Bacillota;c__Bacilli;o__Bacillales;f__Bacillaceae_G;g__Bacillus_A;s__Bacillus_A mycoides_C	1396.0
MG-Run35-Ech-4	GCF_018448765.1	25	2	0	2.1213203435596424	0.01694742676234462	d__Bacteria;p__Bacillota;c__Bacilli;o__Lactobacillales;f__Streptococcaceae;g__Streptococcus;s__Streptococcus oralis_BM	1303.0
MG-Run35-Ech-4	GCF_000160055.1	25	1	0	0.7071067811865475	0.23975006109347674	d__Bacteria;p__Bacillota_C;c__Negativicutes;o__Veillonellales;f__Dialisteraceae;g__Dialister;s__Dialister invisus	1955814.0
MG-Run35-Ech-4	GCF_000620465.1	25	1	0	0.7071067811865475	0.23975006109347674	d__Bacteria;p__Pseudomonadota;c__Gammaproteobacteria;o__Burkholderiales;f__Burkholderiaceae;g__Ralstonia;s__Ralstonia sp000620465	329.0
MG-Run35-Ech-4	GCF_001072315.1	25	1	0	0.7071067811865475	0.23975006109347674	d__Bacteria;p__Bacillota;c__Bacilli;o__Lactobacillales;f__Streptococcaceae;g__Streptococcus;s__Streptococcus pseudopneumoniae_R	257758.0
MG-Run35-Ech-4	GCF_000006945.2	25	1	1	-0.4082482904638631	0.6584543008451956	d__Bacteria;p__Pseudomonadota;c__Gammaproteobacteria;o__Enterobacterales;f__Enterobacteriaceae;g__Salmonella;s__Salmonella enterica	90371.0
MG-Run35-Ech-4	GCF_000368865.1	25	1	1	-0.4082482904638631	0.6584543008451956	d__Bacteria;p__Pseudomonadota;c__Gammaproteobacteria;o__Pseudomonadales;f__Moraxellaceae;g__Acinetobacter;s__Acinetobacter bouvetii	1120925.0
MG-Run35-Ech-4	GCF_002584985.1	25	1	0	0.7071067811865475	0.23975006109347674	d__Bacteria;p__Bacillota;c__Bacilli;o__Bacillales;f__Bacillaceae_G;g__Bacillus_A;s__Bacillus_A sp002584985	1396.0
MG-Run35-Ech-4	GCF_001618885.1	25	1	0	0.7071067811865475	0.23975006109347674	d__Bacteria;p__Bacillota;c__Bacilli;o__Staphylococcales;f__Staphylococcaceae;g__Staphylococcus;s__Staphylococcus condimenti	70255.0
MG-Run35-Ech-4	GCF_902806985.1	25	1	2	-0.9486832980505138	0.8286091444260443	d__Bacteria;p__Pseudomonadota;c__Gammaproteobacteria;o__Enterobacterales;f__Alteromonadaceae;g__Pseudidiomarina;s__Pseudidiomarina piscicola	287.0
MG-Run35-Ech-4	GCF_009496285.1	25	1	0	0.7071067811865475	0.23975006109347674	d__Bacteria;p__Bacillota;c__Bacilli;o__Lactobacillales;f__Streptococcaceae;g__Streptococcus;s__Streptococcus mitis_BP	28037.0
MG-Run35-Ech-4	GCF_019448275.1	25	1	0	0.7071067811865475	0.23975006109347674	d__Bacteria;p__Bacillota;c__Bacilli;o__Lactobacillales;f__Streptococcaceae;g__Streptococcus;s__Streptococcus humanilactis	28037.0
MG-Run35-Ech-4	GCF_014131735.1	25	1	0	0.7071067811865475	0.23975006109347674	d__Bacteria;p__Bacillota;c__Bacilli;o__Lactobacillales;f__Lactobacillaceae;g__Lactiplantibacillus;s__Lactiplantibacillus plantarum	1590.0
MG-Run35-Ech-4	GCF_002902285.1	25	1	0	0.7071067811865475	0.23975006109347674	d__Bacteria;p__Bacillota;c__Bacilli;o__Staphylococcales;f__Staphylococcaceae;g__Staphylococcus;s__Staphylococcus simulans	1286.0
MG-Run35-Ech-4	GCF_900637585.1	25	1	0	0.7071067811865475	0.23975006109347674	d__Bacteria;p__Pseudomonadota;c__Gammaproteobacteria;o__Legionellales;f__Legionellaceae;g__Legionella;s__Legionella pascullei	91890.0
MG-Run35-Ech-4	GCA_002929465.1	25	1	0	0.7071067811865475	0.23975006109347674	d__Bacteria;p__Actinomycetota;c__Actinomycetes;o__Actinomycetales;f__Micrococcaceae;g__Arthrobacter;s__Arthrobacter scleromae	158897.0
MG-Run35-Ech-4	GCF_003944205.1	25	1	0	0.7071067811865475	0.23975006109347674	d__Bacteria;p__Bacillota;c__Bacilli;o__Lactobacillales;f__Streptococcaceae;g__Streptococcus;s__Streptococcus oralis_BH	1458253.0
MG-Run35-Ech-4	GCF_900639915.1	25	1	0	0.7071067811865475	0.23975006109347674	d__Bacteria;p__Pseudomonadota;c__Gammaproteobacteria;o__Legionellales;f__Legionellaceae;g__Legionella_A;s__Legionella_A nagasakiensis	535290.0
MG-Run35-Ech-4	GCF_001267175.1	25	1	1	-0.4082482904638631	0.6584543008451956	d__Bacteria;p__Pseudomonadota;c__Gammaproteobacteria;o__Pseudomonadales;f__Pseudomonadaceae;g__Thiopseudomonas;s__Thiopseudomonas alkaliphila	1697053.0
MG-Run35-Ech-4	GCF_017874535.1	25	1	8	-2.5724787771376323	0.9949513426762464	d__Bacteria;p__Bacillota_A;c__Clostridia;o__Tissierellales;f__Peptoniphilaceae;g__Anaerococcus;s__Anaerococcus nagyae	1891242.0
MG-Run35-Ech-4	GCF_000021305.1	25	1	0	0.7071067811865475	0.23975006109347674	d__Bacteria;p__Bacillota;c__Bacilli;o__Bacillales;f__Bacillaceae_G;g__Bacillus_A;s__Bacillus_A thuringiensis_S	1428.0
MG-Run35-Ech-4	GCF_900094905.1	25	1	0	0.7071067811865475	0.23975006109347674	d__Bacteria;p__Bacillota;c__Bacilli;o__Bacillales;f__Bacillaceae_G;g__Bacillus_A;s__Bacillus_A cereus_AG	1396.0
MG-Run35-Ech-4	GCF_001747895.1	25	1	0	0.7071067811865475	0.23975006109347674	d__Bacteria;p__Bacillota;c__Bacilli;o__Staphylococcales;f__Staphylococcaceae;g__Staphylococcus;s__Staphylococcus equorum_A	246432.0
MG-Run35-Ech-4	GCF_029869545.1	25	1	0	0.7071067811865475	0.23975006109347674	d__Bacteria;p__Actinomycetota;c__Actinomycetes;o__Mycobacteriales;f__Mycobacteriaceae;g__Nocardia;s__Nocardia wallacei_A	480035.0
MG-Run35-Ech-4	GCF_001883995.1	25	1	0	0.7071067811865475	0.23975006109347674	d__Bacteria;p__Bacillota;c__Bacilli;o__Bacillales;f__Bacillaceae_G;g__Bacillus_A;s__Bacillus_A paranthracis	2026186.0
MG-Run35-Ech-4	GCF_003243515.1	25	1	23	-4.64139560816457	0.9999982696807819	d__Bacteria;p__Actinomycetota;c__Actinomycetes;o__Mycobacteriales;f__Mycobacteriaceae;g__Corynebacterium;s__Corynebacterium kroppenstedtii_B	161879.0
MG-Run35-Ech-4	GCF_015775975.1	25	1	0	0.7071067811865475	0.23975006109347674	d__Bacteria;p__Bacillota;c__Bacilli;o__Staphylococcales;f__Staphylococcaceae;g__Staphylococcus;s__Staphylococcus lloydii	2781774.0
MG-Run35-Ech-4	GCF_000204035.1	25	1	0	0.7071067811865475	0.23975006109347674	d__Bacteria;p__Pseudomonadota;c__Alphaproteobacteria;o__Caulobacterales;f__Caulobacteraceae;g__Brevundimonas;s__Brevundimonas diminuta	293.0
MG-Run35-Ech-4	GCF_022026395.1	25	1	0	0.7071067811865475	0.23975006109347674	d__Bacteria;p__Bacillota;c__Bacilli;o__Brevibacillales;f__Brevibacillaceae;g__Brevibacillus;s__Brevibacillus sp013284355	2825881.0
MG-Run35-Ech-4	GCF_014931395.1	25	1	0	0.7071067811865475	0.23975006109347674	d__Bacteria;p__Pseudomonadota;c__Gammaproteobacteria;o__Enterobacterales;f__Pasteurellaceae;g__Haemophilus_D;s__Haemophilus_D sp900764435	729.0
MG-Run35-Ech-4	GCF_000161455.1	25	1	0	0.7071067811865475	0.23975006109347674	d__Bacteria;p__Bacillota;c__Bacilli;o__Bacillales;f__Bacillaceae_G;g__Bacillus_A;s__Bacillus_A pseudomycoides	64104.0
MG-Run35-Ech-4	GCF_014169315.1	25	1	0	0.7071067811865475	0.23975006109347674	d__Bacteria;p__Pseudomonadota;c__Gammaproteobacteria;o__Enterobacterales;f__Enterobacteriaceae;g__Enterobacter;s__Enterobacter cloacae_P	2742669.0
MG-Run35-Ech-4	GCF_014932895.1	25	1	0	0.7071067811865475	0.23975006109347674	d__Bacteria;p__Bacillota;c__Bacilli;o__Bacillales;f__Bacillaceae_G;g__Bacillus_A;s__Bacillus_A thuringiensis_AA	1428.0
MG-Run35-Ech-4	GCF_000368045.1	25	1	5	-1.9188064472004938	0.9724955831853671	d__Bacteria;p__Pseudomonadota;c__Gammaproteobacteria;o__Pseudomonadales;f__Moraxellaceae;g__Acinetobacter;s__Acinetobacter johnsonii	472.0
MG-Run35-Ech-4	GCF_000740775.1	25	1	2	-0.9486832980505138	0.8286091444260443	d__Bacteria;p__Pseudomonadota;c__Alphaproteobacteria;o__Rhodobacterales;f__Rhodobacteraceae;g__Haematobacter;s__Haematobacter missouriensis	366616.0
MG-Run35-Ech-4	GCA_022811845.1	25	1	0	0.7071067811865475	0.23975006109347674	d__Bacteria;p__Bacillota;c__Bacilli;o__Bacillales;f__Bacillaceae_G;g__Bacillus_A;s__Bacillus_A cereus_AV	1396.0
MG-Run35-Ech-4	GCF_030515985.1	25	1	0	0.7071067811865475	0.23975006109347674	d__Bacteria;p__Actinomycetota;c__Actinomycetes;o__Mycobacteriales;f__Mycobacteriaceae;g__Corynebacterium;s__Corynebacterium sp022346005	2918194.0
MG-Run35-Ech-4	GCF_002577405.1	25	1	0	0.7071067811865475	0.23975006109347674	d__Bacteria;p__Bacillota;c__Bacilli;o__Bacillales;f__Bacillaceae_G;g__Bacillus_A;s__Bacillus_A cereus_AU	1396.0
MG-Run35-Ech-4	GCF_000196795.1	25	1	0	0.7071067811865475	0.23975006109347674	d__Bacteria;p__Pseudomonadota;c__Gammaproteobacteria;o__Pseudomonadales;f__Moraxellaceae;g__Acinetobacter;s__Acinetobacter oleivorans	1148157.0
MG-Run35-Ech-4	GCA_016939855.1	25	1	0	0.7071067811865475	0.23975006109347674	d__Bacteria;p__Pseudomonadota;c__Gammaproteobacteria;o__Enterobacterales;f__Enterobacteriaceae;g__Kluyvera;s__Kluyvera ascorbata_C	51288.0
MG-Run35-Ech-4	GCF_000368825.1	25	1	1	-0.4082482904638631	0.6584543008451956	d__Bacteria;p__Pseudomonadota;c__Gammaproteobacteria;o__Pseudomonadales;f__Moraxellaceae;g__Acinetobacter;s__Acinetobacter ursingii	108980.0
MG-Run35-Ech-4	GCF_017498465.1	25	1	0	0.7071067811865475	0.23975006109347674	d__Bacteria;p__Pseudomonadota;c__Gammaproteobacteria;o__Pseudomonadales;f__Pseudomonadaceae;g__Pseudomonas_E;s__Pseudomonas_E fluorescens_CA	2942626.0
MG-Run35-Ech-4	GCF_002900365.1	25	1	0	0.7071067811865475	0.23975006109347674	d__Bacteria;p__Pseudomonadota;c__Gammaproteobacteria;o__Enterobacterales;f__Enterobacteriaceae;g__Escherichia;s__Escherichia marmotae	2093895.0
MG-Run35-Ech-4	GCA_900446925.1	25	1	4	-1.649915822768611	0.9505199229902971	d__Bacteria;p__Pseudomonadota;c__Gammaproteobacteria;o__Enterobacterales;f__Enterobacteriaceae;g__Citrobacter_B;s__Citrobacter_B koseri	545.0
MG-Run35-Ech-4	GCF_001072925.1	25	1	0	0.7071067811865475	0.23975006109347674	d__Bacteria;p__Bacillota;c__Bacilli;o__Lactobacillales;f__Streptococcaceae;g__Streptococcus;s__Streptococcus pseudopneumoniae_Q	257758.0
MG-Run35-Ech-4	GCF_000009045.1	25	1	1	-0.4082482904638631	0.6584543008451956	d__Bacteria;p__Bacillota;c__Bacilli;o__Bacillales;f__Bacillaceae;g__Bacillus;s__Bacillus subtilis	135461.0
MG-Run35-Ech-4	GCF_003286825.2	25	1	0	0.7071067811865475	0.23975006109347674	d__Bacteria;p__Bacillota;c__Bacilli;o__Lactobacillales;f__Aerococcaceae;g__Aerococcus;s__Aerococcus urinae_B	1376.0
MG-Run35-Ech-4	GCF_013267595.1	25	1	0	0.7071067811865475	0.23975006109347674	d__Bacteria;p__Bacteroidota;c__Bacteroidia;o__Bacteroidales;f__Bacteroidaceae;g__Prevotella;s__Prevotella melaninogenica_D	28132.0
MG-Run35-Ech-4	GCF_020297485.1	25	1	0	0.7071067811865475	0.23975006109347674	d__Bacteria;p__Bacillota_A;c__Clostridia;o__Lachnospirales;f__Lachnospiraceae;g__Enterocloster;s__Enterocloster clostridioformis	1531.0
MG-Run35-Ech-4	GCF_019048845.1	25	1	0	0.7071067811865475	0.23975006109347674	d__Bacteria;p__Pseudomonadota;c__Gammaproteobacteria;o__Enterobacterales;f__Vibrionaceae;g__Vibrio;s__Vibrio sp000176715	674.0
MG-Run35-Ech-4	GCF_002096895.1	25	1	0	0.7071067811865475	0.23975006109347674	d__Bacteria;p__Bacillota;c__Bacilli;o__Lactobacillales;f__Streptococcaceae;g__Streptococcus;s__Streptococcus mitis_AH	28037.0
MG-Run35-Ech-4	GCF_021495345.1	25	1	0	0.7071067811865475	0.23975006109347674	d__Bacteria;p__Pseudomonadota;c__Gammaproteobacteria;o__Pseudomonadales;f__Pseudomonadaceae;g__Pseudomonas_E;s__Pseudomonas_E hydrolytica	300.0
MG-Run35-Ech-4	GCF_001455345.1	25	1	0	0.7071067811865475	0.23975006109347674	d__Bacteria;p__Bacillota;c__Bacilli;o__Bacillales;f__Bacillaceae_G;g__Bacillus_A;s__Bacillus_A thuringiensis_N	1396.0
MG-Run35-Ech-4	GCF_000222765.1	25	1	1	-0.4082482904638631	0.6584543008451956	d__Bacteria;p__Bacillota;c__Bacilli;o__Lactobacillales;f__Streptococcaceae;g__Streptococcus;s__Streptococcus cristatus	45634.0
MG-Run35-Ech-4	GCF_001068775.1	25	1	0	0.7071067811865475	0.23975006109347674	d__Bacteria;p__Bacillota;c__Bacilli;o__Lactobacillales;f__Streptococcaceae;g__Streptococcus;s__Streptococcus pseudopneumoniae_N	1739341.0
MG-Run35-Ech-4	GCF_006874425.1	25	1	0	0.7071067811865475	0.23975006109347674	d__Bacteria;p__Bacillota;c__Bacilli;o__Paenibacillales;f__Paenibacillaceae;g__Paenibacillus;s__Paenibacillus ottowii	2315729.0
MG-Run35-Ech-4	GCF_905125285.1	25	1	0	0.7071067811865475	0.23975006109347674	d__Bacteria;p__Bacillota;c__Bacilli;o__Lactobacillales;f__Aerococcaceae;g__Aerococcus;s__Aerococcus urinae_E	2976811.0
MG-Run35-Ech-4	GCF_000188055.2	25	1	0	0.7071067811865475	0.23975006109347674	d__Bacteria;p__Bacillota;c__Bacilli;o__Lactobacillales;f__Streptococcaceae;g__Streptococcus;s__Streptococcus urinalis	764291.0
MG-Run35-Ech-4	GCF_000368025.1	25	1	3	-1.3363062095621219	0.9092753961392899	d__Bacteria;p__Pseudomonadota;c__Gammaproteobacteria;o__Pseudomonadales;f__Moraxellaceae;g__Acinetobacter;s__Acinetobacter parvus	1144668.0
MG-Run35-Ech-4	GCF_002096675.1	25	1	0	0.7071067811865475	0.23975006109347674	d__Bacteria;p__Bacillota;c__Bacilli;o__Lactobacillales;f__Streptococcaceae;g__Streptococcus;s__Streptococcus dentisani	1303.0
MG-Run35-Ech-4	GCF_946190275.1	25	1	0	0.7071067811865475	0.23975006109347674	d__Bacteria;p__Bacillota;c__Bacilli;o__Lactobacillales;f__Streptococcaceae;g__Streptococcus;s__Streptococcus mitis_DC	28037.0
MG-Run35-Ech-4	GCF_001020205.1	25	1	0	0.7071067811865475	0.23975006109347674	d__Bacteria;p__Bacillota_A;c__Clostridia;o__Clostridiales;f__Clostridiaceae;g__Clostridium_F;s__Clostridium_F sporogenes	1491.0
MG-Run35-Ech-4	GCF_022113815.1	25	1	0	0.7071067811865475	0.23975006109347674	d__Bacteria;p__Pseudomonadota;c__Gammaproteobacteria;o__Enterobacterales;f__Vibrionaceae;g__Vibrio;s__Vibrio cincinnatiensis_A	675.0
MG-Run35-Ech-4	GCF_002902365.1	25	1	0	0.7071067811865475	0.23975006109347674	d__Bacteria;p__Bacillota;c__Bacilli;o__Staphylococcales;f__Staphylococcaceae;g__Staphylococcus;s__Staphylococcus cohnii	29382.0
MG-Run35-Ech-4	GCF_022493055.1	25	1	1	-0.4082482904638631	0.6584543008451956	d__Bacteria;p__Bacillota;c__Bacilli;o__Staphylococcales;f__Staphylococcaceae;g__Staphylococcus;s__Staphylococcus singaporensis	2742142.0
MG-Run35-Ech-4	GCF_904846185.1	25	1	1	-0.4082482904638631	0.6584543008451956	d__Bacteria;p__Pseudomonadota;c__Gammaproteobacteria;o__Pseudomonadales;f__Moraxellaceae;g__Psychrobacter;s__Psychrobacter immobilis_B	498.0
MG-Run35-Ech-4	GCA_923184405.1	25	1	0	0.7071067811865475	0.23975006109347674	d__Bacteria;p__Pseudomonadota;c__Gammaproteobacteria;o__Burkholderiales;f__Neisseriaceae;g__Neisseria;s__Neisseria meningitidis_C	487.0
MG-Run35-Ech-4	GCA_945897555.1	25	1	0	0.7071067811865475	0.23975006109347674	d__Bacteria;p__Pseudomonadota;c__Gammaproteobacteria;o__Burkholderiales;f__UBA3065;g__UBA3065;s__UBA3065 sp945897555	573.0
MG-Run35-Ech-4	GCA_018499505.1	25	1	0	0.7071067811865475	0.23975006109347674	d__Bacteria;p__Bacillota;c__Bacilli;o__Lactobacillales;f__Streptococcaceae;g__Streptococcus;s__Streptococcus parasanguinis_K	1318.0
MG-Run35-Ech-4	GCF_021300775.1	25	1	0	0.7071067811865475	0.23975006109347674	d__Bacteria;p__Bacillota_A;c__Clostridia;o__Tissierellales;f__Peptoniphilaceae;g__Parvimonas;s__Parvimonas sp015257355	747372.0
MG-Run35-Ech-4	GCF_000407565.1	25	1	0	0.7071067811865475	0.23975006109347674	d__Bacteria;p__Bacillota;c__Bacilli;o__Lactobacillales;f__Enterococcaceae;g__Enterococcus_E;s__Enterococcus_E cecorum	44008.0
MG-Run35-Ech-4	GCF_900078335.1	25	1	0	0.7071067811865475	0.23975006109347674	d__Bacteria;p__Pseudomonadota;c__Gammaproteobacteria;o__Burkholderiales;f__Burkholderiaceae;g__Bordetella;s__Bordetella trematum	123899.0
MG-Run35-Ech-4	GCF_000301035.1	25	1	0	0.7071067811865475	0.23975006109347674	d__Bacteria;p__Bacillota;c__Bacilli;o__Lactobacillales;f__Aerococcaceae;g__Facklamia;s__Facklamia hominis	178214.0
MG-Run35-Ech-4	GCF_010120595.1	25	1	0	0.7071067811865475	0.23975006109347674	d__Bacteria;p__Bacillota;c__Bacilli;o__Lactobacillales;f__Streptococcaceae;g__Streptococcus;s__Streptococcus thermophilus	1308.0
MG-Run35-Ech-4	GCF_002902385.1	25	1	0	0.7071067811865475	0.23975006109347674	d__Bacteria;p__Bacillota;c__Bacilli;o__Staphylococcales;f__Staphylococcaceae;g__Staphylococcus;s__Staphylococcus intermedius	1285.0
MG-Run35-Ech-4	GCF_900636325.1	25	1	0	0.7071067811865475	0.23975006109347674	d__Bacteria;p__Bacillota;c__Bacilli;o__Staphylococcales;f__Staphylococcaceae;g__Staphylococcus;s__Staphylococcus delphini	53344.0
MG-Run35-Ech-4	GCA_004345325.1	25	1	1	-0.4082482904638631	0.6584543008451956	d__Bacteria;p__Pseudomonadota;c__Gammaproteobacteria;o__Pseudomonadales;f__Moraxellaceae;g__Acinetobacter;s__Acinetobacter calcoaceticus_D	471.0
MG-Run35-Ech-4	GCF_002165255.2	25	1	0	0.7071067811865475	0.23975006109347674	d__Bacteria;p__Pseudomonadota;c__Gammaproteobacteria;o__Pseudomonadales;f__Moraxellaceae;g__Acinetobacter;s__Acinetobacter sp002165255	2004649.0
MG-Run35-Ech-4	GCA_009907385.1	25	1	1	-0.4082482904638631	0.6584543008451956	d__Bacteria;p__Pseudomonadota;c__Gammaproteobacteria;o__Enterobacterales;f__Enterobacteriaceae;g__Atlantibacter;s__Atlantibacter hermannii_A	565.0
MG-Run35-Ech-4	GCF_001468005.1	25	1	0	0.7071067811865475	0.23975006109347674	d__Bacteria;p__Pseudomonadota;c__Gammaproteobacteria;o__Legionellales;f__Legionellaceae;g__Legionella;s__Legionella steelei	1895902.0
MG-Run35-Ech-4	GCF_003367505.1	25	1	0	0.7071067811865475	0.23975006109347674	d__Bacteria;p__Bacillota;c__Bacilli;o__Bacillales_A;f__Planococcaceae;g__Lysinibacillus;s__Lysinibacillus capsici	2115968.0
MG-Run35-Ech-4	GCF_000178995.1	25	1	1	-0.4082482904638631	0.6584543008451956	d__Bacteria;p__Pseudomonadota;c__Alphaproteobacteria;o__Rhizobiales;f__Xanthobacteraceae;g__Afipia;s__Afipia sp000178995	2072420.0
MG-Run35-Ech-4	GCF_001571285.1	25	1	2	-0.9486832980505138	0.8286091444260443	d__Bacteria;p__Pseudomonadota;c__Gammaproteobacteria;o__Enterobacterales;f__Enterobacteriaceae;g__Kluyvera;s__Kluyvera cryocrescens	580.0
MG-Run35-Ech-4	GCF_900087055.1	25	1	1	-0.4082482904638631	0.6584543008451956	d__Bacteria;p__Pseudomonadota;c__Gammaproteobacteria;o__Enterobacterales;f__Enterobacteriaceae;g__Plesiomonas;s__Plesiomonas shigelloides	703.0
MG-Run35-Ech-4	GCF_001595725.1	25	1	0	0.7071067811865475	0.23975006109347674	d__Bacteria;p__Bacillota;c__Bacilli;o__Bacillales;f__Bacillaceae_G;g__Bacillus_A;s__Bacillus_A thuringiensis_K	2920310.0
MG-Run35-Ech-4	GCF_003614235.1	25	1	0	0.7071067811865475	0.23975006109347674	d__Bacteria;p__Bacillota_A;c__Clostridia;o__Clostridiales;f__Clostridiaceae;g__Clostridium_H;s__Clostridium_H haemolyticum	1443109.0
MG-Run35-Ech-4	GCF_001182785.1	25	1	0	0.7071067811865475	0.23975006109347674	d__Bacteria;p__Bacillota;c__Bacilli;o__Bacillales;f__Bacillaceae_G;g__Bacillus_A;s__Bacillus_A thuringiensis_AB	2920372.0
MG-Run35-Ech-4	GCF_000622145.1	25	1	0	0.7071067811865475	0.23975006109347674	d__Bacteria;p__Pseudomonadota;c__Alphaproteobacteria;o__Rhodobacterales;f__Rhodobacteraceae;g__Paracoccus;s__Paracoccus yeei	147645.0
MG-Run35-Ech-4	GCA_902363515.1	25	1	1	-0.4082482904638631	0.6584543008451956	d__Bacteria;p__Bacillota_A;c__Clostridia;o__Lachnospirales;f__Lachnospiraceae;g__Blautia;s__Blautia sp000432195	765821.0
MG-Run35-Ech-4	GCF_009696325.1	25	1	0	0.7071067811865475	0.23975006109347674	d__Bacteria;p__Actinomycetota;c__Coriobacteriia;o__Coriobacteriales;f__Coriobacteriaceae;g__Collinsella;s__Collinsella sp002391315	1965294.0
MG-Run35-Ech-4	GCF_009738225.1	25	1	1	-0.4082482904638631	0.6584543008451956	d__Bacteria;p__Bacillota;c__Bacilli;o__Lactobacillales;f__Streptococcaceae;g__Streptococcus;s__Streptococcus sp001556435	1304.0
MG-Run35-Ech-4	GCF_001074975.1	25	1	0	0.7071067811865475	0.23975006109347674	d__Bacteria;p__Bacillota;c__Bacilli;o__Lactobacillales;f__Streptococcaceae;g__Streptococcus;s__Streptococcus pseudopneumoniae_D	257758.0
MG-Run35-Ech-4	GCF_009717815.1	25	1	0	0.7071067811865475	0.23975006109347674	d__Bacteria;p__Bacillota;c__Bacilli;o__Lactobacillales;f__Streptococcaceae;g__Streptococcus;s__Streptococcus parasanguinis_F	1318.0
MG-Run35-Ech-4	GCF_001294465.1	25	1	0	0.7071067811865475	0.23975006109347674	d__Bacteria;p__Pseudomonadota;c__Gammaproteobacteria;o__Enterobacterales;f__Enterobacteriaceae;g__Moellerella;s__Moellerella wisconsensis	158849.0
MG-Run35-Ech-4	GCF_000017425.1	25	1	0	0.7071067811865475	0.23975006109347674	d__Bacteria;p__Bacillota;c__Bacilli;o__Bacillales;f__Bacillaceae_G;g__Bacillus_A;s__Bacillus_A cytotoxicus	2920370.0
MG-Run35-Ech-4	GCF_011881725.1	25	1	0	0.7071067811865475	0.23975006109347674	d__Bacteria;p__Pseudomonadota;c__Gammaproteobacteria;o__Enterobacterales;f__Enterobacteriaceae;g__Escherichia;s__Escherichia coli_E	562.0
MG-Run35-Ech-4	GCF_023221775.1	25	1	0	0.7071067811865475	0.23975006109347674	d__Bacteria;p__Bacillota;c__Bacilli;o__Lactobacillales;f__Enterococcaceae;g__Enterococcus_E;s__Enterococcus_E cecorum_A	44008.0
MG-Run35-Ech-4	GCA_901456055.1	25	1	0	0.7071067811865475	0.23975006109347674	d__Bacteria;p__Pseudomonadota;c__Gammaproteobacteria;o__Enterobacterales;f__Enterobacteriaceae;g__Phytobacter;s__Phytobacter ursingii	2066051.0
MG-Run35-Ech-4	GCA_006438735.1	25	1	0	0.7071067811865475	0.23975006109347674	d__Bacteria;p__Pseudomonadota;c__Alphaproteobacteria;o__Sphingomonadales;f__Sphingomonadaceae;g__Sphingomonas;s__Sphingomonas koreensis_A	93064.0
MG-Run35-Ech-4	GCF_003609975.1	25	1	0	0.7071067811865475	0.23975006109347674	d__Bacteria;p__Bacillota;c__Bacilli;o__Lactobacillales;f__Streptococcaceae;g__Streptococcus;s__Streptococcus ruminantium	1917441.0
MG-Run35-Ech-4	GCF_000816085.1	25	1	0	0.7071067811865475	0.23975006109347674	d__Bacteria;p__Bacillota;c__Bacilli;o__Staphylococcales;f__Staphylococcaceae;g__Staphylococcus;s__Staphylococcus hyicus	1284.0
MG-Run35-Ech-4	GCF_013343215.1	25	1	3	-1.3363062095621219	0.9092753961392899	d__Bacteria;p__Pseudomonadota;c__Gammaproteobacteria;o__Pseudomonadales;f__Moraxellaceae;g__Acinetobacter;s__Acinetobacter lwoffii_C	2563897.0
MG-Run35-Ech-4	GCF_000188295.1	25	1	0	0.7071067811865475	0.23975006109347674	d__Bacteria;p__Bacillota;c__Bacilli;o__Lactobacillales;f__Streptococcaceae;g__Streptococcus;s__Streptococcus vestibularis	1343.0
MG-Run35-Ech-5	GCF_003942765.1	25	1748	0	2471.3382002469834	0.0	d__Bacteria;p__Bacillota;c__Bacilli;o__Lactobacillales;f__Streptococcaceae;g__Streptococcus;s__Streptococcus mitis_BE	28037.0
MG-Run35-Ech-5	GCF_000820085.1	25	547	0	772.8677118368964	0.0	d__Bacteria;p__Pseudomonadota;c__Gammaproteobacteria;o__Enterobacterales;f__Aeromonadaceae;g__Aeromonas;s__Aeromonas sanarellii	2778058.0
MG-Run35-Ech-5	GCF_001632285.1	25	468	1	380.8956550027842	0.0	d__Bacteria;p__Pseudomonadota;c__Gammaproteobacteria;o__Pseudomonadales;f__Moraxellaceae;g__Moraxella;s__Moraxella catarrhalis	480.0
MG-Run35-Ech-5	GCF_000469305.1	25	436	0	615.8900064134829	0.0	d__Bacteria;p__Bacillota_I;c__Bacilli_A;o__Erysipelotrichales;f__Erysipelotrichaceae;g__Faecalitalea;s__Faecalitalea cylindroides	39483.0
MG-Run35-Ech-5	GCF_000245815.1	25	382	0	539.5224740453357	0.0	d__Bacteria;p__Bacillota;c__Bacilli;o__Lactobacillales;f__Carnobacteriaceae;g__Dolosigranulum;s__Dolosigranulum pigrum	29394.0
MG-Run35-Ech-5	GCF_009728485.1	25	304	0	429.21381618023435	0.0	d__Bacteria;p__Bacteroidota;c__Bacteroidia;o__Bacteroidales;f__Bacteroidaceae;g__Prevotella;s__Prevotella vespertina	59823.0
MG-Run35-Ech-5	GCF_000375525.1	25	236	0	333.04729393886385	0.0	d__Bacteria;p__Actinomycetota;c__Actinomycetes;o__Mycobacteriales;f__Mycobacteriaceae;g__Corynebacterium;s__Corynebacterium propinquum	43769.0
MG-Run35-Ech-5	GCF_001027105.1	25	198	0	279.30717856868625	0.0	d__Bacteria;p__Bacillota;c__Bacilli;o__Staphylococcales;f__Staphylococcaceae;g__Staphylococcus;s__Staphylococcus aureus	1280.0
MG-Run35-Ech-5	GCF_003991585.1	25	194	0	273.6503243191939	0.0	d__Bacteria;p__Pseudomonadota;c__Gammaproteobacteria;o__Burkholderiales;f__Burkholderiaceae;g__Saezia;s__Saezia sanguinis	1965230.0
MG-Run35-Ech-5	GCF_003943825.1	25	178	0	251.02290732122435	0.0	d__Bacteria;p__Bacillota;c__Bacilli;o__Lactobacillales;f__Streptococcaceae;g__Streptococcus;s__Streptococcus oralis_CD	1303.0
MG-Run35-Ech-5	GCF_015477355.1	25	159	0	224.15284963613556	0.0	d__Bacteria;p__Actinomycetota;c__Actinomycetes;o__Mycobacteriales;f__Mycobacteriaceae;g__Nocardia;s__Nocardia blacklockiae	480036.0
MG-Run35-Ech-5	GCF_003943815.1	25	158	0	222.73863607376245	0.0	d__Bacteria;p__Bacillota;c__Bacilli;o__Lactobacillales;f__Streptococcaceae;g__Streptococcus;s__Streptococcus cristatus_F	45634.0
MG-Run35-Ech-5	GCF_902825235.1	25	149	0	210.0107140124046	0.0	d__Bacteria;p__Pseudomonadota;c__Alphaproteobacteria;o__Rhizobiales;f__Rhizobiaceae;g__Bartonella;s__Bartonella vinsonii	33047.0
MG-Run35-Ech-5	GCF_010858045.1	25	127	0	178.89801564019652	0.0	d__Bacteria;p__Actinomycetota;c__Actinomycetes;o__Mycobacteriales;f__Mycobacteriaceae;g__Nocardia;s__Nocardia cyriacigeorgica_E	135487.0
MG-Run35-Ech-5	GCF_002238115.1	25	106	0	149.1995308303615	0.0	d__Bacteria;p__Bacillota;c__Bacilli;o__Lactobacillales;f__Streptococcaceae;g__Streptococcus;s__Streptococcus sp002238115	257758.0
MG-Run35-Ech-5	GCF_002251385.1	25	101	0	142.12846301849603	0.0	d__Bacteria;p__Bacteroidota;c__Bacteroidia;o__Bacteroidales;f__Bacteroidaceae;g__Prevotella;s__Prevotella sp002251385	159272.0
MG-Run35-Ech-5	GCF_002561295.1	25	90	0	126.57211383239199	0.0	d__Bacteria;p__Bacillota;c__Bacilli;o__Bacillales;f__Bacillaceae_G;g__Bacillus_A;s__Bacillus_A cereus_S	1396.0
MG-Run35-Ech-5	GCF_018127785.1	25	83	0	116.67261889578033	0.0	d__Bacteria;p__Bacteroidota;c__Bacteroidia;o__Bacteroidales;f__Bacteroidaceae;g__Prevotella;s__Prevotella scopos	1236518.0
MG-Run35-Ech-5	GCF_003970865.1	25	83	1	66.54447134560968	0.0	d__Bacteria;p__Pseudomonadota;c__Gammaproteobacteria;o__Xanthomonadales;f__Xanthomonadaceae;g__Stenotrophomonas;s__Stenotrophomonas maltophilia_AR	40324.0
MG-Run35-Ech-5	GCF_000174755.1	25	56	0	78.48885271170677	0.0	d__Bacteria;p__Bacteroidota;c__Bacteroidia;o__Flavobacteriales;f__Flavobacteriaceae;g__Capnocytophaga;s__Capnocytophaga gingivalis	1017.0
MG-Run35-Ech-5	GCF_900637655.1	25	49	0	68.58935777509511	0.0	d__Bacteria;p__Bacteroidota;c__Bacteroidia;o__Bacteroidales;f__Bacteroidaceae;g__Prevotella;s__Prevotella oris	1122989.0
MG-Run35-Ech-5	GCF_001656295.1	25	36	2	21.18726032312814	0.0	d__Bacteria;p__Pseudomonadota;c__Gammaproteobacteria;o__Pseudomonadales;f__Moraxellaceae;g__Moraxella;s__Moraxella catarrhalis_C	480.0
MG-Run35-Ech-5	GCF_000236925.1	25	26	0	36.062445840513924	0.0	d__Bacteria;p__Bacillota;c__Bacilli;o__Staphylococcales;f__Staphylococcaceae;g__Staphylococcus;s__Staphylococcus argenteus	985002.0
MG-Run35-Ech-5	GCF_010868145.1	25	25	0	34.648232278140824	0.0	d__Bacteria;p__Actinomycetota;c__Actinomycetes;o__Mycobacteriales;f__Mycobacteriaceae;g__Nocardia;s__Nocardia cyriacigeorgica_D	135487.0
MG-Run35-Ech-5	GCF_014838735.1	25	23	0	31.819805153394636	0.0	d__Bacteria;p__Bacillota;c__Bacilli;o__Lactobacillales;f__Lactobacillaceae;g__Limosilactobacillus;s__Limosilactobacillus portuensis	2742601.0
MG-Run35-Ech-5	GCF_009932725.1	25	22	0	30.40559159102154	0.0	d__Bacteria;p__Pseudomonadota;c__Gammaproteobacteria;o__Pseudomonadales;f__Pseudomonadaceae;g__Pseudomonas_E;s__Pseudomonas_E yangonensis	2579922.0
MG-Run35-Ech-5	GCF_023520795.1	25	19	0	26.162950903902257	0.0	d__Bacteria;p__Actinomycetota;c__Actinomycetes;o__Mycobacteriales;f__Mycobacteriaceae;g__Corynebacterium;s__Corynebacterium accolens	38284.0
MG-Run35-Ech-5	GCF_000688415.1	25	18	0	24.74873734152916	0.0	d__Bacteria;p__Actinomycetota;c__Actinomycetes;o__Mycobacteriales;f__Mycobacteriaceae;g__Corynebacterium;s__Corynebacterium pseudodiphtheriticum	37637.0
MG-Run35-Ech-5	GCF_900453105.1	25	17	0	23.33452377915607	0.0	d__Bacteria;p__Pseudomonadota;c__Gammaproteobacteria;o__Pseudomonadales;f__Moraxellaceae;g__Moraxella;s__Moraxella ovis	29433.0
MG-Run35-Ech-5	GCA_002578045.1	25	16	0	21.920310216782973	0.0	d__Bacteria;p__Bacillota;c__Bacilli;o__Bacillales;f__Bacillaceae_G;g__Bacillus_A;s__Bacillus_A cereus_AK	1396.0
MG-Run35-Ech-5	GCF_018252635.1	25	16	0	21.920310216782973	0.0	d__Bacteria;p__Pseudomonadota;c__Gammaproteobacteria;o__Enterobacterales;f__Enterobacteriaceae;g__Citrobacter_A;s__Citrobacter_A amalonaticus_E	35703.0
MG-Run35-Ech-5	GCA_010604095.1	25	16	0	21.920310216782973	0.0	d__Bacteria;p__Bacillota;c__Bacilli;o__Lactobacillales;f__Streptococcaceae;g__Streptococcus;s__Streptococcus sp000187445	1316412.0
MG-Run35-Ech-5	GCF_000368145.1	25	15	954	-30.409467695287574	1.0	d__Bacteria;p__Pseudomonadota;c__Gammaproteobacteria;o__Pseudomonadales;f__Moraxellaceae;g__Acinetobacter;s__Acinetobacter guillouiae	2929509.0
MG-Run35-Ech-5	GCF_000379965.1	25	15	0	20.506096654409877	0.0	d__Bacteria;p__Bacteroidota;c__Bacteroidia;o__Bacteroidales;f__Bacteroidaceae;g__Prevotella;s__Prevotella nanceiensis	425941.0
MG-Run35-Ech-5	GCF_000314675.2	25	13	11	0.4423258684646914	0.32912670715564163	d__Bacteria;p__Pseudomonadota;c__Alphaproteobacteria;o__Rhizobiales;f__Xanthobacteraceae;g__Afipia;s__Afipia broomeae	1871052.0
MG-Run35-Ech-5	GCF_000165735.1	25	13	0	17.677669529663685	0.0	d__Bacteria;p__Bacillota_C;c__Negativicutes;o__Veillonellales;f__Megasphaeraceae;g__Anaeroglobus;s__Anaeroglobus micronuciformis	2997918.0
MG-Run35-Ech-5	GCF_001073085.1	25	13	0	17.677669529663685	0.0	d__Bacteria;p__Bacillota;c__Bacilli;o__Lactobacillales;f__Streptococcaceae;g__Streptococcus;s__Streptococcus pseudopneumoniae_M	257758.0
MG-Run35-Ech-5	GCF_000377625.1	25	11	0	14.849242404917497	0.0	d__Bacteria;p__Bacteroidota;c__Bacteroidia;o__Bacteroidales;f__Bacteroidaceae;g__Prevotella;s__Prevotella veroralis	649761.0
MG-Run35-Ech-5	GCF_003862485.1	25	11	0	14.849242404917497	0.0	d__Bacteria;p__Bacillota_A;c__Clostridia;o__Lachnospirales;f__Lachnospiraceae;g__Lachnoanaerobaculum;s__Lachnoanaerobaculum orale	467210.0
MG-Run35-Ech-5	GCF_001075875.1	25	11	0	14.849242404917497	0.0	d__Bacteria;p__Bacillota;c__Bacilli;o__Lactobacillales;f__Streptococcaceae;g__Streptococcus;s__Streptococcus oralis_I	1303.0
MG-Run35-Ech-5	GCF_002564555.1	25	11	0	14.849242404917497	0.0	d__Bacteria;p__Bacillota;c__Bacilli;o__Bacillales;f__Bacillaceae_G;g__Bacillus_A;s__Bacillus_A cereus_K	1396.0
MG-Run35-Ech-5	GCF_900156515.1	25	10	0	13.435028842544401	0.0	d__Bacteria;p__Pseudomonadota;c__Gammaproteobacteria;o__Pseudomonadales;f__Moraxellaceae;g__Moraxella;s__Moraxella cuniculi	34061.0
MG-Run35-Ech-5	GCF_018127925.1	25	9	0	12.020815280171307	0.0	d__Bacteria;p__Bacteroidota;c__Bacteroidia;o__Bacteroidales;f__Bacteroidaceae;g__Prevotella;s__Prevotella melaninogenica_C	28132.0
MG-Run35-Ech-5	GCF_030515985.1	25	9	0	12.020815280171307	0.0	d__Bacteria;p__Actinomycetota;c__Actinomycetes;o__Mycobacteriales;f__Mycobacteriaceae;g__Corynebacterium;s__Corynebacterium sp022346005	2918194.0
MG-Run35-Ech-5	GCF_000420505.1	25	8	0	10.606601717798211	0.0	d__Bacteria;p__Actinomycetota;c__Actinomycetes;o__Actinomycetales;f__Bifidobacteriaceae;g__Alloscardovia;s__Alloscardovia omnicolens	419015.0
MG-Run35-Ech-5	GCF_003942795.1	25	7	0	9.192388155425117	0.0	d__Bacteria;p__Bacillota;c__Bacilli;o__Lactobacillales;f__Streptococcaceae;g__Streptococcus;s__Streptococcus mitis_BJ	28037.0
MG-Run35-Ech-5	GCF_938018165.1	25	7	0	9.192388155425117	0.0	d__Bacteria;p__Bacteroidota;c__Bacteroidia;o__Flavobacteriales;f__Flavobacteriaceae;g__Capnocytophaga;s__Capnocytophaga leadbetteri_A	327575.0
MG-Run35-Ech-5	GCF_003243515.1	25	6	23	-3.6099743619057767	0.9998468863642063	d__Bacteria;p__Actinomycetota;c__Actinomycetes;o__Mycobacteriales;f__Mycobacteriaceae;g__Corynebacterium;s__Corynebacterium kroppenstedtii_B	161879.0
MG-Run35-Ech-5	GCF_019458035.1	25	6	0	7.7781745930520225	3.6637359812630166e-15	d__Bacteria;p__Bacillota;c__Bacilli;o__Lactobacillales;f__Streptococcaceae;g__Streptococcus;s__Streptococcus oralis_BP	1303.0
MG-Run35-Ech-5	GCF_002195995.1	25	6	0	7.7781745930520225	3.6637359812630166e-15	d__Bacteria;p__Pseudomonadota;c__Alphaproteobacteria;o__DSM-16000;f__Inquilinaceae;g__Inquilinus;s__Inquilinus limosus_C	171674.0
MG-Run35-Ech-5	GCA_018376995.1	25	5	0	6.363961030678928	9.830802838450836e-11	d__Bacteria;p__Bacillota_C;c__Negativicutes;o__Veillonellales;f__Veillonellaceae;g__Veillonella;s__Veillonella sp018376995	29466.0
MG-Run35-Ech-5	GCF_005844455.1	25	5	0	6.363961030678928	9.830802838450836e-11	d__Bacteria;p__Bacillota;c__Bacilli;o__Lactobacillales;f__Streptococcaceae;g__Streptococcus;s__Streptococcus mitis_BF	2866596.0
MG-Run35-Ech-5	GCF_000875895.1	25	5	0	6.363961030678928	9.830802838450836e-11	d__Bacteria;p__Bacillota;c__Bacilli;o__Staphylococcales;f__Staphylococcaceae;g__Staphylococcus;s__Staphylococcus gallinarum	1293.0
MG-Run35-Ech-5	GCF_002901845.1	25	5	0	6.363961030678928	9.830802838450836e-11	d__Bacteria;p__Bacillota;c__Bacilli;o__Staphylococcales;f__Staphylococcaceae;g__Staphylococcus;s__Staphylococcus hominis	1290.0
MG-Run35-Ech-5	GCF_001068775.1	25	5	0	6.363961030678928	9.830802838450836e-11	d__Bacteria;p__Bacillota;c__Bacilli;o__Lactobacillales;f__Streptococcaceae;g__Streptococcus;s__Streptococcus pseudopneumoniae_N	1739341.0
MG-Run35-Ech-5	GCF_000218235.1	25	5	0	6.363961030678928	9.830802838450836e-11	d__Bacteria;p__Bacteroidota;c__Bacteroidia;o__Bacteroidales;f__Bacteroidaceae;g__Prevotella;s__Prevotella multisaccharivorax	688246.0
MG-Run35-Ech-5	GCF_001072375.1	25	4	0	4.949747468305833	3.7154918619553e-7	d__Bacteria;p__Bacillota;c__Bacilli;o__Lactobacillales;f__Streptococcaceae;g__Streptococcus;s__Streptococcus pseudopneumoniae_L	257758.0
MG-Run35-Ech-5	GCF_002567495.1	25	4	0	4.949747468305833	3.7154918619553e-7	d__Bacteria;p__Bacillota;c__Bacilli;o__Bacillales;f__Bacillaceae_G;g__Bacillus_A;s__Bacillus_A cereus_AQ	1396.0
MG-Run35-Ech-5	GCF_001679005.1	25	4	0	4.949747468305833	3.7154918619553e-7	d__Bacteria;p__Pseudomonadota;c__Gammaproteobacteria;o__Pseudomonadales;f__Moraxellaceae;g__Moraxella;s__Moraxella nonliquefaciens	478.0
MG-Run35-Ech-5	GCF_001072925.1	25	4	0	4.949747468305833	3.7154918619553e-7	d__Bacteria;p__Bacillota;c__Bacilli;o__Lactobacillales;f__Streptococcaceae;g__Streptococcus;s__Streptococcus pseudopneumoniae_Q	257758.0
MG-Run35-Ech-5	GCF_900476045.1	25	4	0	4.949747468305833	3.7154918619553e-7	d__Bacteria;p__Bacillota;c__Bacilli;o__Staphylococcales;f__Gemellaceae;g__Gemella;s__Gemella morbillorum	29391.0
MG-Run35-Ech-5	GCF_013393365.1	25	4	0	4.949747468305833	3.7154918619553e-7	d__Bacteria;p__Bacillota_C;c__Negativicutes;o__Veillonellales;f__Veillonellaceae;g__Veillonella;s__Veillonella nakazawae	1926307.0
MG-Run35-Ech-5	GCF_002014765.1	25	3	4	-0.7071067811865476	0.7602499389065233	d__Bacteria;p__Pseudomonadota;c__Gammaproteobacteria;o__Pseudomonadales;f__Moraxellaceae;g__Moraxella_C;s__Moraxella_C lincolnii	90241.0
MG-Run35-Ech-5	GCF_007673305.1	25	3	0	3.5355339059327373	0.00020347600872250293	d__Bacteria;p__Bacillota;c__Bacilli;o__Bacillales;f__Bacillaceae_G;g__Bacillus_A;s__Bacillus_A mycoides_C	1396.0
MG-Run35-Ech-5	GCF_018127965.1	25	3	0	3.5355339059327373	0.00020347600872250293	d__Bacteria;p__Bacteroidota;c__Bacteroidia;o__Bacteroidales;f__Bacteroidaceae;g__Prevotella;s__Prevotella melaninogenica_B	28132.0
MG-Run35-Ech-5	GCF_900445265.1	25	3	11	-2.5065132546332514	0.9939035756931694	d__Bacteria;p__Bacillota_A;c__Clostridia;o__Tissierellales;f__Peptoniphilaceae;g__Anaerococcus;s__Anaerococcus octavius	54007.0
MG-Run35-Ech-5	GCF_025561445.1	25	3	0	3.5355339059327373	0.00020347600872250293	d__Bacteria;p__Bacillota;c__Bacilli;o__Staphylococcales;f__Staphylococcaceae;g__Staphylococcus;s__Staphylococcus simulans_B	1286.0
MG-Run35-Ech-5	GCF_003030305.1	25	3	0	3.5355339059327373	0.00020347600872250293	d__Bacteria;p__Actinomycetota;c__Actinomycetes;o__Propionibacteriales;f__Propionibacteriaceae;g__Cutibacterium;s__Cutibacterium acnes	765068.0
MG-Run35-Ech-5	GCF_000160055.1	25	2	0	2.1213203435596424	0.01694742676234462	d__Bacteria;p__Bacillota_C;c__Negativicutes;o__Veillonellales;f__Dialisteraceae;g__Dialister;s__Dialister invisus	1955814.0
MG-Run35-Ech-5	GCF_946190375.1	25	2	0	2.1213203435596424	0.01694742676234462	d__Bacteria;p__Bacillota;c__Bacilli;o__Lactobacillales;f__Streptococcaceae;g__Streptococcus;s__Streptococcus mitis_CJ	28037.0
MG-Run35-Ech-5	GCF_016648925.1	25	2	0	2.1213203435596424	0.01694742676234462	d__Bacteria;p__Bacillota;c__Bacilli;o__Lactobacillales;f__Streptococcaceae;g__Streptococcus;s__Streptococcus sp900766505	1318.0
MG-Run35-Ech-5	GCF_029433855.1	25	2	1	0.4082482904638631	0.34154569915480437	d__Bacteria;p__Pseudomonadota;c__Gammaproteobacteria;o__Enterobacterales;f__Enterobacteriaceae;g__Kosakonia;s__Kosakonia cowanii_A	208223.0
MG-Run35-Ech-5	GCF_006742205.1	25	2	0	2.1213203435596424	0.01694742676234462	d__Bacteria;p__Bacillota;c__Bacilli;o__Staphylococcales;f__Staphylococcaceae;g__Staphylococcus;s__Staphylococcus epidermidis	1282.0
MG-Run35-Ech-5	GCF_002959775.1	25	2	0	2.1213203435596424	0.01694742676234462	d__Bacteria;p__Bacillota_C;c__Negativicutes;o__Veillonellales;f__Veillonellaceae;g__Veillonella;s__Veillonella rogosae	1926307.0
MG-Run35-Ech-5	GCF_024584435.1	25	2	0	2.1213203435596424	0.01694742676234462	d__Bacteria;p__Actinomycetota;c__Actinomycetes;o__Actinomycetales;f__Actinomycetaceae;g__Pauljensenia;s__Pauljensenia sp000185285	1276.0
MG-Run35-Ech-5	GCF_002902325.1	25	2	0	2.1213203435596424	0.01694742676234462	d__Bacteria;p__Bacillota;c__Bacilli;o__Staphylococcales;f__Staphylococcaceae;g__Staphylococcus;s__Staphylococcus capitis	29388.0
MG-Run35-Ech-5	GCF_000144405.1	25	2	0	2.1213203435596424	0.01694742676234462	d__Bacteria;p__Bacteroidota;c__Bacteroidia;o__Bacteroidales;f__Bacteroidaceae;g__Prevotella;s__Prevotella melaninogenica	59823.0
MG-Run35-Ech-5	GCF_000156575.1	25	2	0	2.1213203435596424	0.01694742676234462	d__Bacteria;p__Bacillota_A;c__Clostridia;o__Tissierellales;f__Peptoniphilaceae;g__Anaerococcus;s__Anaerococcus lactolyticus	1284686.0
MG-Run35-Ech-5	GCF_003970495.1	25	2	0	2.1213203435596424	0.01694742676234462	d__Bacteria;p__Bacillota;c__Bacilli;o__Staphylococcales;f__Staphylococcaceae;g__Staphylococcus;s__Staphylococcus pasteuri	2653174.0
MG-Run35-Ech-5	GCF_005144795.1	25	2	1	0.4082482904638631	0.34154569915480437	d__Bacteria;p__Bacillota;c__Bacilli;o__Lactobacillales;f__Streptococcaceae;g__Streptococcus;s__Streptococcus mitis_BB	28037.0
MG-Run35-Ech-5	GCF_946190155.1	25	2	0	2.1213203435596424	0.01694742676234462	d__Bacteria;p__Bacillota;c__Bacilli;o__Lactobacillales;f__Streptococcaceae;g__Streptococcus;s__Streptococcus mitis_CL	28037.0
MG-Run35-Ech-5	GCF_022631235.2	25	1	1	-0.4082482904638631	0.6584543008451956	d__Bacteria;p__Pseudomonadota;c__Gammaproteobacteria;o__Pseudomonadales;f__Moraxellaceae;g__Psychrobacter;s__Psychrobacter sanguinis_A	1569265.0
MG-Run35-Ech-5	GCA_016925055.1	25	1	0	0.7071067811865475	0.23975006109347674	d__Bacteria;p__Bacillota;c__Bacilli;o__Bacillales;f__Bacillaceae_G;g__Bacillus_A;s__Bacillus_A pacificus	2026187.0
MG-Run35-Ech-5	GCF_000148995.1	25	1	0	0.7071067811865475	0.23975006109347674	d__Bacteria;p__Bacillota;c__Bacilli;o__Lactobacillales;f__Listeriaceae;g__Listeria;s__Listeria grayi	1641.0
MG-Run35-Ech-5	GCF_007667275.1	25	1	0	0.7071067811865475	0.23975006109347674	d__Bacteria;p__Pseudomonadota;c__Gammaproteobacteria;o__Xanthomonadales;f__Xanthomonadaceae;g__Stenotrophomonas;s__Stenotrophomonas maltophilia_AE	40324.0
MG-Run35-Ech-5	GCF_000613725.1	25	1	0	0.7071067811865475	0.23975006109347674	d__Bacteria;p__Bacteroidota;c__Bacteroidia;o__Bacteroidales;f__Bacteroidaceae;g__Prevotella;s__Prevotella pleuritidis	407975.0
MG-Run35-Ech-5	GCF_000739895.2	25	1	0	0.7071067811865475	0.23975006109347674	d__Bacteria;p__Pseudomonadota;c__Alphaproteobacteria;o__Sphingomonadales;f__Sphingomonadaceae;g__Sphingomonas;s__Sphingomonas paucimobilis	1007104.0
MG-Run35-Ech-5	GCF_003943505.1	25	1	0	0.7071067811865475	0.23975006109347674	d__Bacteria;p__Bacillota;c__Bacilli;o__Lactobacillales;f__Streptococcaceae;g__Streptococcus;s__Streptococcus cristatus_E	45634.0
MG-Run35-Ech-5	GCF_000161455.1	25	1	0	0.7071067811865475	0.23975006109347674	d__Bacteria;p__Bacillota;c__Bacilli;o__Bacillales;f__Bacillaceae_G;g__Bacillus_A;s__Bacillus_A pseudomycoides	64104.0
MG-Run35-Ech-5	GCF_007954625.1	25	1	0	0.7071067811865475	0.23975006109347674	d__Bacteria;p__Bacillota;c__Bacilli;o__Lactobacillales;f__Lactobacillaceae;g__Leuconostoc;s__Leuconostoc lactis_A	1246.0
MG-Run35-Ech-5	GCA_002929465.1	25	1	0	0.7071067811865475	0.23975006109347674	d__Bacteria;p__Actinomycetota;c__Actinomycetes;o__Actinomycetales;f__Micrococcaceae;g__Arthrobacter;s__Arthrobacter scleromae	158897.0
MG-Run35-Ech-5	GCA_022811845.1	25	1	0	0.7071067811865475	0.23975006109347674	d__Bacteria;p__Bacillota;c__Bacilli;o__Bacillales;f__Bacillaceae_G;g__Bacillus_A;s__Bacillus_A cereus_AV	1396.0
MG-Run35-Ech-5	GCF_029024965.1	25	1	0	0.7071067811865475	0.23975006109347674	d__Bacteria;p__Bacillota;c__Bacilli;o__Staphylococcales;f__Staphylococcaceae;g__Staphylococcus;s__Staphylococcus equorum	246432.0
MG-Run35-Ech-5	GCF_019916025.1	25	1	0	0.7071067811865475	0.23975006109347674	d__Bacteria;p__Bacillota_A;c__Clostridia;o__Peptostreptococcales;f__Peptostreptococcaceae;g__Paraclostridium;s__Paraclostridium bifermentans	1233171.0
MG-Run35-Ech-5	GCF_009731465.1	25	1	0	0.7071067811865475	0.23975006109347674	d__Bacteria;p__Bacillota;c__Bacilli;o__Lactobacillales;f__Streptococcaceae;g__Streptococcus;s__Streptococcus pseudopneumoniae_E	28037.0
MG-Run35-Ech-5	GCF_014298075.1	25	1	0	0.7071067811865475	0.23975006109347674	d__Bacteria;p__Pseudomonadota;c__Gammaproteobacteria;o__Enterobacterales;f__Enterobacteriaceae;g__Klebsiella;s__Klebsiella sp003752615	2485119.0
MG-Run35-Ech-5	GCF_001457455.1	25	1	0	0.7071067811865475	0.23975006109347674	d__Bacteria;p__Actinomycetota;c__Actinomycetes;o__Mycobacteriales;f__Mycobacteriaceae;g__Corynebacterium;s__Corynebacterium diphtheriae	1806053.0
MG-Run35-Ech-5	GCF_021491455.1	25	1	0	0.7071067811865475	0.23975006109347674	d__Bacteria;p__Actinomycetota;c__Actinomycetes;o__Mycobacteriales;f__Mycobacteriaceae;g__Corynebacterium;s__Corynebacterium argentoratense_A	42817.0
MG-Run35-Ech-5	GCF_002153395.1	25	1	0	0.7071067811865475	0.23975006109347674	d__Bacteria;p__Bacillota;c__Bacilli;o__Bacillales;f__Bacillaceae;g__Bacillus;s__Bacillus subtilis_G	72361.0
MG-Run35-Ech-5	GCF_003688935.1	25	1	0	0.7071067811865475	0.23975006109347674	d__Bacteria;p__Actinomycetota;c__Actinomycetes;o__Mycobacteriales;f__Mycobacteriaceae;g__Corynebacterium;s__Corynebacterium macginleyi	38290.0
MG-Run35-Ech-5	GCF_007990635.1	25	1	0	0.7071067811865475	0.23975006109347674	d__Bacteria;p__Fusobacteriota;c__Fusobacteriia;o__Fusobacteriales;f__Leptotrichiaceae;g__Leptotrichia;s__Leptotrichia hongkongensis	554406.0
MG-Run35-Ech-5	GCF_900187105.1	25	1	0	0.7071067811865475	0.23975006109347674	d__Bacteria;p__Pseudomonadota;c__Gammaproteobacteria;o__Burkholderiales;f__Neisseriaceae;g__Eikenella;s__Eikenella corrodens	539.0
MG-Run35-Ech-5	GCF_013267595.1	25	1	0	0.7071067811865475	0.23975006109347674	d__Bacteria;p__Bacteroidota;c__Bacteroidia;o__Bacteroidales;f__Bacteroidaceae;g__Prevotella;s__Prevotella melaninogenica_D	28132.0
MG-Run35-Ech-5	GCF_900183575.1	25	1	1	-0.4082482904638631	0.6584543008451956	d__Bacteria;p__Bacillota;c__Bacilli;o__Staphylococcales;f__Staphylococcaceae;g__Staphylococcus;s__Staphylococcus cornubiensis	1986155.0
MG-Run35-Ech-5	GCF_900637515.1	25	1	0	0.7071067811865475	0.23975006109347674	d__Bacteria;p__Bacillota_C;c__Negativicutes;o__Veillonellales;f__Veillonellaceae;g__Veillonella;s__Veillonella dispar	39778.0
MG-Run35-Ech-5	GCF_900087055.1	25	1	1	-0.4082482904638631	0.6584543008451956	d__Bacteria;p__Pseudomonadota;c__Gammaproteobacteria;o__Enterobacterales;f__Enterobacteriaceae;g__Plesiomonas;s__Plesiomonas shigelloides	703.0
MG-Run35-Ech-5	GCA_018365265.1	25	1	0	0.7071067811865475	0.23975006109347674	d__Bacteria;p__Bacillota;c__Bacilli;o__Lactobacillales;f__Streptococcaceae;g__Streptococcus;s__Streptococcus parasanguinis_G	1318.0
MG-Run35-Ech-5	GCF_003609775.1	25	1	0	0.7071067811865475	0.23975006109347674	d__Bacteria;p__Bacteroidota;c__Bacteroidia;o__Bacteroidales;f__Bacteroidaceae;g__Prevotella;s__Prevotella melaninogenica_A	28132.0
MG-Run35-Ech-5	GCF_900454835.1	25	1	0	0.7071067811865475	0.23975006109347674	d__Bacteria;p__Bacteroidota;c__Bacteroidia;o__Bacteroidales;f__Bacteroidaceae;g__Prevotella;s__Prevotella denticola	28129.0
MG-Run35-Ech-5	GCF_003725415.1	25	1	18	-4.068667356033675	0.999976358603144	d__Bacteria;p__Bacillota_I;c__Bacilli_A;o__Erysipelotrichales;f__Erysipelotrichaceae;g__Absicoccus;s__Absicoccus porci	1648.0
MG-Run35-Ech-5	GCF_013387485.1	25	1	19	-4.1894250263350035	0.9999860168919992	d__Bacteria;p__Pseudomonadota;c__Gammaproteobacteria;o__Xanthomonadales;f__Xanthomonadaceae;g__Stenotrophomonas;s__Stenotrophomonas maltophilia_AA	2723077.0
MG-Run35-Ech-5	GCF_030718935.1	25	1	0	0.7071067811865475	0.23975006109347674	d__Bacteria;p__Pseudomonadota;c__Gammaproteobacteria;o__Pseudomonadales;f__Moraxellaceae;g__Psychrobacter;s__Psychrobacter immobilis_G	498.0
MG-Run35-Ech-5	GCA_905370255.1	25	1	0	0.7071067811865475	0.23975006109347674	d__Bacteria;p__Bacillota;c__Bacilli;o__Lactobacillales;f__Streptococcaceae;g__Streptococcus;s__Streptococcus oralis_BL	1303.0
MG-Run35-Ech-5	GCF_000368085.1	25	1	0	0.7071067811865475	0.23975006109347674	d__Bacteria;p__Pseudomonadota;c__Gammaproteobacteria;o__Pseudomonadales;f__Moraxellaceae;g__Acinetobacter;s__Acinetobacter nosocomialis	106654.0
MG-Run35-Ech-5	GCF_025566055.1	25	1	8	-2.5724787771376323	0.9949513426762464	d__Bacteria;p__Pseudomonadota;c__Gammaproteobacteria;o__Enterobacterales;f__Enterobacteriaceae;g__Leclercia;s__Leclercia tamurae	2866582.0
MG-Run35-Ech-5	GCF_003143995.1	25	1	0	0.7071067811865475	0.23975006109347674	d__Bacteria;p__Actinomycetota;c__Actinomycetes;o__Actinomycetales;f__Micrococcaceae;g__Pseudoglutamicibacter;s__Pseudoglutamicibacter albus	98671.0
MG-Run35-Ech-5	GCF_001553625.1	25	1	0	0.7071067811865475	0.23975006109347674	d__Bacteria;p__Desulfobacterota;c__Desulfovibrionia;o__Desulfovibrionales;f__Desulfomicrobiaceae;g__Desulfomicrobium;s__Desulfomicrobium orale	888061.0
MG-Run35-Ech-5	GCA_000785785.1	25	1	0	0.7071067811865475	0.23975006109347674	d__Bacteria;p__Bacillota;c__Bacilli;o__Lactobacillales;f__Streptococcaceae;g__Streptococcus;s__Streptococcus uberis_A	1349.0
MG-Run35-Ech-5	GCF_001074565.1	25	1	0	0.7071067811865475	0.23975006109347674	d__Bacteria;p__Bacillota;c__Bacilli;o__Lactobacillales;f__Streptococcaceae;g__Streptococcus;s__Streptococcus pseudopneumoniae_J	257758.0
MG-Run35-Ech-5	GCF_902702775.1	25	1	0	0.7071067811865475	0.23975006109347674	d__Bacteria;p__Bacillota;c__Bacilli;o__Lactobacillales;f__Streptococcaceae;g__Streptococcus;s__Streptococcus suis_W	1307.0
MG-Run35-Ech-5	GCF_001953955.1	25	1	0	0.7071067811865475	0.23975006109347674	d__Bacteria;p__Bacteroidota;c__Bacteroidia;o__Bacteroidales;f__Bacteroidaceae;g__Prevotella;s__Prevotella intermedia	28131.0
MG-Run35-Ech-5	GCA_022772305.1	25	1	0	0.7071067811865475	0.23975006109347674	d__Bacteria;p__Actinomycetota;c__Actinomycetes;o__Mycobacteriales;f__Mycobacteriaceae;g__Corynebacterium;s__Corynebacterium glucuronolyticum_A	2448780.0
MG-Run35-Ech-5	GCF_001262015.1	25	1	0	0.7071067811865475	0.23975006109347674	d__Bacteria;p__Bacteroidota;c__Bacteroidia;o__Bacteroidales;f__Bacteroidaceae;g__Prevotella;s__Prevotella fusca	1236517.0
MG-Run35-Ech-5	GCF_002959915.1	25	1	0	0.7071067811865475	0.23975006109347674	d__Bacteria;p__Bacillota_C;c__Negativicutes;o__Veillonellales;f__Veillonellaceae;g__Veillonella;s__Veillonella atypica	39777.0
MG-Run35-Ech-5	GCA_018366675.1	25	1	0	0.7071067811865475	0.23975006109347674	d__Bacteria;p__Bacillota;c__Bacilli;o__Lactobacillales;f__Streptococcaceae;g__Streptococcus;s__Streptococcus parasanguinis_R	1318.0
MG-Run35-Ech-5	GCF_900142645.1	25	1	0	0.7071067811865475	0.23975006109347674	d__Bacteria;p__Bacillota_A;c__Clostridia;o__Eubacteriales;f__Eubacteriaceae;g__Eubacterium;s__Eubacterium callanderi	53442.0
MG-Run35-Ech-5	GCF_000832605.1	25	1	0	0.7071067811865475	0.23975006109347674	d__Bacteria;p__Bacillota;c__Bacilli;o__Bacillales;f__Bacillaceae_G;g__Bacillus_A;s__Bacillus_A mycoides	1405.0
MG-Run35-Ech-5	GCF_002803515.1	25	1	0	0.7071067811865475	0.23975006109347674	d__Bacteria;p__Pseudomonadota;c__Gammaproteobacteria;o__Xanthomonadales;f__Xanthomonadaceae;g__Stenotrophomonas;s__Stenotrophomonas lactitubi	40324.0
MG-Run35-Ech-5	GCF_001654845.1	25	1	0	0.7071067811865475	0.23975006109347674	d__Bacteria;p__Pseudomonadota;c__Gammaproteobacteria;o__Enterobacterales;f__Enterobacteriaceae;g__Enterobacter;s__Enterobacter soli	2976431.0
MG-Run35-Ech-5	GCF_001595725.1	25	1	0	0.7071067811865475	0.23975006109347674	d__Bacteria;p__Bacillota;c__Bacilli;o__Bacillales;f__Bacillaceae_G;g__Bacillus_A;s__Bacillus_A thuringiensis_K	2920310.0
MG-Run35-Ech-5	GCF_001017575.1	25	1	0	0.7071067811865475	0.23975006109347674	d__Bacteria;p__Campylobacterota;c__Campylobacteria;o__Campylobacterales;f__Campylobacteraceae;g__Campylobacter_D;s__Campylobacter_D lari_C	197.0
MG-Run35-Ech-5	GCF_002998925.1	25	1	0	0.7071067811865475	0.23975006109347674	d__Bacteria;p__Bacillota_A;c__Clostridia;o__Peptostreptococcales;f__Anaerovoracaceae;g__Mogibacterium;s__Mogibacterium diversum	114527.0
MG-Run35-Ech-5	GCF_900475595.1	25	1	0	0.7071067811865475	0.23975006109347674	d__Bacteria;p__Bacillota;c__Bacilli;o__Lactobacillales;f__Streptococcaceae;g__Streptococcus;s__Streptococcus uberis	1349.0
MG-Run35-Ech-5	GCF_002014965.1	25	1	2	-0.9486832980505138	0.8286091444260443	d__Bacteria;p__Pseudomonadota;c__Gammaproteobacteria;o__Pseudomonadales;f__Moraxellaceae;g__Moraxella;s__Moraxella canis	90239.0
MG-Run35-Ech-5	GCF_018224615.1	25	1	0	0.7071067811865475	0.23975006109347674	d__Bacteria;p__Actinomycetota;c__Actinomycetes;o__Actinomycetales;f__Microbacteriaceae;g__Microbacterium;s__Microbacterium paraoxydans_B	199592.0
MG-Run35-Ech-5	GCF_018128065.1	25	1	0	0.7071067811865475	0.23975006109347674	d__Bacteria;p__Bacteroidota;c__Bacteroidia;o__Bacteroidales;f__Bacteroidaceae;g__Prevotella;s__Prevotella sp000467895	28132.0
MG-Run35-Ech-5	GCF_900637845.1	25	1	0	0.7071067811865475	0.23975006109347674	d__Bacteria;p__Bacillota_I;c__Bacilli_A;o__Erysipelotrichales;f__Erysipelotrichaceae;g__Erysipelothrix;s__Erysipelothrix rhusiopathiae	650150.0
MG-Run35-Ech-5	GCF_000613785.1	25	1	0	0.7071067811865475	0.23975006109347674	d__Bacteria;p__Bacteroidota;c__Bacteroidia;o__Bacteroidales;f__Bacteroidaceae;g__Prevotella;s__Prevotella oulorum	28136.0
MG-Run35-Ech-5	GCF_014839385.1	25	1	3	-1.3363062095621219	0.9092753961392899	d__Bacteria;p__Pseudomonadota;c__Gammaproteobacteria;o__Pseudomonadales;f__Pseudomonadaceae;g__Pseudomonas_E;s__Pseudomonas_E fluorescens_CB	294.0
MG-Run35-Ech-5	GCF_000143765.1	25	1	0	0.7071067811865475	0.23975006109347674	d__Bacteria;p__Bacteroidota;c__Bacteroidia;o__Sphingobacteriales;f__Sphingobacteriaceae;g__Sphingobacterium;s__Sphingobacterium spiritivorum	258.0
MG-Run35-Ech-5	GCF_015844675.1	25	1	0	0.7071067811865475	0.23975006109347674	d__Bacteria;p__Bacillota;c__Bacilli;o__Bacillales_A;f__Planococcaceae;g__Lysinibacillus;s__Lysinibacillus sphaericus_E	1421.0
MG-Run35-Ech-5	GCF_001989995.2	25	1	0	0.7071067811865475	0.23975006109347674	d__Bacteria;p__Pseudomonadota;c__Gammaproteobacteria;o__Enterobacterales;f__Vibrionaceae;g__Vibrio;s__Vibrio anguillarum	55601.0
MG-Run35-Ech-6	GCF_003942765.1	25	2805	0	3966.161935675345	0.0	d__Bacteria;p__Bacillota;c__Bacilli;o__Lactobacillales;f__Streptococcaceae;g__Streptococcus;s__Streptococcus mitis_BE	28037.0
MG-Run35-Ech-6	GCF_000820085.1	25	863	0	1219.7591975467944	0.0	d__Bacteria;p__Pseudomonadota;c__Gammaproteobacteria;o__Enterobacterales;f__Aeromonadaceae;g__Aeromonas;s__Aeromonas sanarellii	2778058.0
MG-Run35-Ech-6	GCF_000469305.1	25	809	0	1143.3916651786474	0.0	d__Bacteria;p__Bacillota_I;c__Bacilli_A;o__Erysipelotrichales;f__Erysipelotrichaceae;g__Faecalitalea;s__Faecalitalea cylindroides	39483.0
MG-Run35-Ech-6	GCF_000245815.1	25	480	0	678.115403157899	0.0	d__Bacteria;p__Bacillota;c__Bacilli;o__Lactobacillales;f__Carnobacteriaceae;g__Dolosigranulum;s__Dolosigranulum pigrum	29394.0
MG-Run35-Ech-6	GCF_000375525.1	25	452	0	638.5174234114523	0.0	d__Bacteria;p__Actinomycetota;c__Actinomycetes;o__Mycobacteriales;f__Mycobacteriaceae;g__Corynebacterium;s__Corynebacterium propinquum	43769.0
MG-Run35-Ech-6	GCF_001632285.1	25	376	1	305.77796955743344	0.0	d__Bacteria;p__Pseudomonadota;c__Gammaproteobacteria;o__Pseudomonadales;f__Moraxellaceae;g__Moraxella;s__Moraxella catarrhalis	480.0
MG-Run35-Ech-6	GCF_002238115.1	25	353	0	498.510280736516	0.0	d__Bacteria;p__Bacillota;c__Bacilli;o__Lactobacillales;f__Streptococcaceae;g__Streptococcus;s__Streptococcus sp002238115	257758.0
MG-Run35-Ech-6	GCF_003943825.1	25	289	0	408.0006127446379	0.0	d__Bacteria;p__Bacillota;c__Bacilli;o__Lactobacillales;f__Streptococcaceae;g__Streptococcus;s__Streptococcus oralis_CD	1303.0
MG-Run35-Ech-6	GCF_902825235.1	25	266	0	375.4737008100567	0.0	d__Bacteria;p__Pseudomonadota;c__Alphaproteobacteria;o__Rhizobiales;f__Rhizobiaceae;g__Bartonella;s__Bartonella vinsonii	33047.0
MG-Run35-Ech-6	GCF_003991585.1	25	252	0	355.6747109368334	0.0	d__Bacteria;p__Pseudomonadota;c__Gammaproteobacteria;o__Burkholderiales;f__Burkholderiaceae;g__Saezia;s__Saezia sanguinis	1965230.0
MG-Run35-Ech-6	GCF_003943815.1	25	232	0	327.3904396893715	0.0	d__Bacteria;p__Bacillota;c__Bacilli;o__Lactobacillales;f__Streptococcaceae;g__Streptococcus;s__Streptococcus cristatus_F	45634.0
MG-Run35-Ech-6	GCF_015477355.1	25	231	0	325.97622612699837	0.0	d__Bacteria;p__Actinomycetota;c__Actinomycetes;o__Mycobacteriales;f__Mycobacteriaceae;g__Nocardia;s__Nocardia blacklockiae	480036.0
MG-Run35-Ech-6	GCF_009728485.1	25	214	0	301.9345955666558	0.0	d__Bacteria;p__Bacteroidota;c__Bacteroidia;o__Bacteroidales;f__Bacteroidaceae;g__Prevotella;s__Prevotella vespertina	59823.0
MG-Run35-Ech-6	GCF_001072375.1	25	178	0	251.02290732122435	0.0	d__Bacteria;p__Bacillota;c__Bacilli;o__Lactobacillales;f__Streptococcaceae;g__Streptococcus;s__Streptococcus pseudopneumoniae_L	257758.0
MG-Run35-Ech-6	GCF_001027105.1	25	174	0	245.36605307173198	0.0	d__Bacteria;p__Bacillota;c__Bacilli;o__Staphylococcales;f__Staphylococcaceae;g__Staphylococcus;s__Staphylococcus aureus	1280.0
MG-Run35-Ech-6	GCF_010858045.1	25	116	0	163.34166645409246	0.0	d__Bacteria;p__Actinomycetota;c__Actinomycetes;o__Mycobacteriales;f__Mycobacteriaceae;g__Nocardia;s__Nocardia cyriacigeorgica_E	135487.0
MG-Run35-Ech-6	GCF_018127785.1	25	83	0	116.67261889578033	0.0	d__Bacteria;p__Bacteroidota;c__Bacteroidia;o__Bacteroidales;f__Bacteroidaceae;g__Prevotella;s__Prevotella scopos	1236518.0
MG-Run35-Ech-6	GCF_002561295.1	25	62	0	86.97413408594534	0.0	d__Bacteria;p__Bacillota;c__Bacilli;o__Bacillales;f__Bacillaceae_G;g__Bacillus_A;s__Bacillus_A cereus_S	1396.0
MG-Run35-Ech-6	GCF_003970865.1	25	61	1	48.5815465651997	0.0	d__Bacteria;p__Pseudomonadota;c__Gammaproteobacteria;o__Xanthomonadales;f__Xanthomonadaceae;g__Stenotrophomonas;s__Stenotrophomonas maltophilia_AR	40324.0
MG-Run35-Ech-6	GCF_014195585.1	25	46	0	64.34671708797582	0.0	d__Bacteria;p__Bacteroidota;c__Bacteroidia;o__Bacteroidales;f__Bacteroidaceae;g__Alloprevotella;s__Alloprevotella rava	671218.0
MG-Run35-Ech-6	GCF_000420505.1	25	45	0	62.932503525602726	0.0	d__Bacteria;p__Actinomycetota;c__Actinomycetes;o__Actinomycetales;f__Bifidobacteriaceae;g__Alloscardovia;s__Alloscardovia omnicolens	419015.0
MG-Run35-Ech-6	GCF_000688415.1	25	31	0	43.1335136523794	0.0	d__Bacteria;p__Actinomycetota;c__Actinomycetes;o__Mycobacteriales;f__Mycobacteriaceae;g__Corynebacterium;s__Corynebacterium pseudodiphtheriticum	37637.0
MG-Run35-Ech-6	GCF_010868145.1	25	25	0	34.648232278140824	0.0	d__Bacteria;p__Actinomycetota;c__Actinomycetes;o__Mycobacteriales;f__Mycobacteriaceae;g__Nocardia;s__Nocardia cyriacigeorgica_D	135487.0
MG-Run35-Ech-6	GCF_003243515.1	25	24	23	0.10314212462587934	0.4589250863341845	d__Bacteria;p__Actinomycetota;c__Actinomycetes;o__Mycobacteriales;f__Mycobacteriaceae;g__Corynebacterium;s__Corynebacterium kroppenstedtii_B	161879.0
MG-Run35-Ech-6	GCF_023520795.1	25	24	0	33.23401871576773	0.0	d__Bacteria;p__Actinomycetota;c__Actinomycetes;o__Mycobacteriales;f__Mycobacteriaceae;g__Corynebacterium;s__Corynebacterium accolens	38284.0
MG-Run35-Ech-6	GCF_000368145.1	25	20	954	-30.24762912319983	1.0	d__Bacteria;p__Pseudomonadota;c__Gammaproteobacteria;o__Pseudomonadales;f__Moraxellaceae;g__Acinetobacter;s__Acinetobacter guillouiae	2929509.0
MG-Run35-Ech-6	GCF_000165735.1	25	20	0	27.577164466275352	0.0	d__Bacteria;p__Bacillota_C;c__Negativicutes;o__Veillonellales;f__Megasphaeraceae;g__Anaeroglobus;s__Anaeroglobus micronuciformis	2997918.0
MG-Run35-Ech-6	GCF_000875895.1	25	19	0	26.162950903902257	0.0	d__Bacteria;p__Bacillota;c__Bacilli;o__Staphylococcales;f__Staphylococcaceae;g__Staphylococcus;s__Staphylococcus gallinarum	1293.0
MG-Run35-Ech-6	GCF_000368045.1	25	19	5	5.7564193416014815	4.295840239088022e-9	d__Bacteria;p__Pseudomonadota;c__Gammaproteobacteria;o__Pseudomonadales;f__Moraxellaceae;g__Acinetobacter;s__Acinetobacter johnsonii	472.0
MG-Run35-Ech-6	GCF_030515985.1	25	19	0	26.162950903902257	0.0	d__Bacteria;p__Actinomycetota;c__Actinomycetes;o__Mycobacteriales;f__Mycobacteriaceae;g__Corynebacterium;s__Corynebacterium sp022346005	2918194.0
MG-Run35-Ech-6	GCF_009932725.1	25	19	0	26.162950903902257	0.0	d__Bacteria;p__Pseudomonadota;c__Gammaproteobacteria;o__Pseudomonadales;f__Pseudomonadaceae;g__Pseudomonas_E;s__Pseudomonas_E yangonensis	2579922.0
MG-Run35-Ech-6	GCF_025561445.1	25	17	0	23.33452377915607	0.0	d__Bacteria;p__Bacillota;c__Bacilli;o__Staphylococcales;f__Staphylococcaceae;g__Staphylococcus;s__Staphylococcus simulans_B	1286.0
MG-Run35-Ech-6	GCF_028609805.1	25	14	0	19.09188309203678	0.0	d__Bacteria;p__Actinomycetota;c__Actinomycetes;o__Mycobacteriales;f__Mycobacteriaceae;g__Corynebacterium;s__Corynebacterium massiliense	1121364.0
MG-Run35-Ech-6	GCF_006742205.1	25	14	0	19.09188309203678	0.0	d__Bacteria;p__Bacillota;c__Bacilli;o__Staphylococcales;f__Staphylococcaceae;g__Staphylococcus;s__Staphylococcus epidermidis	1282.0
MG-Run35-Ech-6	GCF_002902325.1	25	12	0	16.263455967290593	0.0	d__Bacteria;p__Bacillota;c__Bacilli;o__Staphylococcales;f__Staphylococcaceae;g__Staphylococcus;s__Staphylococcus capitis	29388.0
MG-Run35-Ech-6	GCF_014838735.1	25	12	0	16.263455967290593	0.0	d__Bacteria;p__Bacillota;c__Bacilli;o__Lactobacillales;f__Lactobacillaceae;g__Limosilactobacillus;s__Limosilactobacillus portuensis	2742601.0
MG-Run35-Ech-6	GCA_010604095.1	25	11	0	14.849242404917497	0.0	d__Bacteria;p__Bacillota;c__Bacilli;o__Lactobacillales;f__Streptococcaceae;g__Streptococcus;s__Streptococcus sp000187445	1316412.0
MG-Run35-Ech-6	GCF_002564555.1	25	10	0	13.435028842544401	0.0	d__Bacteria;p__Bacillota;c__Bacilli;o__Bacillales;f__Bacillaceae_G;g__Bacillus_A;s__Bacillus_A cereus_K	1396.0
MG-Run35-Ech-6	GCF_000190695.1	25	10	0	13.435028842544401	0.0	d__Bacteria;p__Pseudomonadota;c__Gammaproteobacteria;o__Burkholderiales;f__Neisseriaceae;g__Kingella_A;s__Kingella_A denitrificans	888741.0
MG-Run35-Ech-6	GCF_018252635.1	25	9	0	12.020815280171307	0.0	d__Bacteria;p__Pseudomonadota;c__Gammaproteobacteria;o__Enterobacterales;f__Enterobacteriaceae;g__Citrobacter_A;s__Citrobacter_A amalonaticus_E	35703.0
MG-Run35-Ech-6	GCF_001656295.1	25	9	2	4.110960958218893	0.000019700791362486925	d__Bacteria;p__Pseudomonadota;c__Gammaproteobacteria;o__Pseudomonadales;f__Moraxellaceae;g__Moraxella;s__Moraxella catarrhalis_C	480.0
MG-Run35-Ech-6	GCF_001560895.1	25	9	0	12.020815280171307	0.0	d__Bacteria;p__Bacillota;c__Bacilli;o__Lactobacillales;f__Streptococcaceae;g__Streptococcus;s__Streptococcus mitis_Q	28037.0
MG-Run35-Ech-6	GCA_018364485.1	25	9	0	12.020815280171307	0.0	d__Bacteria;p__Bacillota;c__Bacilli;o__Lactobacillales;f__Aerococcaceae;g__Granulicatella;s__Granulicatella adiacens_A	46124.0
MG-Run35-Ech-6	GCF_029433855.1	25	8	1	5.30722777603022	5.5652527919392014e-8	d__Bacteria;p__Pseudomonadota;c__Gammaproteobacteria;o__Enterobacterales;f__Enterobacteriaceae;g__Kosakonia;s__Kosakonia cowanii_A	208223.0
MG-Run35-Ech-6	GCA_905194895.1	25	8	0	10.606601717798211	0.0	d__Bacteria;p__Bacillota_C;c__Negativicutes;o__Veillonellales;f__Veillonellaceae;g__Veillonella;s__Veillonella fallax	39778.0
MG-Run35-Ech-6	GCF_022493055.1	25	8	1	5.30722777603022	5.5652527919392014e-8	d__Bacteria;p__Bacillota;c__Bacilli;o__Staphylococcales;f__Staphylococcaceae;g__Staphylococcus;s__Staphylococcus singaporensis	2742142.0
MG-Run35-Ech-6	GCF_014647715.1	25	8	17	-2.270934357735348	0.9884245240073768	d__Bacteria;p__Pseudomonadota;c__Gammaproteobacteria;o__Pseudomonadales;f__Moraxellaceae;g__Moraxella_A;s__Moraxella_A cinereus	1946462.0
MG-Run35-Ech-6	GCF_900106665.1	25	7	0	9.192388155425117	0.0	d__Bacteria;p__Pseudomonadota;c__Alphaproteobacteria;o__Rhodobacterales;f__Rhodobacteraceae;g__Paracoccus;s__Paracoccus sanguinis	1545044.0
MG-Run35-Ech-6	GCF_029024965.1	25	7	0	9.192388155425117	0.0	d__Bacteria;p__Bacillota;c__Bacilli;o__Staphylococcales;f__Staphylococcaceae;g__Staphylococcus;s__Staphylococcus equorum	246432.0
MG-Run35-Ech-6	GCF_900454835.1	25	7	0	9.192388155425117	0.0	d__Bacteria;p__Bacteroidota;c__Bacteroidia;o__Bacteroidales;f__Bacteroidaceae;g__Prevotella;s__Prevotella denticola	28129.0
MG-Run35-Ech-6	GCF_900200035.1	25	6	0	7.7781745930520225	3.6637359812630166e-15	d__Bacteria;p__Pseudomonadota;c__Gammaproteobacteria;o__Enterobacterales;f__Enterobacteriaceae;g__Klebsiella;s__Klebsiella grimontii	2058152.0
MG-Run35-Ech-6	GCF_002965065.1	25	5	3	0.8017837257372732	0.21133903708531765	d__Bacteria;p__Pseudomonadota;c__Gammaproteobacteria;o__Enterobacterales;f__Enterobacteriaceae;g__Escherichia;s__Escherichia sp002965065	2093900.0
MG-Run35-Ech-6	GCF_001654845.1	25	5	0	6.363961030678928	9.830802838450836e-11	d__Bacteria;p__Pseudomonadota;c__Gammaproteobacteria;o__Enterobacterales;f__Enterobacteriaceae;g__Enterobacter;s__Enterobacter soli	2976431.0
MG-Run35-Ech-6	GCF_002014765.1	25	5	4	0.23570226039551587	0.40683185788339593	d__Bacteria;p__Pseudomonadota;c__Gammaproteobacteria;o__Pseudomonadales;f__Moraxellaceae;g__Moraxella_C;s__Moraxella_C lincolnii	90241.0
MG-Run35-Ech-6	GCF_001075875.1	25	5	0	6.363961030678928	9.830802838450836e-11	d__Bacteria;p__Bacillota;c__Bacilli;o__Lactobacillales;f__Streptococcaceae;g__Streptococcus;s__Streptococcus oralis_I	1303.0
MG-Run35-Ech-6	GCF_026344175.1	25	4	15	-2.9210029210043813	0.9982554672190287	d__Bacteria;p__Pseudomonadota;c__Gammaproteobacteria;o__Pseudomonadales;f__Moraxellaceae;g__Acinetobacter;s__Acinetobacter nematophilus	2777946.0
MG-Run35-Ech-6	GCF_007990635.1	25	4	0	4.949747468305833	3.7154918619553e-7	d__Bacteria;p__Fusobacteriota;c__Fusobacteriia;o__Fusobacteriales;f__Leptotrichiaceae;g__Leptotrichia;s__Leptotrichia hongkongensis	554406.0
MG-Run35-Ech-6	GCF_008327825.1	25	4	0	4.949747468305833	3.7154918619553e-7	d__Bacteria;p__Fusobacteriota;c__Fusobacteriia;o__Fusobacteriales;f__Leptotrichiaceae;g__Leptotrichia;s__Leptotrichia shahii	157691.0
MG-Run35-Ech-6	GCF_000336555.1	25	4	0	4.949747468305833	3.7154918619553e-7	d__Bacteria;p__Pseudomonadota;c__Alphaproteobacteria;o__Rhizobiales;f__Xanthobacteraceae;g__Afipia;s__Afipia clevelandensis	709797.0
MG-Run35-Ech-6	GCF_003942795.1	25	4	0	4.949747468305833	3.7154918619553e-7	d__Bacteria;p__Bacillota;c__Bacilli;o__Lactobacillales;f__Streptococcaceae;g__Streptococcus;s__Streptococcus mitis_BJ	28037.0
MG-Run35-Ech-6	GCF_000832605.1	25	4	0	4.949747468305833	3.7154918619553e-7	d__Bacteria;p__Bacillota;c__Bacilli;o__Bacillales;f__Bacillaceae_G;g__Bacillus_A;s__Bacillus_A mycoides	1405.0
MG-Run35-Ech-6	GCF_002912215.1	25	4	0	4.949747468305833	3.7154918619553e-7	d__Bacteria;p__Bacillota;c__Bacilli;o__Bacillales;f__Bacillaceae_G;g__Bacillus_A;s__Bacillus_A bombysepticus	52024.0
MG-Run35-Ech-6	GCA_902506215.1	25	4	15	-2.9210029210043813	0.9982554672190287	d__Bacteria;p__Pseudomonadota;c__Gammaproteobacteria;o__Pseudomonadales;f__Moraxellaceae;g__Moraxella_A;s__Moraxella_A sp902506215	2653185.0
MG-Run35-Ech-6	GCF_001074155.1	25	4	0	4.949747468305833	3.7154918619553e-7	d__Bacteria;p__Bacillota;c__Bacilli;o__Lactobacillales;f__Streptococcaceae;g__Streptococcus;s__Streptococcus pseudopneumoniae_A	257758.0
MG-Run35-Ech-6	GCF_900460215.1	25	3	1	1.2247448713915892	0.11033568095992341	d__Bacteria;p__Pseudomonadota;c__Gammaproteobacteria;o__Cardiobacteriales;f__Cardiobacteriaceae;g__Suttonella;s__Suttonella indologenes	13276.0
MG-Run35-Ech-6	GCF_900458895.1	25	3	0	3.5355339059327373	0.00020347600872250293	d__Bacteria;p__Bacillota;c__Bacilli;o__Staphylococcales;f__Staphylococcaceae;g__Staphylococcus;s__Staphylococcus schleiferi	1295.0
MG-Run35-Ech-6	GCF_018127965.1	25	3	0	3.5355339059327373	0.00020347600872250293	d__Bacteria;p__Bacteroidota;c__Bacteroidia;o__Bacteroidales;f__Bacteroidaceae;g__Prevotella;s__Prevotella melaninogenica_B	28132.0
MG-Run35-Ech-6	GCF_003515945.1	25	3	107	-10.078874983361613	1.0	d__Bacteria;p__Actinomycetota;c__Actinomycetes;o__Actinomycetales;f__Dermatophilaceae;g__Dermacoccus;s__Dermacoccus abyssi	2762331.0
MG-Run35-Ech-6	GCF_006546835.1	25	3	0	3.5355339059327373	0.00020347600872250293	d__Bacteria;p__Actinomycetota;c__Actinomycetes;o__Actinomycetales;f__Actinomycetaceae;g__Actinomyces;s__Actinomyces johnsonii	1321818.0
MG-Run35-Ech-6	GCF_000377625.1	25	3	0	3.5355339059327373	0.00020347600872250293	d__Bacteria;p__Bacteroidota;c__Bacteroidia;o__Bacteroidales;f__Bacteroidaceae;g__Prevotella;s__Prevotella veroralis	649761.0
MG-Run35-Ech-6	GCF_014769185.1	25	3	0	3.5355339059327373	0.00020347600872250293	d__Bacteria;p__Pseudomonadota;c__Gammaproteobacteria;o__Pseudomonadales;f__Moraxellaceae;g__Acinetobacter;s__Acinetobacter lwoffii_D	28090.0
MG-Run35-Ech-6	GCF_019458035.1	25	3	0	3.5355339059327373	0.00020347600872250293	d__Bacteria;p__Bacillota;c__Bacilli;o__Lactobacillales;f__Streptococcaceae;g__Streptococcus;s__Streptococcus oralis_BP	1303.0
MG-Run35-Ech-6	GCF_001072925.1	25	3	0	3.5355339059327373	0.00020347600872250293	d__Bacteria;p__Bacillota;c__Bacilli;o__Lactobacillales;f__Streptococcaceae;g__Streptococcus;s__Streptococcus pseudopneumoniae_Q	257758.0
MG-Run35-Ech-6	GCA_002578045.1	25	3	0	3.5355339059327373	0.00020347600872250293	d__Bacteria;p__Bacillota;c__Bacilli;o__Bacillales;f__Bacillaceae_G;g__Bacillus_A;s__Bacillus_A cereus_AK	1396.0
MG-Run35-Ech-6	GCA_923184405.1	25	3	0	3.5355339059327373	0.00020347600872250293	d__Bacteria;p__Pseudomonadota;c__Gammaproteobacteria;o__Burkholderiales;f__Neisseriaceae;g__Neisseria;s__Neisseria meningitidis_C	487.0
MG-Run35-Ech-6	GCF_001455345.1	25	2	0	2.1213203435596424	0.01694742676234462	d__Bacteria;p__Bacillota;c__Bacilli;o__Bacillales;f__Bacillaceae_G;g__Bacillus_A;s__Bacillus_A thuringiensis_N	1396.0
MG-Run35-Ech-6	GCF_007673305.1	25	2	0	2.1213203435596424	0.01694742676234462	d__Bacteria;p__Bacillota;c__Bacilli;o__Bacillales;f__Bacillaceae_G;g__Bacillus_A;s__Bacillus_A mycoides_C	1396.0
MG-Run35-Ech-6	GCF_000526995.1	25	2	0	2.1213203435596424	0.01694742676234462	d__Bacteria;p__Bacillota_A;c__Clostridia;o__Lachnospirales;f__Lachnospiraceae;g__Lacrimispora;s__Lacrimispora indolis	1879010.0
MG-Run35-Ech-6	GCF_001636405.1	25	2	1	0.4082482904638631	0.34154569915480437	d__Bacteria;p__Bacillota;c__Bacilli;o__Bacillales_B;f__DSM-1321;g__Peribacillus;s__Peribacillus frigoritolerans	450367.0
MG-Run35-Ech-6	GCF_003688935.1	25	2	0	2.1213203435596424	0.01694742676234462	d__Bacteria;p__Actinomycetota;c__Actinomycetes;o__Mycobacteriales;f__Mycobacteriaceae;g__Corynebacterium;s__Corynebacterium macginleyi	38290.0
MG-Run35-Ech-6	GCF_002195995.1	25	2	0	2.1213203435596424	0.01694742676234462	d__Bacteria;p__Pseudomonadota;c__Alphaproteobacteria;o__DSM-16000;f__Inquilinaceae;g__Inquilinus;s__Inquilinus limosus_C	171674.0
MG-Run35-Ech-6	GCF_002902755.1	25	2	0	2.1213203435596424	0.01694742676234462	d__Bacteria;p__Bacillota;c__Bacilli;o__Staphylococcales;f__Staphylococcaceae;g__Mammaliicoccus;s__Mammaliicoccus lentus	2898665.0
MG-Run35-Ech-6	GCF_002177115.1	25	2	0	2.1213203435596424	0.01694742676234462	d__Bacteria;p__Bacteroidota;c__Bacteroidia;o__Flavobacteriales;f__Weeksellaceae;g__Chryseobacterium;s__Chryseobacterium mucoviscidosis	204089.0
MG-Run35-Ech-6	GCF_000236925.1	25	2	0	2.1213203435596424	0.01694742676234462	d__Bacteria;p__Bacillota;c__Bacilli;o__Staphylococcales;f__Staphylococcaceae;g__Staphylococcus;s__Staphylococcus argenteus	985002.0
MG-Run35-Ech-6	GCF_018966865.1	25	2	0	2.1213203435596424	0.01694742676234462	d__Bacteria;p__Bacillota;c__Bacilli;o__Bacillales;f__Bacillaceae_G;g__Bacillus_A;s__Bacillus_A sp018966865	1053206.0
MG-Run35-Ech-6	GCF_009496285.1	25	2	0	2.1213203435596424	0.01694742676234462	d__Bacteria;p__Bacillota;c__Bacilli;o__Lactobacillales;f__Streptococcaceae;g__Streptococcus;s__Streptococcus mitis_BP	28037.0
MG-Run35-Ech-6	GCF_013387485.1	25	2	19	-3.962969619506085	0.9999629883976993	d__Bacteria;p__Pseudomonadota;c__Gammaproteobacteria;o__Xanthomonadales;f__Xanthomonadaceae;g__Stenotrophomonas;s__Stenotrophomonas maltophilia_AA	2723077.0
MG-Run35-Ech-6	GCF_000194175.1	25	2	29	-5.063160398440779	0.9999997938186886	d__Bacteria;p__Pseudomonadota;c__Gammaproteobacteria;o__Enterobacterales;f__Enterobacteriaceae;g__Escherichia;s__Escherichia coli_F	562.0
MG-Run35-Ech-6	GCF_000816085.1	25	2	0	2.1213203435596424	0.01694742676234462	d__Bacteria;p__Bacillota;c__Bacilli;o__Staphylococcales;f__Staphylococcaceae;g__Staphylococcus;s__Staphylococcus hyicus	1284.0
MG-Run35-Ech-6	GCF_003667225.1	25	2	0	2.1213203435596424	0.01694742676234462	d__Bacteria;p__Actinomycetota;c__Actinomycetes;o__Actinomycetales;f__Micrococcaceae;g__Kocuria;s__Kocuria rhizophila	72000.0
MG-Run35-Ech-6	GCF_018127925.1	25	2	0	2.1213203435596424	0.01694742676234462	d__Bacteria;p__Bacteroidota;c__Bacteroidia;o__Bacteroidales;f__Bacteroidaceae;g__Prevotella;s__Prevotella melaninogenica_C	28132.0
MG-Run35-Ech-6	GCF_002014965.1	25	2	2	-0.31622776601683794	0.6240851829770754	d__Bacteria;p__Pseudomonadota;c__Gammaproteobacteria;o__Pseudomonadales;f__Moraxellaceae;g__Moraxella;s__Moraxella canis	90239.0
MG-Run35-Ech-6	GCF_002096845.1	25	2	0	2.1213203435596424	0.01694742676234462	d__Bacteria;p__Bacillota;c__Bacilli;o__Lactobacillales;f__Streptococcaceae;g__Streptococcus;s__Streptococcus mitis_A	28037.0
MG-Run35-Ech-6	GCF_001595725.1	25	2	0	2.1213203435596424	0.01694742676234462	d__Bacteria;p__Bacillota;c__Bacilli;o__Bacillales;f__Bacillaceae_G;g__Bacillus_A;s__Bacillus_A thuringiensis_K	2920310.0
MG-Run35-Ech-6	GCF_900453205.1	25	2	0	2.1213203435596424	0.01694742676234462	d__Bacteria;p__Pseudomonadota;c__Gammaproteobacteria;o__Pseudomonadales;f__Moraxellaceae;g__Moraxella;s__Moraxella lacunata_B	477.0
MG-Run35-Ech-6	GCF_000382385.1	25	1	0	0.7071067811865475	0.23975006109347674	d__Bacteria;p__Bacteroidota;c__Bacteroidia;o__Bacteroidales;f__Bacteroidaceae;g__Prevotella;s__Prevotella maculosa	1122986.0
MG-Run35-Ech-6	GCF_017498775.1	25	1	0	0.7071067811865475	0.23975006109347674	d__Bacteria;p__Bacillota;c__Bacilli;o__Bacillales;f__Bacillaceae_G;g__Bacillus_A;s__Bacillus_A arachidis	1761753.0
MG-Run35-Ech-6	GCF_009496165.1	25	1	0	0.7071067811865475	0.23975006109347674	d__Bacteria;p__Bacillota;c__Bacilli;o__Lactobacillales;f__Streptococcaceae;g__Streptococcus;s__Streptococcus mitis_BM	28037.0
MG-Run35-Ech-6	GCF_905175385.1	25	1	0	0.7071067811865475	0.23975006109347674	d__Bacteria;p__Pseudomonadota;c__Gammaproteobacteria;o__Enterobacterales;f__Vibrionaceae;g__Vibrio;s__Vibrio sp903986855	2751178.0
MG-Run35-Ech-6	GCF_009867135.1	25	1	5	-1.9188064472004938	0.9724955831853671	d__Bacteria;p__Pseudomonadota;c__Gammaproteobacteria;o__Pseudomonadales;f__Moraxellaceae;g__Moraxella_A;s__Moraxella_A sp002478835	1946455.0
MG-Run35-Ech-6	GCF_003286825.2	25	1	0	0.7071067811865475	0.23975006109347674	d__Bacteria;p__Bacillota;c__Bacilli;o__Lactobacillales;f__Aerococcaceae;g__Aerococcus;s__Aerococcus urinae_B	1376.0
MG-Run35-Ech-6	GCF_002567495.1	25	1	0	0.7071067811865475	0.23975006109347674	d__Bacteria;p__Bacillota;c__Bacilli;o__Bacillales;f__Bacillaceae_G;g__Bacillus_A;s__Bacillus_A cereus_AQ	1396.0
MG-Run35-Ech-6	GCF_902159415.1	25	1	0	0.7071067811865475	0.23975006109347674	d__Bacteria;p__Bacillota;c__Bacilli;o__Lactobacillales;f__Streptococcaceae;g__Streptococcus;s__Streptococcus mitis_BG	28037.0
MG-Run35-Ech-6	GCF_904846175.1	25	1	0	0.7071067811865475	0.23975006109347674	d__Bacteria;p__Pseudomonadota;c__Gammaproteobacteria;o__Pseudomonadales;f__Moraxellaceae;g__Psychrobacter;s__Psychrobacter immobilis_E	498.0
MG-Run35-Ech-6	GCF_000496285.1	25	1	0	0.7071067811865475	0.23975006109347674	d__Bacteria;p__Bacillota;c__Bacilli;o__Bacillales;f__Bacillaceae_G;g__Bacillus_A;s__Bacillus_A toyonensis	155322.0
MG-Run35-Ech-6	GCF_002584985.1	25	1	0	0.7071067811865475	0.23975006109347674	d__Bacteria;p__Bacillota;c__Bacilli;o__Bacillales;f__Bacillaceae_G;g__Bacillus_A;s__Bacillus_A sp002584985	1396.0
MG-Run35-Ech-6	GCF_002153395.1	25	1	0	0.7071067811865475	0.23975006109347674	d__Bacteria;p__Bacillota;c__Bacilli;o__Bacillales;f__Bacillaceae;g__Bacillus;s__Bacillus subtilis_G	72361.0
MG-Run35-Ech-6	GCF_025561425.1	25	1	1	-0.4082482904638631	0.6584543008451956	d__Bacteria;p__Bacillota;c__Bacilli;o__Staphylococcales;f__Staphylococcaceae;g__Mammaliicoccus;s__Mammaliicoccus sciuri_A	1296.0
MG-Run35-Ech-6	GCF_000257845.1	25	1	0	0.7071067811865475	0.23975006109347674	d__Bacteria;p__Bacillota;c__Bacilli;o__Lactobacillales;f__Streptococcaceae;g__Streptococcus;s__Streptococcus oralis_W	1303.0
MG-Run35-Ech-6	GCF_002220655.1	25	1	0	0.7071067811865475	0.23975006109347674	d__Bacteria;p__Pseudomonadota;c__Gammaproteobacteria;o__Enterobacterales;f__Enterobacteriaceae;g__Serratia;s__Serratia marcescens_K	615.0
MG-Run35-Ech-6	GCA_002211745.1	25	1	0	0.7071067811865475	0.23975006109347674	d__Bacteria;p__Pseudomonadota;c__Gammaproteobacteria;o__Enterobacterales;f__Enterobacteriaceae;g__Kluyvera;s__Kluyvera georgiana_A	2873269.0
MG-Run35-Ech-6	GCA_905221285.1	25	1	0	0.7071067811865475	0.23975006109347674	d__Bacteria;p__Bacillota;c__Bacilli;o__Lactobacillales;f__Streptococcaceae;g__Streptococcus;s__Streptococcus sp905221285	28037.0
MG-Run35-Ech-6	GCA_002929465.1	25	1	0	0.7071067811865475	0.23975006109347674	d__Bacteria;p__Actinomycetota;c__Actinomycetes;o__Actinomycetales;f__Micrococcaceae;g__Arthrobacter;s__Arthrobacter scleromae	158897.0
MG-Run35-Ech-6	GCF_900639915.1	25	1	0	0.7071067811865475	0.23975006109347674	d__Bacteria;p__Pseudomonadota;c__Gammaproteobacteria;o__Legionellales;f__Legionellaceae;g__Legionella_A;s__Legionella_A nagasakiensis	535290.0
MG-Run35-Ech-6	GCF_000204565.1	25	1	0	0.7071067811865475	0.23975006109347674	d__Bacteria;p__Bacillota_A;c__Clostridia;o__Clostridiales;f__Clostridiaceae;g__Clostridium_H;s__Clostridium_H botulinum_B	1573940.0
MG-Run35-Ech-6	GCF_026659735.1	25	1	0	0.7071067811865475	0.23975006109347674	d__Bacteria;p__Bacillota;c__Bacilli;o__Staphylococcales;f__Staphylococcaceae;g__Staphylococcus;s__Staphylococcus sp943908435	170573.0
MG-Run35-Ech-6	GCF_001747895.1	25	1	0	0.7071067811865475	0.23975006109347674	d__Bacteria;p__Bacillota;c__Bacilli;o__Staphylococcales;f__Staphylococcaceae;g__Staphylococcus;s__Staphylococcus equorum_A	246432.0
MG-Run35-Ech-6	GCF_008180445.1	25	1	0	0.7071067811865475	0.23975006109347674	d__Bacteria;p__Bacillota;c__Bacilli;o__Bacillales_B;f__DSM-18226;g__Bacillus_AB;s__Bacillus_AB infantis_B	157472.0
MG-Run35-Ech-6	GCF_005844455.1	25	1	0	0.7071067811865475	0.23975006109347674	d__Bacteria;p__Bacillota;c__Bacilli;o__Lactobacillales;f__Streptococcaceae;g__Streptococcus;s__Streptococcus mitis_BF	2866596.0
MG-Run35-Ech-6	GCF_000817815.1	25	1	0	0.7071067811865475	0.23975006109347674	d__Bacteria;p__Pseudomonadota;c__Gammaproteobacteria;o__Enterobacterales;f__Vibrionaceae;g__Vibrio;s__Vibrio owensii	696485.0
MG-Run35-Ech-6	GCF_001073085.1	25	1	0	0.7071067811865475	0.23975006109347674	d__Bacteria;p__Bacillota;c__Bacilli;o__Lactobacillales;f__Streptococcaceae;g__Streptococcus;s__Streptococcus pseudopneumoniae_M	257758.0
MG-Run35-Ech-6	GCF_019929365.1	25	1	0	0.7071067811865475	0.23975006109347674	d__Bacteria;p__Bacillota;c__Bacilli;o__Lactobacillales;f__Streptococcaceae;g__Streptococcus;s__Streptococcus oralis_BT	1303.0
MG-Run35-Ech-6	GCF_000739895.2	25	1	0	0.7071067811865475	0.23975006109347674	d__Bacteria;p__Pseudomonadota;c__Alphaproteobacteria;o__Sphingomonadales;f__Sphingomonadaceae;g__Sphingomonas;s__Sphingomonas paucimobilis	1007104.0
MG-Run35-Ech-6	GCF_002901845.1	25	1	0	0.7071067811865475	0.23975006109347674	d__Bacteria;p__Bacillota;c__Bacilli;o__Staphylococcales;f__Staphylococcaceae;g__Staphylococcus;s__Staphylococcus hominis	1290.0
MG-Run35-Ech-6	GCA_000371845.1	25	1	0	0.7071067811865475	0.23975006109347674	d__Bacteria;p__Pseudomonadota;c__Alphaproteobacteria;o__Pelagibacterales;f__Pelagibacteraceae;g__Fonsibacter;s__Fonsibacter sp000371845	1685.0
MG-Run35-Ech-6	GCF_014467075.1	25	1	0	0.7071067811865475	0.23975006109347674	d__Bacteria;p__Bacillota_A;c__Clostridia;o__Lachnospirales;f__Lachnospiraceae;g__Anaerostipes;s__Anaerostipes caccae	105841.0
MG-Run35-Ech-6	GCA_022811845.1	25	1	0	0.7071067811865475	0.23975006109347674	d__Bacteria;p__Bacillota;c__Bacilli;o__Bacillales;f__Bacillaceae_G;g__Bacillus_A;s__Bacillus_A cereus_AV	1396.0
MG-Run35-Ech-6	GCF_014268935.2	25	1	0	0.7071067811865475	0.23975006109347674	d__Bacteria;p__Pseudomonadota;c__Gammaproteobacteria;o__Pseudomonadales;f__Pseudomonadaceae;g__Pseudomonas_E;s__Pseudomonas_E peradeniyensis	1478142.0
MG-Run35-Ech-6	GCF_021278985.1	25	1	2	-0.9486832980505138	0.8286091444260443	d__Bacteria;p__Pseudomonadota;c__Gammaproteobacteria;o__Enterobacterales;f__Enterobacteriaceae;g__Citrobacter_A;s__Citrobacter_A rodentium	1218085.0
MG-Run35-Ech-6	GCF_009183365.2	25	1	1	-0.4082482904638631	0.6584543008451956	d__Bacteria;p__Pseudomonadota;c__Gammaproteobacteria;o__Enterobacterales;f__Shewanellaceae;g__Shewanella;s__Shewanella algae	38313.0
MG-Run35-Ech-6	GCF_000147675.1	25	1	0	0.7071067811865475	0.23975006109347674	d__Bacteria;p__Bacillota_A;c__Clostridia;o__Peptostreptococcales;f__Peptostreptococcaceae;g__Peptostreptococcus;s__Peptostreptococcus stomatis	169971.0
MG-Run35-Ech-6	GCF_014131695.1	25	1	0	0.7071067811865475	0.23975006109347674	d__Bacteria;p__Bacillota_I;c__Bacilli_A;o__Erysipelotrichales;f__Coprobacillaceae;g__Thomasclavelia;s__Thomasclavelia ramosa	469597.0
MG-Run35-Ech-6	GCF_002014985.1	25	1	0	0.7071067811865475	0.23975006109347674	d__Bacteria;p__Pseudomonadota;c__Gammaproteobacteria;o__Pseudomonadales;f__Moraxellaceae;g__Moraxella;s__Moraxella caviae	34060.0
MG-Run35-Ech-6	GCF_000019705.1	25	1	0	0.7071067811865475	0.23975006109347674	d__Bacteria;p__Spirochaetota;c__Spirochaetia;o__Borreliales;f__Borreliaceae;g__Borrelia;s__Borrelia recurrentis	412419.0
MG-Run35-Ech-6	GCF_002901995.1	25	1	0	0.7071067811865475	0.23975006109347674	d__Bacteria;p__Bacillota;c__Bacilli;o__Staphylococcales;f__Staphylococcaceae;g__Staphylococcus;s__Staphylococcus coagulans	74706.0
MG-Run35-Ech-6	GCF_903819165.1	25	1	0	0.7071067811865475	0.23975006109347674	d__Bacteria;p__Bacillota_A;c__Clostridia;o__Tissierellales;f__Peptoniphilaceae;g__Aedoeadaptatus;s__Aedoeadaptatus nemausensis	2582829.0
MG-Run35-Ech-6	GCF_008692845.1	25	1	7	-2.37346441585572	0.9911889545188377	d__Bacteria;p__Pseudomonadota;c__Gammaproteobacteria;o__Enterobacterales;f__Enterobacteriaceae;g__Salmonella;s__Salmonella arizonae	1395119.0
MG-Run35-Ech-6	GCF_003046315.1	25	1	0	0.7071067811865475	0.23975006109347674	d__Bacteria;p__Bacillota;c__Bacilli;o__Thermoactinomycetales;f__DSM-45169;g__Desmospora;s__Desmospora activa	1121389.0
MG-Run35-Ech-6	GCF_001267175.1	25	1	1	-0.4082482904638631	0.6584543008451956	d__Bacteria;p__Pseudomonadota;c__Gammaproteobacteria;o__Pseudomonadales;f__Pseudomonadaceae;g__Thiopseudomonas;s__Thiopseudomonas alkaliphila	1697053.0
MG-Run35-Ech-6	GCF_904846285.1	25	1	0	0.7071067811865475	0.23975006109347674	d__Bacteria;p__Pseudomonadota;c__Gammaproteobacteria;o__Pseudomonadales;f__Moraxellaceae;g__Psychrobacter;s__Psychrobacter immobilis_D	498.0
MG-Run35-Ech-6	GCA_018365265.1	25	1	0	0.7071067811865475	0.23975006109347674	d__Bacteria;p__Bacillota;c__Bacilli;o__Lactobacillales;f__Streptococcaceae;g__Streptococcus;s__Streptococcus parasanguinis_G	1318.0
MG-Run35-Ech-6	GCA_011077955.1	25	1	0	0.7071067811865475	0.23975006109347674	d__Bacteria;p__Pseudomonadota;c__Gammaproteobacteria;o__Enterobacterales;f__Enterobacteriaceae;g__Atlantibacter;s__Atlantibacter sp002358165	1951679.0
MG-Run35-Ech-6	GCF_000293885.2	25	1	0	0.7071067811865475	0.23975006109347674	d__Bacteria;p__Pseudomonadota;c__Gammaproteobacteria;o__Pseudomonadales;f__Pseudomonadaceae;g__Pseudomonas_E;s__Pseudomonas_E fluorescens_B	1221522.0
MG-Run35-Ech-6	GCF_030503735.1	25	1	0	0.7071067811865475	0.23975006109347674	d__Bacteria;p__Actinomycetota;c__Actinomycetes;o__Mycobacteriales;f__Mycobacteriaceae;g__Corynebacterium;s__Corynebacterium sp025144025	2916102.0
MG-Run35-Ech-6	GCF_000021305.1	25	1	0	0.7071067811865475	0.23975006109347674	d__Bacteria;p__Bacillota;c__Bacilli;o__Bacillales;f__Bacillaceae_G;g__Bacillus_A;s__Bacillus_A thuringiensis_S	1428.0
MG-Run35-Ech-6	GCF_018742245.1	25	1	0	0.7071067811865475	0.23975006109347674	d__Bacteria;p__Bacillota;c__Bacilli;o__Bacillales;f__Bacillaceae_G;g__Bacillus_A;s__Bacillus_A cereus_U	1405.0
MG-Run35-Ech-6	GCF_000314735.2	25	1	0	0.7071067811865475	0.23975006109347674	d__Bacteria;p__Pseudomonadota;c__Alphaproteobacteria;o__Rhizobiales;f__Xanthobacteraceae;g__Afipia;s__Afipia felis	1035.0
MG-Run35-Ech-6	GCA_016925055.1	25	1	0	0.7071067811865475	0.23975006109347674	d__Bacteria;p__Bacillota;c__Bacilli;o__Bacillales;f__Bacillaceae_G;g__Bacillus_A;s__Bacillus_A pacificus	2026187.0
MG-Run35-Ech-6	GCF_000218235.1	25	1	0	0.7071067811865475	0.23975006109347674	d__Bacteria;p__Bacteroidota;c__Bacteroidia;o__Bacteroidales;f__Bacteroidaceae;g__Prevotella;s__Prevotella multisaccharivorax	688246.0
MG-Run35-Ech-6	GCF_003943735.1	25	1	0	0.7071067811865475	0.23975006109347674	d__Bacteria;p__Bacillota;c__Bacilli;o__Lactobacillales;f__Streptococcaceae;g__Streptococcus;s__Streptococcus sanguinis_E	1305.0
MG-Run35-Ech-6	GCF_000739375.1	25	1	0	0.7071067811865475	0.23975006109347674	d__Bacteria;p__Pseudomonadota;c__Gammaproteobacteria;o__Burkholderiales;f__Burkholderiaceae;g__Comamonas;s__Comamonas testosteroni_B	1339241.0
MG-Run35-Ech-6	GCF_000191065.1	25	1	0	0.7071067811865475	0.23975006109347674	d__Bacteria;p__Bacteroidota;c__Bacteroidia;o__Bacteroidales;f__Bacteroidaceae;g__Prevotella;s__Prevotella multiformis	282402.0
MG-Run35-Ech-6	GCF_019929545.1	25	1	0	0.7071067811865475	0.23975006109347674	d__Bacteria;p__Bacillota;c__Bacilli;o__Lactobacillales;f__Streptococcaceae;g__Streptococcus;s__Streptococcus mitis_BU	28037.0
MG-Run35-Ech-6	GCF_000016325.1	25	1	0	0.7071067811865475	0.23975006109347674	d__Bacteria;p__Pseudomonadota;c__Gammaproteobacteria;o__Enterobacterales;f__Enterobacteriaceae;g__Lelliottia;s__Lelliottia sp000016325	399742.0
MG-Run35-Ech-6	GCF_000740775.1	25	1	2	-0.9486832980505138	0.8286091444260443	d__Bacteria;p__Pseudomonadota;c__Alphaproteobacteria;o__Rhodobacterales;f__Rhodobacteraceae;g__Haematobacter;s__Haematobacter missouriensis	366616.0
MG-Run35-Ech-6	GCF_003030305.1	25	1	0	0.7071067811865475	0.23975006109347674	d__Bacteria;p__Actinomycetota;c__Actinomycetes;o__Propionibacteriales;f__Propionibacteriaceae;g__Cutibacterium;s__Cutibacterium acnes	765068.0
MG-Run35-Ech-6	GCF_001679005.1	25	1	0	0.7071067811865475	0.23975006109347674	d__Bacteria;p__Pseudomonadota;c__Gammaproteobacteria;o__Pseudomonadales;f__Moraxellaceae;g__Moraxella;s__Moraxella nonliquefaciens	478.0
MG-Run35-Ech-6	GCF_003970495.1	25	1	0	0.7071067811865475	0.23975006109347674	d__Bacteria;p__Bacillota;c__Bacilli;o__Staphylococcales;f__Staphylococcaceae;g__Staphylococcus;s__Staphylococcus pasteuri	2653174.0
MG-Run35-Ech-6	GCF_002902725.1	25	1	0	0.7071067811865475	0.23975006109347674	d__Bacteria;p__Bacillota;c__Bacilli;o__Staphylococcales;f__Staphylococcaceae;g__Staphylococcus;s__Staphylococcus caprae	29380.0
MG-Run35-Ech-6	GCF_002902685.1	25	1	0	0.7071067811865475	0.23975006109347674	d__Bacteria;p__Bacillota;c__Bacilli;o__Staphylococcales;f__Staphylococcaceae;g__Staphylococcus;s__Staphylococcus pettenkoferi	1739306.0
MG-Run35-Ech-6	GCF_000023205.1	25	1	0	0.7071067811865475	0.23975006109347674	d__Bacteria;p__Actinomycetota;c__Actinomycetes;o__Actinomycetales;f__Micrococcaceae;g__Micrococcus;s__Micrococcus luteus	1270.0
MG-Run35-Ech-6	GCF_005876855.1	25	1	1	-0.4082482904638631	0.6584543008451956	d__Bacteria;p__Pseudomonadota;c__Gammaproteobacteria;o__Pseudomonadales;f__Pseudomonadaceae;g__Stutzerimonas;s__Stutzerimonas nosocomialis	2717292.0
MG-Run35-Ech-6	GCF_900453105.1	25	1	0	0.7071067811865475	0.23975006109347674	d__Bacteria;p__Pseudomonadota;c__Gammaproteobacteria;o__Pseudomonadales;f__Moraxellaceae;g__Moraxella;s__Moraxella ovis	29433.0
MG-Run35-Ech-6	GCF_012271765.1	25	1	1	-0.4082482904638631	0.6584543008451956	d__Bacteria;p__Pseudomonadota;c__Gammaproteobacteria;o__Enterobacterales;f__Enterobacteriaceae;g__Erwinia;s__Erwinia rhapontici	55212.0
MG-Run35-Ech-6	GCF_001989995.2	25	1	0	0.7071067811865475	0.23975006109347674	d__Bacteria;p__Pseudomonadota;c__Gammaproteobacteria;o__Enterobacterales;f__Vibrionaceae;g__Vibrio;s__Vibrio anguillarum	55601.0
MG-Run35-Ech-6	GCF_002836505.1	25	1	0	0.7071067811865475	0.23975006109347674	d__Bacteria;p__Pseudomonadota;c__Gammaproteobacteria;o__Pseudomonadales;f__Moraxellaceae;g__Psychrobacter;s__Psychrobacter sp002836505	2555884.0
MG-Run35-Ech-6	GCF_000407565.1	25	1	0	0.7071067811865475	0.23975006109347674	d__Bacteria;p__Bacillota;c__Bacilli;o__Lactobacillales;f__Enterococcaceae;g__Enterococcus_E;s__Enterococcus_E cecorum	44008.0
MG-Run35-Ech-6	GCF_025917685.1	25	1	0	0.7071067811865475	0.23975006109347674	d__Bacteria;p__Bacillota;c__Bacilli;o__Bacillales;f__Bacillaceae_G;g__Bacillus_A;s__Bacillus_A cereus_AT	1396.0
MG-Run35-Ech-6	GCF_019929345.1	25	1	0	0.7071067811865475	0.23975006109347674	d__Bacteria;p__Bacillota;c__Bacilli;o__Lactobacillales;f__Streptococcaceae;g__Streptococcus;s__Streptococcus sp015256435	1306.0
MG-Run35-Ech-6	GCF_904846685.1	25	1	0	0.7071067811865475	0.23975006109347674	d__Bacteria;p__Pseudomonadota;c__Gammaproteobacteria;o__Pseudomonadales;f__Moraxellaceae;g__Psychrobacter;s__Psychrobacter sp000511655	259303.0
MG-Run35-Ech-6	GCF_004569505.1	25	1	0	0.7071067811865475	0.23975006109347674	d__Bacteria;p__Bacteroidota;c__Bacteroidia;o__Bacteroidales;f__Dysgonomonadaceae;g__Dysgonomonas;s__Dysgonomonas sp900079735	1891233.0
MG-Run35-Ech-6	GCF_001722485.1	25	1	1	-0.4082482904638631	0.6584543008451956	d__Bacteria;p__Actinomycetota;c__Actinomycetes;o__Actinomycetales;f__Cellulomonadaceae;g__Cellulosimicrobium;s__Cellulosimicrobium cellulans_A	1710.0
MG-Run35-Ech-6	GCF_000411375.1	25	1	0	0.7071067811865475	0.23975006109347674	d__Bacteria;p__Actinomycetota;c__Actinomycetes;o__Mycobacteriales;f__Mycobacteriaceae;g__Corynebacterium;s__Corynebacterium pyruviciproducens	598660.0
MG-Run35-Ech-6	GCF_004792415.1	25	1	0	0.7071067811865475	0.23975006109347674	d__Bacteria;p__Pseudomonadota;c__Gammaproteobacteria;o__Enterobacterales;f__Enterobacteriaceae;g__Pantoea;s__Pantoea vagans	470934.0
MG-Run35-Ech-6	GCF_000262245.1	25	1	6	-2.1572774865200244	0.9845079749507717	d__Bacteria;p__Pseudomonadota;c__Gammaproteobacteria;o__Enterobacterales;f__Pasteurellaceae;g__Basfia;s__Basfia bettyae	1095749.0
MG-Run35-Ech-6	GCA_021300495.1	25	1	0	0.7071067811865475	0.23975006109347674	d__Bacteria;p__Pseudomonadota;c__Gammaproteobacteria;o__Burkholderiales;f__Burkholderiaceae;g__Limnohabitans_A;s__Limnohabitans_A sp021300495	519.0
MG-Run35-Ech-6	GCF_900087055.1	25	1	1	-0.4082482904638631	0.6584543008451956	d__Bacteria;p__Pseudomonadota;c__Gammaproteobacteria;o__Enterobacterales;f__Enterobacteriaceae;g__Plesiomonas;s__Plesiomonas shigelloides	703.0
MG-Run35-Ech-6	GCF_003594935.2	25	1	0	0.7071067811865475	0.23975006109347674	d__Bacteria;p__Pseudomonadota;c__Gammaproteobacteria;o__Enterobacterales;f__Enterobacteriaceae;g__Enterobacter;s__Enterobacter huaxiensis	2494702.0
MG-Run35-Ech-6	GCF_022631235.2	25	1	1	-0.4082482904638631	0.6584543008451956	d__Bacteria;p__Pseudomonadota;c__Gammaproteobacteria;o__Pseudomonadales;f__Moraxellaceae;g__Psychrobacter;s__Psychrobacter sanguinis_A	1569265.0
MG-Run35-Ech-6	GCF_018128065.1	25	1	0	0.7071067811865475	0.23975006109347674	d__Bacteria;p__Bacteroidota;c__Bacteroidia;o__Bacteroidales;f__Bacteroidaceae;g__Prevotella;s__Prevotella sp000467895	28132.0
MG-Run35-Ech-6	GCA_015356505.1	25	1	0	0.7071067811865475	0.23975006109347674	d__Bacteria;p__Pseudomonadota;c__Gammaproteobacteria;o__Enterobacterales;f__Enterobacteriaceae;g__Morganella;s__Morganella morganii_E	582.0
MG-Run35-Ech-6	GCF_900240295.1	25	1	0	0.7071067811865475	0.23975006109347674	d__Bacteria;p__Bacillota_C;c__Negativicutes;o__Veillonellales;f__Megasphaeraceae;g__Anaeroglobus;s__Anaeroglobus vaginalis	2045301.0
MG-Run35-Ech-6	GCF_001650315.1	25	1	0	0.7071067811865475	0.23975006109347674	d__Bacteria;p__Bacillota;c__Bacilli;o__Lactobacillales;f__Streptococcaceae;g__Streptococcus;s__Streptococcus sp001650315	2828286.0
MG-Run35-Ech-6	GCF_000724605.1	25	1	0	0.7071067811865475	0.23975006109347674	d__Bacteria;p__Actinomycetota;c__Actinomycetes;o__Actinomycetales;f__Actinomycetaceae;g__Actinotignum;s__Actinotignum schaalii	1120932.0
MG-Run35-Ech-6	GCF_004124315.2	25	1	0	0.7071067811865475	0.23975006109347674	d__Bacteria;p__Bacillota;c__Bacilli;o__Bacillales;f__Bacillaceae;g__Bacillus;s__Bacillus cabrialesii	1423.0
MG-Run35-Ech-6	GCF_000742895.1	25	1	0	0.7071067811865475	0.23975006109347674	d__Bacteria;p__Bacillota;c__Bacilli;o__Bacillales;f__Bacillaceae_G;g__Bacillus_A;s__Bacillus_A anthracis	1396.0
MG-Run35-Ech-6	GCF_014839385.1	25	1	3	-1.3363062095621219	0.9092753961392899	d__Bacteria;p__Pseudomonadota;c__Gammaproteobacteria;o__Pseudomonadales;f__Pseudomonadaceae;g__Pseudomonas_E;s__Pseudomonas_E fluorescens_CB	294.0
MG-Run35-Ech-6	GCF_016027715.1	25	1	0	0.7071067811865475	0.23975006109347674	d__Bacteria;p__Bacillota;c__Bacilli;o__Lactobacillales;f__Streptococcaceae;g__Lactococcus;s__Lactococcus garvieae_A	1363.0
MG-Run35-Ech-6	GCF_938018165.1	25	1	0	0.7071067811865475	0.23975006109347674	d__Bacteria;p__Bacteroidota;c__Bacteroidia;o__Flavobacteriales;f__Flavobacteriaceae;g__Capnocytophaga;s__Capnocytophaga leadbetteri_A	327575.0
MG-Run35-Ech-7	GCF_003942765.1	25	3016	0	4264.560997336068	0.0	d__Bacteria;p__Bacillota;c__Bacilli;o__Lactobacillales;f__Streptococcaceae;g__Streptococcus;s__Streptococcus mitis_BE	28037.0
MG-Run35-Ech-7	GCF_000469305.1	25	1811	0	2560.4336546764885	0.0	d__Bacteria;p__Bacillota_I;c__Bacilli_A;o__Erysipelotrichales;f__Erysipelotrichaceae;g__Faecalitalea;s__Faecalitalea cylindroides	39483.0
MG-Run35-Ech-7	GCF_002014765.1	25	1798	4	845.4640080387154	0.0	d__Bacteria;p__Pseudomonadota;c__Gammaproteobacteria;o__Pseudomonadales;f__Moraxellaceae;g__Moraxella_C;s__Moraxella_C lincolnii	90241.0
MG-Run35-Ech-7	GCF_000820085.1	25	867	0	1225.4160517962869	0.0	d__Bacteria;p__Pseudomonadota;c__Gammaproteobacteria;o__Enterobacterales;f__Aeromonadaceae;g__Aeromonas;s__Aeromonas sanarellii	2778058.0
MG-Run35-Ech-7	GCF_001632285.1	25	862	1	702.5953078883083	0.0	d__Bacteria;p__Pseudomonadota;c__Gammaproteobacteria;o__Pseudomonadales;f__Moraxellaceae;g__Moraxella;s__Moraxella catarrhalis	480.0
MG-Run35-Ech-7	GCF_000375525.1	25	478	0	675.2869760331529	0.0	d__Bacteria;p__Actinomycetota;c__Actinomycetes;o__Mycobacteriales;f__Mycobacteriaceae;g__Corynebacterium;s__Corynebacterium propinquum	43769.0
MG-Run35-Ech-7	GCF_002238115.1	25	438	0	618.7184335382291	0.0	d__Bacteria;p__Bacillota;c__Bacilli;o__Lactobacillales;f__Streptococcaceae;g__Streptococcus;s__Streptococcus sp002238115	257758.0
MG-Run35-Ech-7	GCF_003943825.1	25	332	0	468.811795926681	0.0	d__Bacteria;p__Bacillota;c__Bacilli;o__Lactobacillales;f__Streptococcaceae;g__Streptococcus;s__Streptococcus oralis_CD	1303.0
MG-Run35-Ech-7	GCF_000245815.1	25	331	0	467.3975823643079	0.0	d__Bacteria;p__Bacillota;c__Bacilli;o__Lactobacillales;f__Carnobacteriaceae;g__Dolosigranulum;s__Dolosigranulum pigrum	29394.0
MG-Run35-Ech-7	GCF_015477355.1	25	275	0	388.20162287141454	0.0	d__Bacteria;p__Actinomycetota;c__Actinomycetes;o__Mycobacteriales;f__Mycobacteriaceae;g__Nocardia;s__Nocardia blacklockiae	480036.0
MG-Run35-Ech-7	GCF_003943815.1	25	259	0	365.57420587344507	0.0	d__Bacteria;p__Bacillota;c__Bacilli;o__Lactobacillales;f__Streptococcaceae;g__Streptococcus;s__Streptococcus cristatus_F	45634.0
MG-Run35-Ech-7	GCF_000368145.1	25	252	954	-22.738319378328388	1.0	d__Bacteria;p__Pseudomonadota;c__Gammaproteobacteria;o__Pseudomonadales;f__Moraxellaceae;g__Acinetobacter;s__Acinetobacter guillouiae	2929509.0
MG-Run35-Ech-7	GCA_022631215.1	25	194	0	273.6503243191939	0.0	d__Bacteria;p__Pseudomonadota;c__Gammaproteobacteria;o__Burkholderiales;f__Burkholderiaceae;g__Ralstonia;s__Ralstonia sp001078575	190721.0
MG-Run35-Ech-7	GCF_003991585.1	25	191	0	269.40768363207457	0.0	d__Bacteria;p__Pseudomonadota;c__Gammaproteobacteria;o__Burkholderiales;f__Burkholderiaceae;g__Saezia;s__Saezia sanguinis	1965230.0
MG-Run35-Ech-7	GCF_000688415.1	25	186	0	262.3366158202091	0.0	d__Bacteria;p__Actinomycetota;c__Actinomycetes;o__Mycobacteriales;f__Mycobacteriaceae;g__Corynebacterium;s__Corynebacterium pseudodiphtheriticum	37637.0
MG-Run35-Ech-7	GCF_902825235.1	25	175	0	246.78026663410506	0.0	d__Bacteria;p__Pseudomonadota;c__Alphaproteobacteria;o__Rhizobiales;f__Rhizobiaceae;g__Bartonella;s__Bartonella vinsonii	33047.0
MG-Run35-Ech-7	GCF_010858045.1	25	111	0	156.270598642227	0.0	d__Bacteria;p__Actinomycetota;c__Actinomycetes;o__Mycobacteriales;f__Mycobacteriaceae;g__Nocardia;s__Nocardia cyriacigeorgica_E	135487.0
MG-Run35-Ech-7	GCF_002561295.1	25	58	0	81.31727983645295	0.0	d__Bacteria;p__Bacillota;c__Bacilli;o__Bacillales;f__Bacillaceae_G;g__Bacillus_A;s__Bacillus_A cereus_S	1396.0
MG-Run35-Ech-7	GCF_001457655.1	25	50	0	70.0035713374682	0.0	d__Bacteria;p__Pseudomonadota;c__Gammaproteobacteria;o__Enterobacterales;f__Pasteurellaceae;g__Haemophilus;s__Haemophilus influenzae	727.0
MG-Run35-Ech-7	GCF_019703545.1	25	49	0	68.58935777509511	0.0	d__Bacteria;p__Pseudomonadota;c__Gammaproteobacteria;o__Enterobacterales;f__Pasteurellaceae;g__Haemophilus;s__Haemophilus influenzae_E	727.0
MG-Run35-Ech-7	GCF_009932725.1	25	46	0	64.34671708797582	0.0	d__Bacteria;p__Pseudomonadota;c__Gammaproteobacteria;o__Pseudomonadales;f__Pseudomonadaceae;g__Pseudomonas_E;s__Pseudomonas_E yangonensis	2579922.0
MG-Run35-Ech-7	GCF_002984305.1	25	34	0	47.37615433949868	0.0	d__Bacteria;p__Pseudomonadota;c__Gammaproteobacteria;o__Enterobacterales;f__Pasteurellaceae;g__Haemophilus;s__Haemophilus influenzae_H	727.0
MG-Run35-Ech-7	GCF_003970865.1	25	26	1	20.00416623272929	0.0	d__Bacteria;p__Pseudomonadota;c__Gammaproteobacteria;o__Xanthomonadales;f__Xanthomonadaceae;g__Stenotrophomonas;s__Stenotrophomonas maltophilia_AR	40324.0
MG-Run35-Ech-7	GCF_900475755.1	25	25	0	34.648232278140824	0.0	d__Bacteria;p__Pseudomonadota;c__Gammaproteobacteria;o__Enterobacterales;f__Pasteurellaceae;g__Haemophilus;s__Haemophilus influenzae_D	727.0
MG-Run35-Ech-7	GCA_010604095.1	25	18	0	24.74873734152916	0.0	d__Bacteria;p__Bacillota;c__Bacilli;o__Lactobacillales;f__Streptococcaceae;g__Streptococcus;s__Streptococcus sp000187445	1316412.0
MG-Run35-Ech-7	GCF_014647715.1	25	15	17	-0.5976143046671968	0.7249513413848016	d__Bacteria;p__Pseudomonadota;c__Gammaproteobacteria;o__Pseudomonadales;f__Moraxellaceae;g__Moraxella_A;s__Moraxella_A cinereus	1946462.0
MG-Run35-Ech-7	GCF_900460215.1	25	12	1	8.573214099741124	0.0	d__Bacteria;p__Pseudomonadota;c__Gammaproteobacteria;o__Cardiobacteriales;f__Cardiobacteriaceae;g__Suttonella;s__Suttonella indologenes	13276.0
MG-Run35-Ech-7	GCF_010868145.1	25	12	0	16.263455967290593	0.0	d__Bacteria;p__Actinomycetota;c__Actinomycetes;o__Mycobacteriales;f__Mycobacteriaceae;g__Nocardia;s__Nocardia cyriacigeorgica_D	135487.0
MG-Run35-Ech-7	GCF_003493605.1	25	12	0	16.263455967290593	0.0	d__Bacteria;p__Pseudomonadota;c__Gammaproteobacteria;o__Enterobacterales;f__Pasteurellaceae;g__Haemophilus;s__Haemophilus haemolyticus_J	726.0
MG-Run35-Ech-7	GCF_014838735.1	25	10	0	13.435028842544401	0.0	d__Bacteria;p__Bacillota;c__Bacilli;o__Lactobacillales;f__Lactobacillaceae;g__Limosilactobacillus;s__Limosilactobacillus portuensis	2742601.0
MG-Run35-Ech-7	GCF_006742205.1	25	10	0	13.435028842544401	0.0	d__Bacteria;p__Bacillota;c__Bacilli;o__Staphylococcales;f__Staphylococcaceae;g__Staphylococcus;s__Staphylococcus epidermidis	1282.0
MG-Run35-Ech-7	GCF_904848165.1	25	9	0	12.020815280171307	0.0	d__Bacteria;p__Pseudomonadota;c__Gammaproteobacteria;o__Pseudomonadales;f__Moraxellaceae;g__Psychrobacter;s__Psychrobacter arenosus	256326.0
MG-Run35-Ech-7	GCF_003352385.1	25	9	0	12.020815280171307	0.0	d__Bacteria;p__Pseudomonadota;c__Gammaproteobacteria;o__Enterobacterales;f__Pasteurellaceae;g__Haemophilus;s__Haemophilus haemolyticus_I	726.0
MG-Run35-Ech-7	GCF_001276515.1	25	8	0	10.606601717798211	0.0	d__Bacteria;p__Pseudomonadota;c__Gammaproteobacteria;o__Enterobacterales;f__Pasteurellaceae;g__Haemophilus;s__Haemophilus sp001276515	726.0
MG-Run35-Ech-7	GCF_029433855.1	25	8	1	5.30722777603022	5.5652527919392014e-8	d__Bacteria;p__Pseudomonadota;c__Gammaproteobacteria;o__Enterobacterales;f__Enterobacteriaceae;g__Kosakonia;s__Kosakonia cowanii_A	208223.0
MG-Run35-Ech-7	GCF_003490935.1	25	7	0	9.192388155425117	0.0	d__Bacteria;p__Pseudomonadota;c__Gammaproteobacteria;o__Enterobacterales;f__Pasteurellaceae;g__Haemophilus;s__Haemophilus haemolyticus_M	726.0
MG-Run35-Ech-7	GCF_005888195.1	25	7	0	9.192388155425117	0.0	d__Bacteria;p__Pseudomonadota;c__Gammaproteobacteria;o__Enterobacterales;f__Pasteurellaceae;g__Haemophilus;s__Haemophilus aegyptius	197575.0
MG-Run35-Ech-7	GCF_003942795.1	25	7	0	9.192388155425117	0.0	d__Bacteria;p__Bacillota;c__Bacilli;o__Lactobacillales;f__Streptococcaceae;g__Streptococcus;s__Streptococcus mitis_BJ	28037.0
MG-Run35-Ech-7	GCF_023520795.1	25	7	0	9.192388155425117	0.0	d__Bacteria;p__Actinomycetota;c__Actinomycetes;o__Mycobacteriales;f__Mycobacteriaceae;g__Corynebacterium;s__Corynebacterium accolens	38284.0
MG-Run35-Ech-7	GCA_002578045.1	25	7	0	9.192388155425117	0.0	d__Bacteria;p__Bacillota;c__Bacilli;o__Bacillales;f__Bacillaceae_G;g__Bacillus_A;s__Bacillus_A cereus_AK	1396.0
MG-Run35-Ech-7	GCF_002567495.1	25	7	0	9.192388155425117	0.0	d__Bacteria;p__Bacillota;c__Bacilli;o__Bacillales;f__Bacillaceae_G;g__Bacillus_A;s__Bacillus_A cereus_AQ	1396.0
MG-Run35-Ech-7	GCF_938021905.1	25	6	0	7.7781745930520225	3.6637359812630166e-15	d__Bacteria;p__Pseudomonadota;c__Gammaproteobacteria;o__Enterobacterales;f__Pasteurellaceae;g__Haemophilus_A;s__Haemophilus_A parahaemolyticus_B	735.0
MG-Run35-Ech-7	GCF_002901845.1	25	6	0	7.7781745930520225	3.6637359812630166e-15	d__Bacteria;p__Bacillota;c__Bacilli;o__Staphylococcales;f__Staphylococcaceae;g__Staphylococcus;s__Staphylococcus hominis	1290.0
MG-Run35-Ech-7	GCF_000262245.1	25	6	6	-0.19611613513818404	0.57774036626353	d__Bacteria;p__Pseudomonadota;c__Gammaproteobacteria;o__Enterobacterales;f__Pasteurellaceae;g__Basfia;s__Basfia bettyae	1095749.0
MG-Run35-Ech-7	GCF_000222025.1	25	6	0	7.7781745930520225	3.6637359812630166e-15	d__Bacteria;p__Pseudomonadota;c__Gammaproteobacteria;o__Enterobacterales;f__Pasteurellaceae;g__Haemophilus;s__Haemophilus haemolyticus_G	1028803.0
MG-Run35-Ech-7	GCF_003490595.1	25	5	0	6.363961030678928	9.830802838450836e-11	d__Bacteria;p__Pseudomonadota;c__Gammaproteobacteria;o__Enterobacterales;f__Pasteurellaceae;g__Haemophilus;s__Haemophilus haemolyticus_L	726.0
MG-Run35-Ech-7	GCF_007673305.1	25	5	0	6.363961030678928	9.830802838450836e-11	d__Bacteria;p__Bacillota;c__Bacilli;o__Bacillales;f__Bacillaceae_G;g__Bacillus_A;s__Bacillus_A mycoides_C	1396.0
MG-Run35-Ech-7	GCF_012922555.1	25	5	1	2.8577380332470415	0.00213336241108808	d__Bacteria;p__Bacillota_A;c__Clostridia;o__Peptostreptococcales;f__Peptostreptococcaceae;g__Paraclostridium;s__Paraclostridium dentum	1490.0
MG-Run35-Ech-7	GCF_001679045.1	25	5	0	6.363961030678928	9.830802838450836e-11	d__Bacteria;p__Pseudomonadota;c__Gammaproteobacteria;o__Enterobacterales;f__Pasteurellaceae;g__Haemophilus;s__Haemophilus haemolyticus	726.0
MG-Run35-Ech-7	GCF_009183365.2	25	5	1	2.8577380332470415	0.00213336241108808	d__Bacteria;p__Pseudomonadota;c__Gammaproteobacteria;o__Enterobacterales;f__Shewanellaceae;g__Shewanella;s__Shewanella algae	38313.0
MG-Run35-Ech-7	GCF_013387485.1	25	5	19	-3.283603399019327	0.9994875547978276	d__Bacteria;p__Pseudomonadota;c__Gammaproteobacteria;o__Xanthomonadales;f__Xanthomonadaceae;g__Stenotrophomonas;s__Stenotrophomonas maltophilia_AA	2723077.0
MG-Run35-Ech-7	GCF_000740795.1	25	5	0	6.363961030678928	9.830802838450836e-11	d__Bacteria;p__Pseudomonadota;c__Alphaproteobacteria;o__Rhodobacterales;f__Rhodobacteraceae;g__Haematobacter;s__Haematobacter massiliensis	195105.0
MG-Run35-Ech-7	GCF_016767715.1	25	5	0	6.363961030678928	9.830802838450836e-11	d__Bacteria;p__Actinomycetota;c__Actinomycetes;o__Mycobacteriales;f__Mycobacteriaceae;g__Mycobacterium;s__Mycobacterium gwanakae	1774.0
MG-Run35-Ech-7	GCF_002195995.1	25	4	0	4.949747468305833	3.7154918619553e-7	d__Bacteria;p__Pseudomonadota;c__Alphaproteobacteria;o__DSM-16000;f__Inquilinaceae;g__Inquilinus;s__Inquilinus limosus_C	171674.0
MG-Run35-Ech-7	GCF_030515985.1	25	4	0	4.949747468305833	3.7154918619553e-7	d__Bacteria;p__Actinomycetota;c__Actinomycetes;o__Mycobacteriales;f__Mycobacteriaceae;g__Corynebacterium;s__Corynebacterium sp022346005	2918194.0
MG-Run35-Ech-7	GCF_003351405.1	25	4	0	4.949747468305833	3.7154918619553e-7	d__Bacteria;p__Pseudomonadota;c__Gammaproteobacteria;o__Enterobacterales;f__Pasteurellaceae;g__Haemophilus;s__Haemophilus haemolyticus_N	726.0
MG-Run35-Ech-7	GCF_026344175.1	25	4	15	-2.9210029210043813	0.9982554672190287	d__Bacteria;p__Pseudomonadota;c__Gammaproteobacteria;o__Pseudomonadales;f__Moraxellaceae;g__Acinetobacter;s__Acinetobacter nematophilus	2777946.0
MG-Run35-Ech-7	GCF_000314675.2	25	4	11	-2.211629342323457	0.9865038568637989	d__Bacteria;p__Pseudomonadota;c__Alphaproteobacteria;o__Rhizobiales;f__Xanthobacteraceae;g__Afipia;s__Afipia broomeae	1871052.0
MG-Run35-Ech-7	GCF_014769185.1	25	4	0	4.949747468305833	3.7154918619553e-7	d__Bacteria;p__Pseudomonadota;c__Gammaproteobacteria;o__Pseudomonadales;f__Moraxellaceae;g__Acinetobacter;s__Acinetobacter lwoffii_D	28090.0
MG-Run35-Ech-7	GCA_018372995.1	25	3	0	3.5355339059327373	0.00020347600872250293	d__Bacteria;p__Pseudomonadota;c__Gammaproteobacteria;o__Enterobacterales;f__Pasteurellaceae;g__Haemophilus;s__Haemophilus haemolyticus_K	726.0
MG-Run35-Ech-7	GCF_001656295.1	25	3	2	0.31622776601683794	0.3759148170229246	d__Bacteria;p__Pseudomonadota;c__Gammaproteobacteria;o__Pseudomonadales;f__Moraxellaceae;g__Moraxella;s__Moraxella catarrhalis_C	480.0
MG-Run35-Ech-7	GCF_019458035.1	25	3	0	3.5355339059327373	0.00020347600872250293	d__Bacteria;p__Bacillota;c__Bacilli;o__Lactobacillales;f__Streptococcaceae;g__Streptococcus;s__Streptococcus oralis_BP	1303.0
MG-Run35-Ech-7	GCF_003493685.1	25	3	1	1.2247448713915892	0.11033568095992341	d__Bacteria;p__Pseudomonadota;c__Gammaproteobacteria;o__Enterobacterales;f__Pasteurellaceae;g__Haemophilus;s__Haemophilus haemolyticus_O	726.0
MG-Run35-Ech-7	GCF_006384255.1	25	3	0	3.5355339059327373	0.00020347600872250293	d__Bacteria;p__Pseudomonadota;c__Gammaproteobacteria;o__Enterobacterales;f__Pasteurellaceae;g__Haemophilus;s__Haemophilus seminalis	2839968.0
MG-Run35-Ech-7	GCF_002014985.1	25	3	0	3.5355339059327373	0.00020347600872250293	d__Bacteria;p__Pseudomonadota;c__Gammaproteobacteria;o__Pseudomonadales;f__Moraxellaceae;g__Moraxella;s__Moraxella caviae	34060.0
MG-Run35-Ech-7	GCF_001591265.1	25	3	377	-19.274953723928952	1.0	d__Bacteria;p__Pseudomonadota;c__Gammaproteobacteria;o__Pseudomonadales;f__Moraxellaceae;g__Moraxella_A;s__Moraxella_A atlantae	34059.0
MG-Run35-Ech-7	GCA_006385655.1	25	2	0	2.1213203435596424	0.01694742676234462	d__Bacteria;p__Pseudomonadota;c__Gammaproteobacteria;o__Enterobacterales;f__Enterobacteriaceae;g__Enterobacter;s__Enterobacter hormaechei_C	158836.0
MG-Run35-Ech-7	GCF_002564555.1	25	2	0	2.1213203435596424	0.01694742676234462	d__Bacteria;p__Bacillota;c__Bacilli;o__Bacillales;f__Bacillaceae_G;g__Bacillus_A;s__Bacillus_A cereus_K	1396.0
MG-Run35-Ech-7	GCF_000039765.1	25	2	0	2.1213203435596424	0.01694742676234462	d__Bacteria;p__Pseudomonadota;c__Gammaproteobacteria;o__Enterobacterales;f__Vibrionaceae;g__Vibrio;s__Vibrio vulnificus_B	672.0
MG-Run35-Ech-7	GCA_945861275.1	25	2	1	0.4082482904638631	0.34154569915480437	d__Bacteria;p__Pseudomonadota;c__Gammaproteobacteria;o__Burkholderiales;f__SG8-41;g__UBA5216;s__UBA5216 sp945861275	519.0
MG-Run35-Ech-7	GCF_002086125.1	25	2	0	2.1213203435596424	0.01694742676234462	d__Bacteria;p__Actinomycetota;c__Actinomycetes;o__Mycobacteriales;f__Mycobacteriaceae;g__Mycobacterium;s__Mycobacterium arosiense	1265311.0
MG-Run35-Ech-7	GCF_002014965.1	25	2	2	-0.31622776601683794	0.6240851829770754	d__Bacteria;p__Pseudomonadota;c__Gammaproteobacteria;o__Pseudomonadales;f__Moraxellaceae;g__Moraxella;s__Moraxella canis	90239.0
MG-Run35-Ech-7	GCF_900156515.1	25	2	0	2.1213203435596424	0.01694742676234462	d__Bacteria;p__Pseudomonadota;c__Gammaproteobacteria;o__Pseudomonadales;f__Moraxellaceae;g__Moraxella;s__Moraxella cuniculi	34061.0
MG-Run35-Ech-7	GCF_018252635.1	25	2	0	2.1213203435596424	0.01694742676234462	d__Bacteria;p__Pseudomonadota;c__Gammaproteobacteria;o__Enterobacterales;f__Enterobacteriaceae;g__Citrobacter_A;s__Citrobacter_A amalonaticus_E	35703.0
MG-Run35-Ech-7	GCF_021602345.1	25	2	0	2.1213203435596424	0.01694742676234462	d__Bacteria;p__Pseudomonadota;c__Gammaproteobacteria;o__Pseudomonadales;f__Pseudomonadaceae;g__Pseudomonas_E;s__Pseudomonas_E pharyngis	1981743.0
MG-Run35-Ech-7	GCF_000368685.1	25	2	3	-0.8017837257372732	0.7886609629146824	d__Bacteria;p__Pseudomonadota;c__Gammaproteobacteria;o__Pseudomonadales;f__Moraxellaceae;g__Acinetobacter;s__Acinetobacter baylyi	202950.0
MG-Run35-Ech-7	GCF_008692845.1	25	2	7	-2.008316044185609	0.9776951409875302	d__Bacteria;p__Pseudomonadota;c__Gammaproteobacteria;o__Enterobacterales;f__Enterobacteriaceae;g__Salmonella;s__Salmonella arizonae	1395119.0
MG-Run35-Ech-7	GCF_000176515.1	25	2	1	0.4082482904638631	0.34154569915480437	d__Bacteria;p__Pseudomonadota;c__Gammaproteobacteria;o__Enterobacterales;f__Vibrionaceae;g__Enterovibrio;s__Enterovibrio hollisae	673.0
MG-Run35-Ech-7	GCF_000740775.1	25	2	2	-0.31622776601683794	0.6240851829770754	d__Bacteria;p__Pseudomonadota;c__Alphaproteobacteria;o__Rhodobacterales;f__Rhodobacteraceae;g__Haematobacter;s__Haematobacter missouriensis	366616.0
MG-Run35-Ech-7	GCA_900446925.1	25	2	4	-1.1785113019775793	0.8807035853417823	d__Bacteria;p__Pseudomonadota;c__Gammaproteobacteria;o__Enterobacterales;f__Enterobacteriaceae;g__Citrobacter_B;s__Citrobacter_B koseri	545.0
MG-Run35-Ech-7	GCA_004345325.1	25	2	1	0.4082482904638631	0.34154569915480437	d__Bacteria;p__Pseudomonadota;c__Gammaproteobacteria;o__Pseudomonadales;f__Moraxellaceae;g__Acinetobacter;s__Acinetobacter calcoaceticus_D	471.0
MG-Run35-Ech-7	GCA_901472455.1	25	2	0	2.1213203435596424	0.01694742676234462	d__Bacteria;p__Pseudomonadota;c__Gammaproteobacteria;o__Enterobacterales;f__Enterobacteriaceae;g__Leclercia;s__Leclercia adecarboxylata	83655.0
MG-Run35-Ech-7	GCA_000751835.1	25	2	0	2.1213203435596424	0.01694742676234462	d__Bacteria;p__Pseudomonadota;c__Gammaproteobacteria;o__Enterobacterales;f__Pasteurellaceae;g__Necropsobacter;s__Necropsobacter rosorum	908285.0
MG-Run35-Ech-7	GCA_901472505.1	25	2	0	2.1213203435596424	0.01694742676234462	d__Bacteria;p__Pseudomonadota;c__Gammaproteobacteria;o__Enterobacterales;f__Enterobacteriaceae;g__Proteus;s__Proteus vulgaris	585.0
MG-Run35-Ech-7	GCA_000154345.1	25	2	0	2.1213203435596424	0.01694742676234462	d__Bacteria;p__Bacillota_A;c__Clostridia;o__Oscillospirales;f__Acutalibacteraceae;g__Clostridium_A;s__Clostridium_A leptum	1535.0
MG-Run35-Ech-7	GCA_902506215.1	25	2	15	-3.4290034290051437	0.9996970990631342	d__Bacteria;p__Pseudomonadota;c__Gammaproteobacteria;o__Pseudomonadales;f__Moraxellaceae;g__Moraxella_A;s__Moraxella_A sp902506215	2653185.0
MG-Run35-Ech-7	GCF_000379905.1	25	1	0	0.7071067811865475	0.23975006109347674	d__Bacteria;p__Pseudomonadota;c__Gammaproteobacteria;o__Enterobacterales;f__Pasteurellaceae;g__Rodentibacter;s__Rodentibacter pneumotropicus	758.0
MG-Run35-Ech-7	GCF_003130205.1	25	1	0	0.7071067811865475	0.23975006109347674	d__Bacteria;p__Pseudomonadota;c__Gammaproteobacteria;o__Enterobacterales;f__Pasteurellaceae;g__Aggregatibacter;s__Aggregatibacter actinomycetemcomitans_A	1089447.0
MG-Run35-Ech-7	GCF_000368865.1	25	1	1	-0.4082482904638631	0.6584543008451956	d__Bacteria;p__Pseudomonadota;c__Gammaproteobacteria;o__Pseudomonadales;f__Moraxellaceae;g__Acinetobacter;s__Acinetobacter bouvetii	1120925.0
MG-Run35-Ech-7	GCF_000006945.2	25	1	1	-0.4082482904638631	0.6584543008451956	d__Bacteria;p__Pseudomonadota;c__Gammaproteobacteria;o__Enterobacterales;f__Enterobacteriaceae;g__Salmonella;s__Salmonella enterica	90371.0
MG-Run35-Ech-7	GCF_008364245.1	25	1	0	0.7071067811865475	0.23975006109347674	d__Bacteria;p__Pseudomonadota;c__Gammaproteobacteria;o__Enterobacterales;f__Enterobacteriaceae;g__Serratia;s__Serratia nevei	615.0
MG-Run35-Ech-7	GCA_001752465.1	25	1	0	0.7071067811865475	0.23975006109347674	d__Bacteria;p__Pseudomonadota;c__Gammaproteobacteria;o__Enterobacterales;f__Pasteurellaceae;g__Haemophilus;s__Haemophilus quentini	726.0
MG-Run35-Ech-7	GCF_900109315.1	25	1	0	0.7071067811865475	0.23975006109347674	d__Bacteria;p__Pseudomonadota;c__Gammaproteobacteria;o__Enterobacterales;f__Pasteurellaceae;g__Haemophilus_B;s__Haemophilus_B ducreyi	730.0
MG-Run35-Ech-7	GCF_002584985.1	25	1	0	0.7071067811865475	0.23975006109347674	d__Bacteria;p__Bacillota;c__Bacilli;o__Bacillales;f__Bacillaceae_G;g__Bacillus_A;s__Bacillus_A sp002584985	1396.0
MG-Run35-Ech-7	GCF_029868745.1	25	1	0	0.7071067811865475	0.23975006109347674	d__Bacteria;p__Actinomycetota;c__Actinomycetes;o__Mycobacteriales;f__Mycobacteriaceae;g__Nocardia;s__Nocardia wallacei_B	480035.0
MG-Run35-Ech-7	GCA_002902985.1	25	1	0	0.7071067811865475	0.23975006109347674	d__Bacteria;p__Pseudomonadota;c__Gammaproteobacteria;o__Enterobacterales;f__Enterobacteriaceae;g__Leclercia;s__Leclercia sp002902985	1390.0
MG-Run35-Ech-7	GCF_002836975.1	25	1	0	0.7071067811865475	0.23975006109347674	d__Bacteria;p__Pseudomonadota;c__Gammaproteobacteria;o__Enterobacterales;f__Shewanellaceae;g__Shewanella;s__Shewanella indica	768528.0
MG-Run35-Ech-7	GCA_945878495.1	25	1	0	0.7071067811865475	0.23975006109347674	d__Bacteria;p__Pseudomonadota;c__Alphaproteobacteria;o__Rickettsiales;f__Deianiraeaceae;g__CAMCTP01;s__CAMCTP01 sp945878495	785.0
MG-Run35-Ech-7	GCF_003410005.1	25	1	0	0.7071067811865475	0.23975006109347674	d__Bacteria;p__Pseudomonadota;c__Gammaproteobacteria;o__Pseudomonadales;f__Moraxellaceae;g__Acinetobacter;s__Acinetobacter sp003410005	1148157.0
MG-Run35-Ech-7	GCF_024599655.1	25	1	0	0.7071067811865475	0.23975006109347674	d__Bacteria;p__Pseudomonadota;c__Gammaproteobacteria;o__Enterobacterales;f__Enterobacteriaceae;g__Enterobacter;s__Enterobacter asburiae_D	61645.0
MG-Run35-Ech-7	GCF_001591145.1	25	1	0	0.7071067811865475	0.23975006109347674	d__Bacteria;p__Pseudomonadota;c__Gammaproteobacteria;o__Enterobacterales;f__Vibrionaceae;g__Vibrio;s__Vibrio harveyi	2998835.0
MG-Run35-Ech-7	GCF_000739895.2	25	1	0	0.7071067811865475	0.23975006109347674	d__Bacteria;p__Pseudomonadota;c__Alphaproteobacteria;o__Sphingomonadales;f__Sphingomonadaceae;g__Sphingomonas;s__Sphingomonas paucimobilis	1007104.0
MG-Run35-Ech-7	GCF_900186995.1	25	1	0	0.7071067811865475	0.23975006109347674	d__Bacteria;p__Pseudomonadota;c__Gammaproteobacteria;o__Enterobacterales;f__Pasteurellaceae;g__Haemophilus_D;s__Haemophilus_D pittmaniae	249188.0
MG-Run35-Ech-7	GCF_002083135.2	25	1	0	0.7071067811865475	0.23975006109347674	d__Bacteria;p__Bacillota;c__Bacilli;o__Lactobacillales;f__Aerococcaceae;g__Aerococcus;s__Aerococcus viridans_C	1377.0
MG-Run35-Ech-7	GCF_014635545.1	25	1	3	-1.3363062095621219	0.9092753961392899	d__Bacteria;p__Pseudomonadota;c__Gammaproteobacteria;o__Pseudomonadales;f__Moraxellaceae;g__Acinetobacter;s__Acinetobacter courvalinii	472.0
MG-Run35-Ech-7	GCF_900106665.1	25	1	0	0.7071067811865475	0.23975006109347674	d__Bacteria;p__Pseudomonadota;c__Alphaproteobacteria;o__Rhodobacterales;f__Rhodobacteraceae;g__Paracoccus;s__Paracoccus sanguinis	1545044.0
MG-Run35-Ech-7	GCF_003315235.1	25	1	0	0.7071067811865475	0.23975006109347674	d__Bacteria;p__Pseudomonadota;c__Gammaproteobacteria;o__Burkholderiales;f__Neisseriaceae;g__Neisseria;s__Neisseria gonorrhoeae	485.0
MG-Run35-Ech-7	GCF_904846685.1	25	1	0	0.7071067811865475	0.23975006109347674	d__Bacteria;p__Pseudomonadota;c__Gammaproteobacteria;o__Pseudomonadales;f__Moraxellaceae;g__Psychrobacter;s__Psychrobacter sp000511655	259303.0
MG-Run35-Ech-7	GCF_002965065.1	25	1	3	-1.3363062095621219	0.9092753961392899	d__Bacteria;p__Pseudomonadota;c__Gammaproteobacteria;o__Enterobacterales;f__Enterobacteriaceae;g__Escherichia;s__Escherichia sp002965065	2093900.0
MG-Run35-Ech-7	GCF_000178995.1	25	1	1	-0.4082482904638631	0.6584543008451956	d__Bacteria;p__Pseudomonadota;c__Alphaproteobacteria;o__Rhizobiales;f__Xanthobacteraceae;g__Afipia;s__Afipia sp000178995	2072420.0
MG-Run35-Ech-7	GCF_021278985.1	25	1	2	-0.9486832980505138	0.8286091444260443	d__Bacteria;p__Pseudomonadota;c__Gammaproteobacteria;o__Enterobacterales;f__Enterobacteriaceae;g__Citrobacter_A;s__Citrobacter_A rodentium	1218085.0
MG-Run35-Ech-7	GCF_019880405.1	25	1	1	-0.4082482904638631	0.6584543008451956	d__Bacteria;p__Pseudomonadota;c__Gammaproteobacteria;o__Enterobacterales;f__Enterobacteriaceae;g__Pseudescherichia;s__Pseudescherichia sp002298805	1951706.0
MG-Run35-Ech-7	GCF_009646115.1	25	1	1	-0.4082482904638631	0.6584543008451956	d__Bacteria;p__Pseudomonadota;c__Gammaproteobacteria;o__Enterobacterales;f__Enterobacteriaceae;g__Pantoea;s__Pantoea eucalypti	470934.0
MG-Run35-Ech-7	GCF_027570215.1	25	1	0	0.7071067811865475	0.23975006109347674	d__Bacteria;p__Actinomycetota;c__Actinomycetes;o__Mycobacteriales;f__Mycobacteriaceae;g__Corynebacterium;s__Corynebacterium hesseae	3051103.0
MG-Run35-Ech-7	GCF_902825225.1	25	1	0	0.7071067811865475	0.23975006109347674	d__Bacteria;p__Pseudomonadota;c__Alphaproteobacteria;o__Rhizobiales;f__Rhizobiaceae;g__Bartonella;s__Bartonella berkhoffii	1094502.0
MG-Run35-Ech-7	GCF_000013165.1	25	1	0	0.7071067811865475	0.23975006109347674	d__Bacteria;p__Pseudomonadota;c__Alphaproteobacteria;o__Rickettsiales;f__Anaplasmataceae;g__Neorickettsia;s__Neorickettsia sennetsu	222891.0
MG-Run35-Ech-7	GCF_900635495.1	25	1	0	0.7071067811865475	0.23975006109347674	d__Bacteria;p__Pseudomonadota;c__Gammaproteobacteria;o__Enterobacterales;f__Enterobacteriaceae;g__Atlantibacter;s__Atlantibacter hermannii	2965277.0
MG-Run35-Ech-7	GCF_003688935.1	25	1	0	0.7071067811865475	0.23975006109347674	d__Bacteria;p__Actinomycetota;c__Actinomycetes;o__Mycobacteriales;f__Mycobacteriaceae;g__Corynebacterium;s__Corynebacterium macginleyi	38290.0
MG-Run35-Ech-7	GCF_019343495.1	25	1	0	0.7071067811865475	0.23975006109347674	d__Bacteria;p__Pseudomonadota;c__Gammaproteobacteria;o__Pseudomonadales;f__Moraxellaceae;g__Acinetobacter;s__Acinetobacter lwoffii_P	28090.0
MG-Run35-Ech-7	GCF_002900365.1	25	1	0	0.7071067811865475	0.23975006109347674	d__Bacteria;p__Pseudomonadota;c__Gammaproteobacteria;o__Enterobacterales;f__Enterobacteriaceae;g__Escherichia;s__Escherichia marmotae	2093895.0
MG-Run35-Ech-7	GCF_000011645.1	25	1	0	0.7071067811865475	0.23975006109347674	d__Bacteria;p__Bacillota;c__Bacilli;o__Bacillales;f__Bacillaceae;g__Bacillus;s__Bacillus licheniformis	1402.0
MG-Run35-Ech-7	GCF_012396315.1	25	1	0	0.7071067811865475	0.23975006109347674	d__Bacteria;p__Actinomycetota;c__Actinomycetes;o__Mycobacteriales;f__Mycobacteriaceae;g__Corynebacterium;s__Corynebacterium mucifaciens	159447.0
MG-Run35-Ech-7	GCF_007833795.1	25	1	0	0.7071067811865475	0.23975006109347674	d__Bacteria;p__Pseudomonadota;c__Gammaproteobacteria;o__Enterobacterales;f__Enterobacteriaceae;g__Pantoea;s__Pantoea soli	59814.0
MG-Run35-Ech-7	GCF_000194175.1	25	1	29	-5.247275322020443	0.999999922817437	d__Bacteria;p__Pseudomonadota;c__Gammaproteobacteria;o__Enterobacterales;f__Enterobacteriaceae;g__Escherichia;s__Escherichia coli_F	562.0
MG-Run35-Ech-7	GCF_001975225.1	25	1	1	-0.4082482904638631	0.6584543008451956	d__Bacteria;p__Pseudomonadota;c__Gammaproteobacteria;o__Enterobacterales;f__Enterobacteriaceae;g__Kosakonia;s__Kosakonia cowanii	1399146.0
MG-Run35-Ech-7	GCF_002015045.1	25	1	0	0.7071067811865475	0.23975006109347674	d__Bacteria;p__Pseudomonadota;c__Gammaproteobacteria;o__Enterobacterales;f__Pasteurellaceae;g__Haemophilus_A;s__Haemophilus_A paraphrohaemolyticus	1095743.0
MG-Run35-Ech-7	GCA_018365265.1	25	1	0	0.7071067811865475	0.23975006109347674	d__Bacteria;p__Bacillota;c__Bacilli;o__Lactobacillales;f__Streptococcaceae;g__Streptococcus;s__Streptococcus parasanguinis_G	1318.0
MG-Run35-Ech-7	GCF_000730605.1	25	1	0	0.7071067811865475	0.23975006109347674	d__Bacteria;p__Pseudomonadota;c__Gammaproteobacteria;o__Pseudomonadales;f__Pseudomonadaceae;g__Pseudomonas_E;s__Pseudomonas_E monteilii	1286369.0
MG-Run35-Ech-7	GCF_004217095.1	25	1	5	-1.9188064472004938	0.9724955831853671	d__Bacteria;p__Pseudomonadota;c__Gammaproteobacteria;o__Burkholderiales;f__Burkholderiaceae;g__Advenella;s__Advenella incenata	2490496.0
MG-Run35-Ech-7	GCF_000422085.1	25	1	0	0.7071067811865475	0.23975006109347674	d__Bacteria;p__Pseudomonadota;c__Gammaproteobacteria;o__Enterobacterales;f__Enterobacteriaceae;g__Serratia_J;s__Serratia_J liquefaciens	614.0
MG-Run35-Ech-7	GCF_003253005.1	25	1	0	0.7071067811865475	0.23975006109347674	d__Bacteria;p__Pseudomonadota;c__Gammaproteobacteria;o__Enterobacterales;f__Pasteurellaceae;g__Haemophilus_D;s__Haemophilus_D parainfluenzae_M	729.0
MG-Run35-Ech-7	GCF_002953215.1	25	1	0	0.7071067811865475	0.23975006109347674	d__Bacteria;p__Pseudomonadota;c__Gammaproteobacteria;o__Enterobacterales;f__Enterobacteriaceae;g__Mixta;s__Mixta calida	1951660.0
MG-Run35-Ech-7	GCF_009696675.1	25	1	0	0.7071067811865475	0.23975006109347674	d__Bacteria;p__Bacillota_C;c__Negativicutes;o__Acidaminococcales;f__Acidaminococcaceae;g__Acidaminococcus;s__Acidaminococcus sp000437815	352152.0
MG-Run35-Ech-7	GCF_000027165.1	25	1	0	0.7071067811865475	0.23975006109347674	d__Bacteria;p__Bacillota;c__Bacilli;o__Lactobacillales;f__Streptococcaceae;g__Streptococcus;s__Streptococcus mitis_AR	365659.0
MG-Run35-Ech-7	GCF_002154655.1	25	1	0	0.7071067811865475	0.23975006109347674	d__Bacteria;p__Actinomycetota;c__Actinomycetes;o__Mycobacteriales;f__Mycobacteriaceae;g__Corynebacterium;s__Corynebacterium kefirresidentii	1203558.0
MG-Run35-Ech-7	GCF_018448765.1	25	1	0	0.7071067811865475	0.23975006109347674	d__Bacteria;p__Bacillota;c__Bacilli;o__Lactobacillales;f__Streptococcaceae;g__Streptococcus;s__Streptococcus oralis_BM	1303.0
MG-Run35-Ech-7	GCF_000959525.1	25	1	0	0.7071067811865475	0.23975006109347674	d__Bacteria;p__Pseudomonadota;c__Gammaproteobacteria;o__Burkholderiales;f__Burkholderiaceae;g__Burkholderia;s__Burkholderia multivorans	87883.0
MG-Run35-Ech-7	GCA_923184405.1	25	1	0	0.7071067811865475	0.23975006109347674	d__Bacteria;p__Pseudomonadota;c__Gammaproteobacteria;o__Burkholderiales;f__Neisseriaceae;g__Neisseria;s__Neisseria meningitidis_C	487.0
MG-Run35-Ech-7	GCF_003030305.1	25	1	0	0.7071067811865475	0.23975006109347674	d__Bacteria;p__Actinomycetota;c__Actinomycetes;o__Propionibacteriales;f__Propionibacteriaceae;g__Cutibacterium;s__Cutibacterium acnes	765068.0
MG-Run35-Ech-7	GCF_001679005.1	25	1	0	0.7071067811865475	0.23975006109347674	d__Bacteria;p__Pseudomonadota;c__Gammaproteobacteria;o__Pseudomonadales;f__Moraxellaceae;g__Moraxella;s__Moraxella nonliquefaciens	478.0
MG-Run35-Ech-7	GCF_003711395.1	25	1	1	-0.4082482904638631	0.6584543008451956	d__Bacteria;p__Pseudomonadota;c__Gammaproteobacteria;o__Pseudomonadales;f__Moraxellaceae;g__Acinetobacter;s__Acinetobacter sp003711395	2060938.0
MG-Run35-Ech-7	GCA_900455155.1	25	1	0	0.7071067811865475	0.23975006109347674	d__Bacteria;p__Pseudomonadota;c__Gammaproteobacteria;o__Enterobacterales;f__Enterobacteriaceae;g__Providencia_C;s__Providencia_C stuartii	588.0
MG-Run35-Ech-7	GCF_005843885.1	25	1	1	-0.4082482904638631	0.6584543008451956	d__Bacteria;p__Pseudomonadota;c__Gammaproteobacteria;o__Enterobacterales;f__Enterobacteriaceae;g__Escherichia;s__Escherichia sp005843885	2044462.0
MG-Run35-Ech-7	GCF_000368925.1	25	1	0	0.7071067811865475	0.23975006109347674	d__Bacteria;p__Pseudomonadota;c__Gammaproteobacteria;o__Pseudomonadales;f__Moraxellaceae;g__Acinetobacter;s__Acinetobacter bereziniae	106648.0
MG-Run35-Ech-7	GCF_900637685.1	25	1	0	0.7071067811865475	0.23975006109347674	d__Bacteria;p__Pseudomonadota;c__Gammaproteobacteria;o__Legionellales;f__Legionellaceae;g__Legionella;s__Legionella sainthelensi	28087.0
MG-Run35-Ech-7	GCF_900168205.1	25	1	64	-7.906674640831567	0.9999999999999987	d__Bacteria;p__Bacteroidota;c__Bacteroidia;o__Flavobacteriales;f__Weeksellaceae;g__Chryseobacterium;s__Chryseobacterium balustinum	246.0
MG-Run35-Ech-7	GCF_029846115.1	25	1	0	0.7071067811865475	0.23975006109347674	d__Bacteria;p__Pseudomonadota;c__Gammaproteobacteria;o__Enterobacterales;f__Enterobacteriaceae;g__Serratia;s__Serratia marcescens_L	615.0
MG-Run35-Ech-7	GCF_020736705.1	25	1	2	-0.9486832980505138	0.8286091444260443	d__Bacteria;p__Pseudomonadota;c__Gammaproteobacteria;o__Pseudomonadales;f__Moraxellaceae;g__Psychrobacter;s__Psychrobacter sanguinis	861445.0
MG-Run35-Ech-7	GCF_030408795.1	25	1	0	0.7071067811865475	0.23975006109347674	d__Bacteria;p__Actinomycetota;c__Actinomycetes;o__Mycobacteriales;f__Mycobacteriaceae;g__Corynebacterium;s__Corynebacterium hansenii	225326.0
MG-Run35-Ech-7	GCF_003330765.1	25	1	0	0.7071067811865475	0.23975006109347674	d__Bacteria;p__Pseudomonadota;c__Gammaproteobacteria;o__Burkholderiales;f__Burkholderiaceae;g__Burkholderia;s__Burkholderia pyrrocinia_B	60550.0
MG-Run35-Ech-7	GCF_900186835.1	25	1	0	0.7071067811865475	0.23975006109347674	d__Bacteria;p__Pseudomonadota;c__Gammaproteobacteria;o__Enterobacterales;f__Pasteurellaceae;g__Pasteurella;s__Pasteurella dagmatis	747.0
MG-Run35-Ech-7	GCF_900099835.1	25	1	0	0.7071067811865475	0.23975006109347674	d__Bacteria;p__Pseudomonadota;c__Gammaproteobacteria;o__Burkholderiales;f__Burkholderiaceae;g__Paraburkholderia;s__Paraburkholderia fungorum_A	134537.0
MG-Run35-Ech-7	GCF_900453205.1	25	1	0	0.7071067811865475	0.23975006109347674	d__Bacteria;p__Pseudomonadota;c__Gammaproteobacteria;o__Pseudomonadales;f__Moraxellaceae;g__Moraxella;s__Moraxella lacunata_B	477.0
MG-Run35-Ech-7	GCF_022631235.2	25	1	1	-0.4082482904638631	0.6584543008451956	d__Bacteria;p__Pseudomonadota;c__Gammaproteobacteria;o__Pseudomonadales;f__Moraxellaceae;g__Psychrobacter;s__Psychrobacter sanguinis_A	1569265.0
MG-Run35-Ech-7	GCF_000739435.1	25	1	0	0.7071067811865475	0.23975006109347674	d__Bacteria;p__Pseudomonadota;c__Gammaproteobacteria;o__Enterobacterales;f__Pasteurellaceae;g__Actinobacillus;s__Actinobacillus suis	716.0
MG-Run35-Ech-7	GCA_006171285.1	25	1	0	0.7071067811865475	0.23975006109347674	d__Bacteria;p__Pseudomonadota;c__Gammaproteobacteria;o__Enterobacterales;f__Enterobacteriaceae;g__Leclercia;s__Leclercia adecarboxylata_A	2870836.0
MG-Run35-Ech-7	GCF_000196015.1	25	1	0	0.7071067811865475	0.23975006109347674	d__Bacteria;p__Pseudomonadota;c__Gammaproteobacteria;o__Burkholderiales;f__Burkholderiaceae;g__Cupriavidus;s__Cupriavidus metallidurans	119219.0
MG-Run35-Ech-7	GCF_030408675.1	25	1	0	0.7071067811865475	0.23975006109347674	d__Bacteria;p__Actinomycetota;c__Actinomycetes;o__Mycobacteriales;f__Mycobacteriaceae;g__Corynebacterium;s__Corynebacterium durum	556548.0
MG-Run35-Ech-7	GCF_000236165.1	25	1	0	0.7071067811865475	0.23975006109347674	d__Bacteria;p__Pseudomonadota;c__Gammaproteobacteria;o__Legionellales;f__Legionellaceae;g__Legionella;s__Legionella dumoffii	1094715.0
MG-Run35-Ech-7	GCF_905205995.1	25	1	0	0.7071067811865475	0.23975006109347674	d__Bacteria;p__Pseudomonadota;c__Gammaproteobacteria;o__Enterobacterales;f__Pasteurellaceae;g__Haemophilus_D;s__Haemophilus_D sp905205995	729.0
MG-Run35-Ech-7	GCF_002993025.1	25	1	0	0.7071067811865475	0.23975006109347674	d__Bacteria;p__Campylobacterota;c__Campylobacteria;o__Campylobacterales;f__Arcobacteraceae;g__Aliarcobacter;s__Aliarcobacter cryaerophilus_B	2933790.0
MG-Run35-Ech-7	GCF_013343215.1	25	1	3	-1.3363062095621219	0.9092753961392899	d__Bacteria;p__Pseudomonadota;c__Gammaproteobacteria;o__Pseudomonadales;f__Moraxellaceae;g__Acinetobacter;s__Acinetobacter lwoffii_C	2563897.0
MG-Run35-Ech-7	GCF_013408445.1	25	1	0	0.7071067811865475	0.23975006109347674	d__Bacteria;p__Actinomycetota;c__Actinomycetes;o__Mycobacteriales;f__Mycobacteriaceae;g__Corynebacterium;s__Corynebacterium tuberculostearicum	38304.0
MG-Run35-Ech-8	GCF_002014765.1	25	3363	4	1583.21208307668	0.0	d__Bacteria;p__Pseudomonadota;c__Gammaproteobacteria;o__Pseudomonadales;f__Moraxellaceae;g__Moraxella_C;s__Moraxella_C lincolnii	90241.0
MG-Run35-Ech-8	GCF_003942765.1	25	2558	0	3616.85118576919	0.0	d__Bacteria;p__Bacillota;c__Bacilli;o__Lactobacillales;f__Streptococcaceae;g__Streptococcus;s__Streptococcus mitis_BE	28037.0
MG-Run35-Ech-8	GCF_001632285.1	25	1219	1	994.0845872795065	0.0	d__Bacteria;p__Pseudomonadota;c__Gammaproteobacteria;o__Pseudomonadales;f__Moraxellaceae;g__Moraxella;s__Moraxella catarrhalis	480.0
MG-Run35-Ech-8	GCF_000245815.1	25	1213	0	1714.7339443773776	0.0	d__Bacteria;p__Bacillota;c__Bacilli;o__Lactobacillales;f__Carnobacteriaceae;g__Dolosigranulum;s__Dolosigranulum pigrum	29394.0
MG-Run35-Ech-8	GCF_000469305.1	25	1152	0	1628.4669170726188	0.0	d__Bacteria;p__Bacillota_I;c__Bacilli_A;o__Erysipelotrichales;f__Erysipelotrichaceae;g__Faecalitalea;s__Faecalitalea cylindroides	39483.0
MG-Run35-Ech-8	GCF_000820085.1	25	661	0	934.0880579474292	0.0	d__Bacteria;p__Pseudomonadota;c__Gammaproteobacteria;o__Enterobacterales;f__Aeromonadaceae;g__Aeromonas;s__Aeromonas sanarellii	2778058.0
MG-Run35-Ech-8	GCF_000375525.1	25	542	0	765.7966440250309	0.0	d__Bacteria;p__Actinomycetota;c__Actinomycetes;o__Mycobacteriales;f__Mycobacteriaceae;g__Corynebacterium;s__Corynebacterium propinquum	43769.0
MG-Run35-Ech-8	GCF_000368145.1	25	513	954	-14.29034591534802	1.0	d__Bacteria;p__Pseudomonadota;c__Gammaproteobacteria;o__Pseudomonadales;f__Moraxellaceae;g__Acinetobacter;s__Acinetobacter guillouiae	2929509.0
MG-Run35-Ech-8	GCF_015477355.1	25	392	0	553.6646096690666	0.0	d__Bacteria;p__Actinomycetota;c__Actinomycetes;o__Mycobacteriales;f__Mycobacteriaceae;g__Nocardia;s__Nocardia blacklockiae	480036.0
MG-Run35-Ech-8	GCF_002238115.1	25	330	0	465.9833688019348	0.0	d__Bacteria;p__Bacillota;c__Bacilli;o__Lactobacillales;f__Streptococcaceae;g__Streptococcus;s__Streptococcus sp002238115	257758.0
MG-Run35-Ech-8	GCF_900168205.1	25	318	64	31.5644412826898	0.0	d__Bacteria;p__Bacteroidota;c__Bacteroidia;o__Flavobacteriales;f__Weeksellaceae;g__Chryseobacterium;s__Chryseobacterium balustinum	246.0
MG-Run35-Ech-8	GCF_902825235.1	25	306	0	432.0422433049805	0.0	d__Bacteria;p__Pseudomonadota;c__Alphaproteobacteria;o__Rhizobiales;f__Rhizobiaceae;g__Bartonella;s__Bartonella vinsonii	33047.0
MG-Run35-Ech-8	GCF_003943825.1	25	286	0	403.7579720575186	0.0	d__Bacteria;p__Bacillota;c__Bacilli;o__Lactobacillales;f__Streptococcaceae;g__Streptococcus;s__Streptococcus oralis_CD	1303.0
MG-Run35-Ech-8	GCF_002984305.1	25	280	0	395.27269068328	0.0	d__Bacteria;p__Pseudomonadota;c__Gammaproteobacteria;o__Enterobacterales;f__Pasteurellaceae;g__Haemophilus;s__Haemophilus influenzae_H	727.0
MG-Run35-Ech-8	GCF_003943815.1	25	242	0	341.5325753131024	0.0	d__Bacteria;p__Bacillota;c__Bacilli;o__Lactobacillales;f__Streptococcaceae;g__Streptococcus;s__Streptococcus cristatus_F	45634.0
MG-Run35-Ech-8	GCF_019703545.1	25	238	0	335.87572106361006	0.0	d__Bacteria;p__Pseudomonadota;c__Gammaproteobacteria;o__Enterobacterales;f__Pasteurellaceae;g__Haemophilus;s__Haemophilus influenzae_E	727.0
MG-Run35-Ech-8	GCF_000194175.1	25	202	29	31.759824317492157	0.0	d__Bacteria;p__Pseudomonadota;c__Gammaproteobacteria;o__Enterobacterales;f__Enterobacteriaceae;g__Escherichia;s__Escherichia coli_F	562.0
MG-Run35-Ech-8	GCF_000688415.1	25	192	0	270.8218971944477	0.0	d__Bacteria;p__Actinomycetota;c__Actinomycetes;o__Mycobacteriales;f__Mycobacteriaceae;g__Corynebacterium;s__Corynebacterium pseudodiphtheriticum	37637.0
MG-Run35-Ech-8	GCF_003991585.1	25	177	0	249.60869375885125	0.0	d__Bacteria;p__Pseudomonadota;c__Gammaproteobacteria;o__Burkholderiales;f__Burkholderiaceae;g__Saezia;s__Saezia sanguinis	1965230.0
MG-Run35-Ech-8	GCF_023520795.1	25	140	0	197.28279195104673	0.0	d__Bacteria;p__Actinomycetota;c__Actinomycetes;o__Mycobacteriales;f__Mycobacteriaceae;g__Corynebacterium;s__Corynebacterium accolens	38284.0
MG-Run35-Ech-8	GCF_010858045.1	25	98	0	137.88582233137674	0.0	d__Bacteria;p__Actinomycetota;c__Actinomycetes;o__Mycobacteriales;f__Mycobacteriaceae;g__Nocardia;s__Nocardia cyriacigeorgica_E	135487.0
MG-Run35-Ech-8	GCF_005888195.1	25	86	0	120.91525958289962	0.0	d__Bacteria;p__Pseudomonadota;c__Gammaproteobacteria;o__Enterobacterales;f__Pasteurellaceae;g__Haemophilus;s__Haemophilus aegyptius	197575.0
MG-Run35-Ech-8	GCF_001457655.1	25	55	0	77.07463914933368	0.0	d__Bacteria;p__Pseudomonadota;c__Gammaproteobacteria;o__Enterobacterales;f__Pasteurellaceae;g__Haemophilus;s__Haemophilus influenzae	727.0
MG-Run35-Ech-8	GCF_001618065.1	25	38	0	53.03300858899106	0.0	d__Bacteria;p__Pseudomonadota;c__Gammaproteobacteria;o__Burkholderiales;f__Neisseriaceae;g__Neisseria;s__Neisseria flavescens_A	484.0
MG-Run35-Ech-8	GCF_900475755.1	25	37	0	51.61879502661797	0.0	d__Bacteria;p__Pseudomonadota;c__Gammaproteobacteria;o__Enterobacterales;f__Pasteurellaceae;g__Haemophilus;s__Haemophilus influenzae_D	727.0
MG-Run35-Ech-8	GCF_002561295.1	25	37	0	51.61879502661797	0.0	d__Bacteria;p__Bacillota;c__Bacilli;o__Bacillales;f__Bacillaceae_G;g__Bacillus_A;s__Bacillus_A cereus_S	1396.0
MG-Run35-Ech-8	GCF_018252635.1	25	23	0	31.819805153394636	0.0	d__Bacteria;p__Pseudomonadota;c__Gammaproteobacteria;o__Enterobacterales;f__Enterobacteriaceae;g__Citrobacter_A;s__Citrobacter_A amalonaticus_E	35703.0
MG-Run35-Ech-8	GCF_010868145.1	25	21	0	28.991378028648448	0.0	d__Bacteria;p__Actinomycetota;c__Actinomycetes;o__Mycobacteriales;f__Mycobacteriaceae;g__Nocardia;s__Nocardia cyriacigeorgica_D	135487.0
MG-Run35-Ech-8	GCF_014838735.1	25	20	0	27.577164466275352	0.0	d__Bacteria;p__Bacillota;c__Bacilli;o__Lactobacillales;f__Lactobacillaceae;g__Limosilactobacillus;s__Limosilactobacillus portuensis	2742601.0
MG-Run35-Ech-8	GCA_009912575.1	25	17	0	23.33452377915607	0.0	d__Bacteria;p__Pseudomonadota;c__Gammaproteobacteria;o__Pseudomonadales;f__Moraxellaceae;g__Acinetobacter;s__Acinetobacter bereziniae_A	472.0
MG-Run35-Ech-8	GCF_003970865.1	25	13	1	9.38971068066885	0.0	d__Bacteria;p__Pseudomonadota;c__Gammaproteobacteria;o__Xanthomonadales;f__Xanthomonadaceae;g__Stenotrophomonas;s__Stenotrophomonas maltophilia_AR	40324.0
MG-Run35-Ech-8	GCA_010604095.1	25	11	0	14.849242404917497	0.0	d__Bacteria;p__Bacillota;c__Bacilli;o__Lactobacillales;f__Streptococcaceae;g__Streptococcus;s__Streptococcus sp000187445	1316412.0
MG-Run35-Ech-8	GCF_003243515.1	25	11	23	-2.5785531156469834	0.9950392477308656	d__Bacteria;p__Actinomycetota;c__Actinomycetes;o__Mycobacteriales;f__Mycobacteriaceae;g__Corynebacterium;s__Corynebacterium kroppenstedtii_B	161879.0
MG-Run35-Ech-8	GCF_003493685.1	25	10	1	6.940220937885672	1.9574342147166135e-12	d__Bacteria;p__Pseudomonadota;c__Gammaproteobacteria;o__Enterobacterales;f__Pasteurellaceae;g__Haemophilus;s__Haemophilus haemolyticus_O	726.0
MG-Run35-Ech-8	GCF_014647715.1	25	9	17	-2.0318886358684694	0.9789175343733185	d__Bacteria;p__Pseudomonadota;c__Gammaproteobacteria;o__Pseudomonadales;f__Moraxellaceae;g__Moraxella_A;s__Moraxella_A cinereus	1946462.0
MG-Run35-Ech-8	GCF_000023205.1	25	9	0	12.020815280171307	0.0	d__Bacteria;p__Actinomycetota;c__Actinomycetes;o__Actinomycetales;f__Micrococcaceae;g__Micrococcus;s__Micrococcus luteus	1270.0
MG-Run35-Ech-8	GCF_029433855.1	25	9	1	6.123724356957946	4.5706494145036913e-10	d__Bacteria;p__Pseudomonadota;c__Gammaproteobacteria;o__Enterobacterales;f__Enterobacteriaceae;g__Kosakonia;s__Kosakonia cowanii_A	208223.0
MG-Run35-Ech-8	GCA_001752465.1	25	8	0	10.606601717798211	0.0	d__Bacteria;p__Pseudomonadota;c__Gammaproteobacteria;o__Enterobacterales;f__Pasteurellaceae;g__Haemophilus;s__Haemophilus quentini	726.0
MG-Run35-Ech-8	GCF_904848165.1	25	7	0	9.192388155425117	0.0	d__Bacteria;p__Pseudomonadota;c__Gammaproteobacteria;o__Pseudomonadales;f__Moraxellaceae;g__Psychrobacter;s__Psychrobacter arenosus	256326.0
MG-Run35-Ech-8	GCF_003351405.1	25	7	0	9.192388155425117	0.0	d__Bacteria;p__Pseudomonadota;c__Gammaproteobacteria;o__Enterobacterales;f__Pasteurellaceae;g__Haemophilus;s__Haemophilus haemolyticus_N	726.0
MG-Run35-Ech-8	GCF_002567495.1	25	7	0	9.192388155425117	0.0	d__Bacteria;p__Bacillota;c__Bacilli;o__Bacillales;f__Bacillaceae_G;g__Bacillus_A;s__Bacillus_A cereus_AQ	1396.0
MG-Run35-Ech-8	GCF_003352385.1	25	7	0	9.192388155425117	0.0	d__Bacteria;p__Pseudomonadota;c__Gammaproteobacteria;o__Enterobacterales;f__Pasteurellaceae;g__Haemophilus;s__Haemophilus haemolyticus_I	726.0
MG-Run35-Ech-8	GCF_900453205.1	25	6	0	7.7781745930520225	3.6637359812630166e-15	d__Bacteria;p__Pseudomonadota;c__Gammaproteobacteria;o__Pseudomonadales;f__Moraxellaceae;g__Moraxella;s__Moraxella lacunata_B	477.0
MG-Run35-Ech-8	GCF_900460215.1	25	6	1	3.6742346141747673	0.00011928172701436424	d__Bacteria;p__Pseudomonadota;c__Gammaproteobacteria;o__Cardiobacteriales;f__Cardiobacteriaceae;g__Suttonella;s__Suttonella indologenes	13276.0
MG-Run35-Ech-8	GCF_000222025.1	25	6	0	7.7781745930520225	3.6637359812630166e-15	d__Bacteria;p__Pseudomonadota;c__Gammaproteobacteria;o__Enterobacterales;f__Pasteurellaceae;g__Haemophilus;s__Haemophilus haemolyticus_G	1028803.0
MG-Run35-Ech-8	GCF_003490595.1	25	6	0	7.7781745930520225	3.6637359812630166e-15	d__Bacteria;p__Pseudomonadota;c__Gammaproteobacteria;o__Enterobacterales;f__Pasteurellaceae;g__Haemophilus;s__Haemophilus haemolyticus_L	726.0
MG-Run35-Ech-8	GCF_009932725.1	25	6	0	7.7781745930520225	3.6637359812630166e-15	d__Bacteria;p__Pseudomonadota;c__Gammaproteobacteria;o__Pseudomonadales;f__Pseudomonadaceae;g__Pseudomonas_E;s__Pseudomonas_E yangonensis	2579922.0
MG-Run35-Ech-8	GCF_003493605.1	25	5	0	6.363961030678928	9.830802838450836e-11	d__Bacteria;p__Pseudomonadota;c__Gammaproteobacteria;o__Enterobacterales;f__Pasteurellaceae;g__Haemophilus;s__Haemophilus haemolyticus_J	726.0
MG-Run35-Ech-8	GCF_002195995.1	25	5	0	6.363961030678928	9.830802838450836e-11	d__Bacteria;p__Pseudomonadota;c__Alphaproteobacteria;o__DSM-16000;f__Inquilinaceae;g__Inquilinus;s__Inquilinus limosus_C	171674.0
MG-Run35-Ech-8	GCA_002578045.1	25	5	0	6.363961030678928	9.830802838450836e-11	d__Bacteria;p__Bacillota;c__Bacilli;o__Bacillales;f__Bacillaceae_G;g__Bacillus_A;s__Bacillus_A cereus_AK	1396.0
MG-Run35-Ech-8	GCF_001679045.1	25	5	0	6.363961030678928	9.830802838450836e-11	d__Bacteria;p__Pseudomonadota;c__Gammaproteobacteria;o__Enterobacterales;f__Pasteurellaceae;g__Haemophilus;s__Haemophilus haemolyticus	726.0
MG-Run35-Ech-8	GCF_000740775.1	25	5	2	1.5811388300841895	0.056923149003329065	d__Bacteria;p__Pseudomonadota;c__Alphaproteobacteria;o__Rhodobacterales;f__Rhodobacteraceae;g__Haematobacter;s__Haematobacter missouriensis	366616.0
MG-Run35-Ech-8	GCA_018372995.1	25	5	0	6.363961030678928	9.830802838450836e-11	d__Bacteria;p__Pseudomonadota;c__Gammaproteobacteria;o__Enterobacterales;f__Pasteurellaceae;g__Haemophilus;s__Haemophilus haemolyticus_K	726.0
MG-Run35-Ech-8	GCF_026344175.1	25	4	15	-2.9210029210043813	0.9982554672190287	d__Bacteria;p__Pseudomonadota;c__Gammaproteobacteria;o__Pseudomonadales;f__Moraxellaceae;g__Acinetobacter;s__Acinetobacter nematophilus	2777946.0
MG-Run35-Ech-8	GCF_000315425.1	25	4	0	4.949747468305833	3.7154918619553e-7	d__Bacteria;p__Pseudomonadota;c__Gammaproteobacteria;o__Burkholderiales;f__Burkholderiaceae;g__Telluria;s__Telluria timonae	47229.0
MG-Run35-Ech-8	GCF_000006945.2	25	4	1	2.041241452319315	0.020613416668581852	d__Bacteria;p__Pseudomonadota;c__Gammaproteobacteria;o__Enterobacterales;f__Enterobacteriaceae;g__Salmonella;s__Salmonella enterica	90371.0
MG-Run35-Ech-8	GCF_003490935.1	25	4	0	4.949747468305833	3.7154918619553e-7	d__Bacteria;p__Pseudomonadota;c__Gammaproteobacteria;o__Enterobacterales;f__Pasteurellaceae;g__Haemophilus;s__Haemophilus haemolyticus_M	726.0
MG-Run35-Ech-8	GCF_001276515.1	25	4	0	4.949747468305833	3.7154918619553e-7	d__Bacteria;p__Pseudomonadota;c__Gammaproteobacteria;o__Enterobacterales;f__Pasteurellaceae;g__Haemophilus;s__Haemophilus sp001276515	726.0
MG-Run35-Ech-8	GCF_000262245.1	25	4	6	-0.9805806756909202	0.836600216165517	d__Bacteria;p__Pseudomonadota;c__Gammaproteobacteria;o__Enterobacterales;f__Pasteurellaceae;g__Basfia;s__Basfia bettyae	1095749.0
MG-Run35-Ech-8	GCF_001591265.1	25	3	377	-19.274953723928952	1.0	d__Bacteria;p__Pseudomonadota;c__Gammaproteobacteria;o__Pseudomonadales;f__Moraxellaceae;g__Moraxella_A;s__Moraxella_A atlantae	34059.0
MG-Run35-Ech-8	GCF_900637665.1	25	3	0	3.5355339059327373	0.00020347600872250293	d__Bacteria;p__Bacteroidota;c__Bacteroidia;o__Flavobacteriales;f__Weeksellaceae;g__Chryseobacterium;s__Chryseobacterium nakagawai	1241982.0
MG-Run35-Ech-8	GCF_019458035.1	25	3	0	3.5355339059327373	0.00020347600872250293	d__Bacteria;p__Bacillota;c__Bacilli;o__Lactobacillales;f__Streptococcaceae;g__Streptococcus;s__Streptococcus oralis_BP	1303.0
MG-Run35-Ech-8	GCF_003030305.1	25	3	0	3.5355339059327373	0.00020347600872250293	d__Bacteria;p__Actinomycetota;c__Actinomycetes;o__Propionibacteriales;f__Propionibacteriaceae;g__Cutibacterium;s__Cutibacterium acnes	765068.0
MG-Run35-Ech-8	GCA_002929465.1	25	2	0	2.1213203435596424	0.01694742676234462	d__Bacteria;p__Actinomycetota;c__Actinomycetes;o__Actinomycetales;f__Micrococcaceae;g__Arthrobacter;s__Arthrobacter scleromae	158897.0
MG-Run35-Ech-8	GCF_000039765.1	25	2	0	2.1213203435596424	0.01694742676234462	d__Bacteria;p__Pseudomonadota;c__Gammaproteobacteria;o__Enterobacterales;f__Vibrionaceae;g__Vibrio;s__Vibrio vulnificus_B	672.0
MG-Run35-Ech-8	GCF_000687165.1	25	2	3	-0.8017837257372732	0.7886609629146824	d__Bacteria;p__Pseudomonadota;c__Gammaproteobacteria;o__Burkholderiales;f__Burkholderiaceae;g__Paracidovorax;s__Paracidovorax oryzae	158751.0
MG-Run35-Ech-8	GCF_002965065.1	25	2	3	-0.8017837257372732	0.7886609629146824	d__Bacteria;p__Pseudomonadota;c__Gammaproteobacteria;o__Enterobacterales;f__Enterobacteriaceae;g__Escherichia;s__Escherichia sp002965065	2093900.0
MG-Run35-Ech-8	GCF_003130255.1	25	2	1	0.4082482904638631	0.34154569915480437	d__Bacteria;p__Pseudomonadota;c__Gammaproteobacteria;o__Enterobacterales;f__Pasteurellaceae;g__Aggregatibacter;s__Aggregatibacter kilianii	732.0
MG-Run35-Ech-8	GCF_000173915.1	25	2	0	2.1213203435596424	0.01694742676234462	d__Bacteria;p__Bacillota;c__Bacilli;o__Staphylococcales;f__Gemellaceae;g__Gemella;s__Gemella haemolysans	1379.0
MG-Run35-Ech-8	GCA_945861275.1	25	2	1	0.4082482904638631	0.34154569915480437	d__Bacteria;p__Pseudomonadota;c__Gammaproteobacteria;o__Burkholderiales;f__SG8-41;g__UBA5216;s__UBA5216 sp945861275	519.0
MG-Run35-Ech-8	GCF_014769185.1	25	2	0	2.1213203435596424	0.01694742676234462	d__Bacteria;p__Pseudomonadota;c__Gammaproteobacteria;o__Pseudomonadales;f__Moraxellaceae;g__Acinetobacter;s__Acinetobacter lwoffii_D	28090.0
MG-Run35-Ech-8	GCF_905205995.1	25	2	0	2.1213203435596424	0.01694742676234462	d__Bacteria;p__Pseudomonadota;c__Gammaproteobacteria;o__Enterobacterales;f__Pasteurellaceae;g__Haemophilus_D;s__Haemophilus_D sp905205995	729.0
MG-Run35-Ech-8	GCF_006384255.1	25	2	0	2.1213203435596424	0.01694742676234462	d__Bacteria;p__Pseudomonadota;c__Gammaproteobacteria;o__Enterobacterales;f__Pasteurellaceae;g__Haemophilus;s__Haemophilus seminalis	2839968.0
MG-Run35-Ech-8	GCF_003942795.1	25	2	0	2.1213203435596424	0.01694742676234462	d__Bacteria;p__Bacillota;c__Bacilli;o__Lactobacillales;f__Streptococcaceae;g__Streptococcus;s__Streptococcus mitis_BJ	28037.0
MG-Run35-Ech-8	GCF_002014965.1	25	2	2	-0.31622776601683794	0.6240851829770754	d__Bacteria;p__Pseudomonadota;c__Gammaproteobacteria;o__Pseudomonadales;f__Moraxellaceae;g__Moraxella;s__Moraxella canis	90239.0
MG-Run35-Ech-8	GCF_002564555.1	25	2	0	2.1213203435596424	0.01694742676234462	d__Bacteria;p__Bacillota;c__Bacilli;o__Bacillales;f__Bacillaceae_G;g__Bacillus_A;s__Bacillus_A cereus_K	1396.0
MG-Run35-Ech-8	GCF_016767715.1	25	1	0	0.7071067811865475	0.23975006109347674	d__Bacteria;p__Actinomycetota;c__Actinomycetes;o__Mycobacteriales;f__Mycobacteriaceae;g__Mycobacterium;s__Mycobacterium gwanakae	1774.0
MG-Run35-Ech-8	GCF_000176175.1	25	1	1	-0.4082482904638631	0.6584543008451956	d__Bacteria;p__Pseudomonadota;c__Gammaproteobacteria;o__Enterobacterales;f__Vibrionaceae;g__Vibrio;s__Vibrio furnissii	675811.0
MG-Run35-Ech-8	GCF_000162475.2	25	1	0	0.7071067811865475	0.23975006109347674	d__Bacteria;p__Bacillota;c__Bacilli;o__Lactobacillales;f__Aerococcaceae;g__Granulicatella;s__Granulicatella elegans_A	626369.0
MG-Run35-Ech-8	GCF_021440515.1	25	1	0	0.7071067811865475	0.23975006109347674	d__Bacteria;p__Pseudomonadota;c__Gammaproteobacteria;o__Enterobacterales;f__Enterobacteriaceae;g__Enterobacter;s__Enterobacter asburiae_E	61645.0
MG-Run35-Ech-8	GCF_001559075.2	25	1	0	0.7071067811865475	0.23975006109347674	d__Bacteria;p__Pseudomonadota;c__Gammaproteobacteria;o__Enterobacterales;f__Enterobacteriaceae;g__Citrobacter_A;s__Citrobacter_A amalonaticus_F	35703.0
MG-Run35-Ech-8	GCF_013282745.1	25	1	1	-0.4082482904638631	0.6584543008451956	d__Bacteria;p__Pseudomonadota;c__Gammaproteobacteria;o__Enterobacterales;f__Enterobacteriaceae;g__Yersinia;s__Yersinia bercovieri	634.0
MG-Run35-Ech-8	GCF_000701685.1	25	1	0	0.7071067811865475	0.23975006109347674	d__Bacteria;p__Bacillota;c__Bacilli;o__Staphylococcales;f__Gemellaceae;g__Gemella;s__Gemella sanguinis	562983.0
MG-Run35-Ech-8	GCF_938021905.1	25	1	0	0.7071067811865475	0.23975006109347674	d__Bacteria;p__Pseudomonadota;c__Gammaproteobacteria;o__Enterobacterales;f__Pasteurellaceae;g__Haemophilus_A;s__Haemophilus_A parahaemolyticus_B	735.0
MG-Run35-Ech-8	GCF_000368865.1	25	1	1	-0.4082482904638631	0.6584543008451956	d__Bacteria;p__Pseudomonadota;c__Gammaproteobacteria;o__Pseudomonadales;f__Moraxellaceae;g__Acinetobacter;s__Acinetobacter bouvetii	1120925.0
MG-Run35-Ech-8	GCF_028609805.1	25	1	0	0.7071067811865475	0.23975006109347674	d__Bacteria;p__Actinomycetota;c__Actinomycetes;o__Mycobacteriales;f__Mycobacteriaceae;g__Corynebacterium;s__Corynebacterium massiliense	1121364.0
MG-Run35-Ech-8	GCF_008692785.1	25	1	0	0.7071067811865475	0.23975006109347674	d__Bacteria;p__Pseudomonadota;c__Gammaproteobacteria;o__Enterobacterales;f__Enterobacteriaceae;g__Salmonella;s__Salmonella diarizonae	59204.0
MG-Run35-Ech-8	GCF_001457455.1	25	1	0	0.7071067811865475	0.23975006109347674	d__Bacteria;p__Actinomycetota;c__Actinomycetes;o__Mycobacteriales;f__Mycobacteriaceae;g__Corynebacterium;s__Corynebacterium diphtheriae	1806053.0
MG-Run35-Ech-8	GCF_018448765.1	25	1	0	0.7071067811865475	0.23975006109347674	d__Bacteria;p__Bacillota;c__Bacilli;o__Lactobacillales;f__Streptococcaceae;g__Streptococcus;s__Streptococcus oralis_BM	1303.0
MG-Run35-Ech-8	GCF_902806985.1	25	1	2	-0.9486832980505138	0.8286091444260443	d__Bacteria;p__Pseudomonadota;c__Gammaproteobacteria;o__Enterobacterales;f__Alteromonadaceae;g__Pseudidiomarina;s__Pseudidiomarina piscicola	287.0
MG-Run35-Ech-8	GCF_001293125.1	25	1	0	0.7071067811865475	0.23975006109347674	d__Bacteria;p__Actinomycetota;c__Actinomycetes;o__Mycobacteriales;f__Mycobacteriaceae;g__Lawsonella;s__Lawsonella clevelandensis	1528099.0
MG-Run35-Ech-8	GCF_019880405.1	25	1	1	-0.4082482904638631	0.6584543008451956	d__Bacteria;p__Pseudomonadota;c__Gammaproteobacteria;o__Enterobacterales;f__Enterobacteriaceae;g__Pseudescherichia;s__Pseudescherichia sp002298805	1951706.0
MG-Run35-Ech-8	GCF_009496285.1	25	1	0	0.7071067811865475	0.23975006109347674	d__Bacteria;p__Bacillota;c__Bacilli;o__Lactobacillales;f__Streptococcaceae;g__Streptococcus;s__Streptococcus mitis_BP	28037.0
MG-Run35-Ech-8	GCA_902363515.1	25	1	1	-0.4082482904638631	0.6584543008451956	d__Bacteria;p__Bacillota_A;c__Clostridia;o__Lachnospirales;f__Lachnospiraceae;g__Blautia;s__Blautia sp000432195	765821.0
MG-Run35-Ech-8	GCF_014155765.1	25	1	0	0.7071067811865475	0.23975006109347674	d__Bacteria;p__Pseudomonadota;c__Gammaproteobacteria;o__Enterobacterales;f__Enterobacteriaceae;g__Pantoea;s__Pantoea dispersa	59814.0
MG-Run35-Ech-8	GCF_012922555.1	25	1	1	-0.4082482904638631	0.6584543008451956	d__Bacteria;p__Bacillota_A;c__Clostridia;o__Peptostreptococcales;f__Peptostreptococcaceae;g__Paraclostridium;s__Paraclostridium dentum	1490.0
MG-Run35-Ech-8	GCF_015602705.1	25	1	2	-0.9486832980505138	0.8286091444260443	d__Bacteria;p__Pseudomonadota;c__Gammaproteobacteria;o__Pseudomonadales;f__Moraxellaceae;g__Acinetobacter;s__Acinetobacter lwoffii_E	28090.0
MG-Run35-Ech-8	GCF_024599655.1	25	1	0	0.7071067811865475	0.23975006109347674	d__Bacteria;p__Pseudomonadota;c__Gammaproteobacteria;o__Enterobacterales;f__Enterobacteriaceae;g__Enterobacter;s__Enterobacter asburiae_D	61645.0
MG-Run35-Ech-8	GCA_900756875.1	25	1	0	0.7071067811865475	0.23975006109347674	d__Bacteria;p__Pseudomonadota;c__Gammaproteobacteria;o__Enterobacterales;f__Pasteurellaceae;g__Haemophilus_D;s__Haemophilus_D sp900756875	1938151.0
MG-Run35-Ech-8	GCF_008080435.1	25	1	0	0.7071067811865475	0.23975006109347674	d__Bacteria;p__Pseudomonadota;c__Gammaproteobacteria;o__Enterobacterales;f__Enterobacteriaceae;g__Enterobacter;s__Enterobacter asburiae_C	61645.0
MG-Run35-Ech-8	GCF_900156515.1	25	1	0	0.7071067811865475	0.23975006109347674	d__Bacteria;p__Pseudomonadota;c__Gammaproteobacteria;o__Pseudomonadales;f__Moraxellaceae;g__Moraxella;s__Moraxella cuniculi	34061.0
MG-Run35-Ech-8	GCF_007833795.1	25	1	0	0.7071067811865475	0.23975006109347674	d__Bacteria;p__Pseudomonadota;c__Gammaproteobacteria;o__Enterobacterales;f__Enterobacteriaceae;g__Pantoea;s__Pantoea soli	59814.0
MG-Run35-Ech-8	GCF_009914335.1	25	1	0	0.7071067811865475	0.23975006109347674	d__Bacteria;p__Pseudomonadota;c__Gammaproteobacteria;o__Enterobacterales;f__Enterobacteriaceae;g__Proteus;s__Proteus sp003144505	2794025.0
MG-Run35-Ech-8	GCF_000215745.1	25	1	0	0.7071067811865475	0.23975006109347674	d__Bacteria;p__Pseudomonadota;c__Gammaproteobacteria;o__Enterobacterales;f__Enterobacteriaceae;g__Klebsiella;s__Klebsiella aerogenes	548.0
MG-Run35-Ech-8	GCF_005696695.1	25	1	0	0.7071067811865475	0.23975006109347674	d__Bacteria;p__Actinomycetota;c__Actinomycetes;o__Actinomycetales;f__Actinomycetaceae;g__Pauljensenia;s__Pauljensenia odontolytica_C	29317.0
MG-Run35-Ech-8	GCF_021602155.1	25	1	0	0.7071067811865475	0.23975006109347674	d__Bacteria;p__Pseudomonadota;c__Gammaproteobacteria;o__Pseudomonadales;f__Pseudomonadaceae;g__Pseudomonas_E;s__Pseudomonas_E parakoreensis	550743.0
MG-Run35-Ech-8	GCF_000354175.2	25	1	0	0.7071067811865475	0.23975006109347674	d__Bacteria;p__Pseudomonadota;c__Gammaproteobacteria;o__Enterobacterales;f__Vibrionaceae;g__Vibrio;s__Vibrio alginolyticus	663.0
MG-Run35-Ech-8	GCF_002918705.1	25	1	0	0.7071067811865475	0.23975006109347674	d__Bacteria;p__Pseudomonadota;c__Gammaproteobacteria;o__Enterobacterales;f__Enterobacteriaceae;g__Pseudescherichia;s__Pseudescherichia sp002918705	1951671.0
MG-Run35-Ech-8	GCF_000014425.1	25	1	0	0.7071067811865475	0.23975006109347674	d__Bacteria;p__Bacillota;c__Bacilli;o__Lactobacillales;f__Lactobacillaceae;g__Lactobacillus;s__Lactobacillus gasseri	1596.0
MG-Run35-Ech-8	GCF_001729765.1	25	1	0	0.7071067811865475	0.23975006109347674	d__Bacteria;p__Pseudomonadota;c__Gammaproteobacteria;o__Enterobacterales;f__Enterobacteriaceae;g__Enterobacter;s__Enterobacter kobei	208224.0
MG-Run35-Ech-8	GCF_021602345.1	25	1	0	0.7071067811865475	0.23975006109347674	d__Bacteria;p__Pseudomonadota;c__Gammaproteobacteria;o__Pseudomonadales;f__Pseudomonadaceae;g__Pseudomonas_E;s__Pseudomonas_E pharyngis	1981743.0
MG-Run35-Ech-8	GCF_002928115.1	25	1	0	0.7071067811865475	0.23975006109347674	d__Bacteria;p__Pseudomonadota;c__Gammaproteobacteria;o__Pseudomonadales;f__Moraxellaceae;g__Acinetobacter;s__Acinetobacter pittii_H	48296.0
MG-Run35-Ech-8	GCA_025736915.1	25	1	0	0.7071067811865475	0.23975006109347674	d__Bacteria;p__Pseudomonadota;c__Gammaproteobacteria;o__Pseudomonadales;f__Moraxellaceae;g__Acinetobacter;s__Acinetobacter nosocomialis_A	106654.0
MG-Run35-Ech-8	GCF_030515985.1	25	1	0	0.7071067811865475	0.23975006109347674	d__Bacteria;p__Actinomycetota;c__Actinomycetes;o__Mycobacteriales;f__Mycobacteriaceae;g__Corynebacterium;s__Corynebacterium sp022346005	2918194.0
MG-Run35-Ech-8	GCF_014845115.1	25	1	0	0.7071067811865475	0.23975006109347674	d__Bacteria;p__Pseudomonadota;c__Alphaproteobacteria;o__Rhizobiales;f__Beijerinckiaceae;g__Methylobacterium;s__Methylobacterium zatmanii	29429.0
MG-Run35-Ech-8	GCF_002900365.1	25	1	0	0.7071067811865475	0.23975006109347674	d__Bacteria;p__Pseudomonadota;c__Gammaproteobacteria;o__Enterobacterales;f__Enterobacteriaceae;g__Escherichia;s__Escherichia marmotae	2093895.0
MG-Run35-Ech-8	GCF_001053575.1	25	1	0	0.7071067811865475	0.23975006109347674	d__Bacteria;p__Pseudomonadota;c__Gammaproteobacteria;o__Enterobacterales;f__Pasteurellaceae;g__Haemophilus_D;s__Haemophilus_D parainfluenzae_S	729.0
MG-Run35-Ech-8	GCF_001598695.1	25	1	0	0.7071067811865475	0.23975006109347674	d__Bacteria;p__Pseudomonadota;c__Gammaproteobacteria;o__Enterobacterales;f__Enterobacteriaceae;g__Klebsiella;s__Klebsiella oxytoca	571.0
MG-Run35-Ech-8	GCF_020176695.1	25	1	3	-1.3363062095621219	0.9092753961392899	d__Bacteria;p__Pseudomonadota;c__Gammaproteobacteria;o__Burkholderiales;f__Burkholderiaceae;g__Telluria;s__Telluria sp020176695	2878200.0
MG-Run35-Ech-8	GCF_900637305.1	25	1	0	0.7071067811865475	0.23975006109347674	d__Bacteria;p__Pseudomonadota;c__Gammaproteobacteria;o__Cardiobacteriales;f__Cardiobacteriaceae;g__Cardiobacterium;s__Cardiobacterium hominis	2718.0
MG-Run35-Ech-8	GCF_002027545.1	25	1	0	0.7071067811865475	0.23975006109347674	d__Bacteria;p__Pseudomonadota;c__Gammaproteobacteria;o__Pseudomonadales;f__Moraxellaceae;g__Moraxella;s__Moraxella lacunata	1223506.0
MG-Run35-Ech-8	GCF_003143515.1	25	1	0	0.7071067811865475	0.23975006109347674	d__Bacteria;p__Pseudomonadota;c__Gammaproteobacteria;o__Burkholderiales;f__Burkholderiaceae;g__Telluria;s__Telluria oculi	945844.0
MG-Run35-Ech-8	GCF_001975225.1	25	1	1	-0.4082482904638631	0.6584543008451956	d__Bacteria;p__Pseudomonadota;c__Gammaproteobacteria;o__Enterobacterales;f__Enterobacteriaceae;g__Kosakonia;s__Kosakonia cowanii	1399146.0
MG-Run35-Ech-8	GCF_020736705.1	25	1	2	-0.9486832980505138	0.8286091444260443	d__Bacteria;p__Pseudomonadota;c__Gammaproteobacteria;o__Pseudomonadales;f__Moraxellaceae;g__Psychrobacter;s__Psychrobacter sanguinis	861445.0
MG-Run35-Ech-8	GCF_001457475.1	25	1	1	-0.4082482904638631	0.6584543008451956	d__Bacteria;p__Pseudomonadota;c__Gammaproteobacteria;o__Burkholderiales;f__Burkholderiaceae;g__Achromobacter;s__Achromobacter xylosoxidans	85698.0
MG-Run35-Ech-8	GCF_900176115.1	25	1	0	0.7071067811865475	0.23975006109347674	d__Bacteria;p__Bacillota_A;c__Clostridia;o__Tissierellales;f__Peptoniphilaceae;g__Peptoniphilus;s__Peptoniphilus asaccharolyticus	1258.0
MG-Run35-Ech-8	GCF_900636765.1	25	1	0	0.7071067811865475	0.23975006109347674	d__Bacteria;p__Pseudomonadota;c__Gammaproteobacteria;o__Burkholderiales;f__Neisseriaceae;g__Neisseria;s__Neisseria canis	493.0
MG-Run35-Ech-8	GCF_004217095.1	25	1	5	-1.9188064472004938	0.9724955831853671	d__Bacteria;p__Pseudomonadota;c__Gammaproteobacteria;o__Burkholderiales;f__Burkholderiaceae;g__Advenella;s__Advenella incenata	2490496.0
MG-Run35-Ech-8	GCF_000176515.1	25	1	1	-0.4082482904638631	0.6584543008451956	d__Bacteria;p__Pseudomonadota;c__Gammaproteobacteria;o__Enterobacterales;f__Vibrionaceae;g__Enterovibrio;s__Enterovibrio hollisae	673.0
MG-Run35-Ech-8	GCF_030718935.1	25	1	0	0.7071067811865475	0.23975006109347674	d__Bacteria;p__Pseudomonadota;c__Gammaproteobacteria;o__Pseudomonadales;f__Moraxellaceae;g__Psychrobacter;s__Psychrobacter immobilis_G	498.0
MG-Run35-Ech-8	GCF_900638025.1	25	1	0	0.7071067811865475	0.23975006109347674	d__Bacteria;p__Pseudomonadota;c__Gammaproteobacteria;o__Enterobacterales;f__Pasteurellaceae;g__Haemophilus_D;s__Haemophilus_D parainfluenzae_J	729.0
MG-Run35-Ech-8	GCF_001040945.1	25	1	1	-0.4082482904638631	0.6584543008451956	d__Bacteria;p__Pseudomonadota;c__Gammaproteobacteria;o__Burkholderiales;f__Burkholderiaceae;g__Herbaspirillum;s__Herbaspirillum seropedicae	1892903.0
MG-Run35-Ech-8	GCF_000368025.1	25	1	3	-1.3363062095621219	0.9092753961392899	d__Bacteria;p__Pseudomonadota;c__Gammaproteobacteria;o__Pseudomonadales;f__Moraxellaceae;g__Acinetobacter;s__Acinetobacter parvus	1144668.0
MG-Run35-Ech-8	GCF_018323885.1	25	1	0	0.7071067811865475	0.23975006109347674	d__Bacteria;p__Pseudomonadota;c__Gammaproteobacteria;o__Enterobacterales;f__Enterobacteriaceae;g__Citrobacter_A;s__Citrobacter_A amalonaticus	2742620.0
MG-Run35-Ech-8	GCF_900454865.1	25	1	0	0.7071067811865475	0.23975006109347674	d__Bacteria;p__Pseudomonadota;c__Gammaproteobacteria;o__Enterobacterales;f__Pasteurellaceae;g__Pasteurella;s__Pasteurella canis	747.0
MG-Run35-Ech-8	GCF_900104775.1	25	1	0	0.7071067811865475	0.23975006109347674	d__Bacteria;p__Actinomycetota;c__Actinomycetes;o__Mycobacteriales;f__Mycobacteriaceae;g__Tsukamurella;s__Tsukamurella tyrosinosolvens	57704.0
MG-Run35-Ech-8	GCF_900450995.1	25	1	0	0.7071067811865475	0.23975006109347674	d__Bacteria;p__Pseudomonadota;c__Gammaproteobacteria;o__Enterobacterales;f__Pasteurellaceae;g__Haemophilus_D;s__Haemophilus_D parainfluenzae_O	729.0
MG-Run35-Ech-8	GCA_900478215.1	25	1	0	0.7071067811865475	0.23975006109347674	d__Bacteria;p__Pseudomonadota;c__Gammaproteobacteria;o__Enterobacterales;f__Enterobacteriaceae;g__Salmonella;s__Salmonella houtenae	28901.0
MG-Run35-Ech-8	GCF_904846185.1	25	1	1	-0.4082482904638631	0.6584543008451956	d__Bacteria;p__Pseudomonadota;c__Gammaproteobacteria;o__Pseudomonadales;f__Moraxellaceae;g__Psychrobacter;s__Psychrobacter immobilis_B	498.0
MG-Run35-Ech-8	GCF_900106665.1	25	1	0	0.7071067811865475	0.23975006109347674	d__Bacteria;p__Pseudomonadota;c__Alphaproteobacteria;o__Rhodobacterales;f__Rhodobacteraceae;g__Paracoccus;s__Paracoccus sanguinis	1545044.0
MG-Run35-Ech-8	GCF_000759775.1	25	1	1	-0.4082482904638631	0.6584543008451956	d__Bacteria;p__Pseudomonadota;c__Gammaproteobacteria;o__Enterobacterales;f__Enterobacteriaceae;g__Escherichia;s__Escherichia albertii	208962.0
MG-Run35-Ech-8	GCF_902825325.1	25	1	0	0.7071067811865475	0.23975006109347674	d__Bacteria;p__Pseudomonadota;c__Alphaproteobacteria;o__Rhizobiales;f__Rhizobiaceae;g__Ochrobactrum;s__Ochrobactrum sp003176975	94626.0
MG-Run35-Ech-8	GCF_000807675.2	25	1	0	0.7071067811865475	0.23975006109347674	d__Bacteria;p__Bacillota_A;c__Clostridia;o__Eubacteriales;f__Eubacteriaceae;g__Eubacterium;s__Eubacterium limosum	1736.0
MG-Run35-Ech-8	GCA_017160915.1	25	1	0	0.7071067811865475	0.23975006109347674	d__Bacteria;p__Pseudomonadota;c__Gammaproteobacteria;o__Enterobacterales;f__Pasteurellaceae;g__Aggregatibacter;s__Aggregatibacter actinomycetemcomitans_B	714.0
MG-Run35-Ech-8	GCF_003589745.1	25	1	0	0.7071067811865475	0.23975006109347674	d__Bacteria;p__Bacillota_A;c__Clostridia;o__Lachnospirales;f__Lachnospiraceae;g__Lachnoanaerobaculum;s__Lachnoanaerobaculum umeaense	617123.0
MG-Run35-Ech-8	GCF_013248965.1	25	1	0	0.7071067811865475	0.23975006109347674	d__Bacteria;p__Pseudomonadota;c__Gammaproteobacteria;o__Pseudomonadales;f__Moraxellaceae;g__Psychrobacter;s__Psychrobacter okhotskensis	498.0
MG-Run35-Ech-8	GCF_000368925.1	25	1	0	0.7071067811865475	0.23975006109347674	d__Bacteria;p__Pseudomonadota;c__Gammaproteobacteria;o__Pseudomonadales;f__Moraxellaceae;g__Acinetobacter;s__Acinetobacter bereziniae	106648.0
MG-Run35-Ech-8	GCA_946190245.1	25	1	0	0.7071067811865475	0.23975006109347674	d__Bacteria;p__Bacillota;c__Bacilli;o__Lactobacillales;f__Streptococcaceae;g__Streptococcus;s__Streptococcus mitis_CT	28037.0
MG-Run35-Ech-8	GCF_904846225.1	25	1	0	0.7071067811865475	0.23975006109347674	d__Bacteria;p__Pseudomonadota;c__Gammaproteobacteria;o__Pseudomonadales;f__Moraxellaceae;g__Psychrobacter;s__Psychrobacter immobilis_F	498.0
MG-Run35-Ech-8	GCF_000252995.1	25	1	1	-0.4082482904638631	0.6584543008451956	d__Bacteria;p__Pseudomonadota;c__Gammaproteobacteria;o__Enterobacterales;f__Enterobacteriaceae;g__Salmonella;s__Salmonella bongori	54736.0
MG-Run35-Ech-8	GCF_003994415.1	25	1	0	0.7071067811865475	0.23975006109347674	d__Bacteria;p__Pseudomonadota;c__Gammaproteobacteria;o__Burkholderiales;f__Burkholderiaceae;g__Achromobacter;s__Achromobacter spanius_C	2897384.0
MG-Run35-Ech-8	GCF_000369005.1	25	1	0	0.7071067811865475	0.23975006109347674	d__Bacteria;p__Pseudomonadota;c__Gammaproteobacteria;o__Pseudomonadales;f__Moraxellaceae;g__Acinetobacter;s__Acinetobacter beijerinckii	262668.0
MG-Run35-Ech-8	GCF_000427865.1	25	1	0	0.7071067811865475	0.23975006109347674	d__Bacteria;p__Actinomycetota;c__Actinomycetes;o__Mycobacteriales;f__Mycobacteriaceae;g__Corynebacterium;s__Corynebacterium sputi	1111729.0
MG-Run35-Ech-8	GCF_003667225.1	25	1	0	0.7071067811865475	0.23975006109347674	d__Bacteria;p__Actinomycetota;c__Actinomycetes;o__Actinomycetales;f__Micrococcaceae;g__Kocuria;s__Kocuria rhizophila	72000.0
MG-Run35-Ech-8	GCF_001586215.1	25	1	0	0.7071067811865475	0.23975006109347674	d__Bacteria;p__Actinomycetota;c__Actinomycetes;o__Mycobacteriales;f__Mycobacteriaceae;g__Corynebacterium;s__Corynebacterium simulans	146827.0
MG-Run35-Ech-8	GCF_000188255.1	25	1	0	0.7071067811865475	0.23975006109347674	d__Bacteria;p__Pseudomonadota;c__Gammaproteobacteria;o__Enterobacterales;f__Pasteurellaceae;g__Actinobacillus;s__Actinobacillus ureae	723.0
MG-Run35-Ech-8	GCF_004792415.1	25	1	0	0.7071067811865475	0.23975006109347674	d__Bacteria;p__Pseudomonadota;c__Gammaproteobacteria;o__Enterobacterales;f__Enterobacteriaceae;g__Pantoea;s__Pantoea vagans	470934.0
MG-Run35-Ech-8	GCF_004353185.1	25	1	1	-0.4082482904638631	0.6584543008451956	d__Bacteria;p__Bacillota_A;c__Clostridia;o__Clostridiales;f__Clostridiaceae;g__Clostridium;s__Clostridium cuniculi	2548455.0
MG-Run35-Ech-8	GCF_000213805.1	25	1	2	-0.9486832980505138	0.8286091444260443	d__Bacteria;p__Pseudomonadota;c__Gammaproteobacteria;o__Pseudomonadales;f__Pseudomonadaceae;g__Pseudomonas_E;s__Pseudomonas_E fulva_B	1283289.0
MG-Run35-Ech-8	GCF_001691555.1	25	1	0	0.7071067811865475	0.23975006109347674	d__Bacteria;p__Pseudomonadota;c__Gammaproteobacteria;o__Enterobacterales;f__Enterobacteriaceae;g__Pantoea;s__Pantoea borealis	1947030.0
MG-Run35-Ech-8	GCF_001277215.2	25	1	2	-0.9486832980505138	0.8286091444260443	d__Bacteria;p__Pseudomonadota;c__Gammaproteobacteria;o__Enterobacterales;f__Enterobacteriaceae;g__Cronobacter;s__Cronobacter malonaticus	1128983.0
MG-Run35-Ech-8	GCF_900637635.1	25	1	0	0.7071067811865475	0.23975006109347674	d__Bacteria;p__Pseudomonadota;c__Gammaproteobacteria;o__Legionellales;f__Legionellaceae;g__Tatlockia;s__Tatlockia jordanis	456.0
MG-Run35-Ech-8	GCF_006757745.1	25	1	5	-1.9188064472004938	0.9724955831853671	d__Bacteria;p__Pseudomonadota;c__Gammaproteobacteria;o__Pseudomonadales;f__Moraxellaceae;g__Acinetobacter;s__Acinetobacter radioresistens	40216.0
MG-Run35-Ech-8	GCF_000369045.1	25	1	3	-1.3363062095621219	0.9092753961392899	d__Bacteria;p__Pseudomonadota;c__Gammaproteobacteria;o__Pseudomonadales;f__Moraxellaceae;g__Acinetobacter;s__Acinetobacter pittii	48296.0
MG-Run35-Ech-8	GCF_000622145.1	25	1	0	0.7071067811865475	0.23975006109347674	d__Bacteria;p__Pseudomonadota;c__Alphaproteobacteria;o__Rhodobacterales;f__Rhodobacteraceae;g__Paracoccus;s__Paracoccus yeei	147645.0
MG-Run35-Ech-8	GCA_015356505.1	25	1	0	0.7071067811865475	0.23975006109347674	d__Bacteria;p__Pseudomonadota;c__Gammaproteobacteria;o__Enterobacterales;f__Enterobacteriaceae;g__Morganella;s__Morganella morganii_E	582.0
MG-Run35-Ech-8	GCF_000368685.1	25	1	3	-1.3363062095621219	0.9092753961392899	d__Bacteria;p__Pseudomonadota;c__Gammaproteobacteria;o__Pseudomonadales;f__Moraxellaceae;g__Acinetobacter;s__Acinetobacter baylyi	202950.0
MG-Run35-Ech-8	GCF_030408675.1	25	1	0	0.7071067811865475	0.23975006109347674	d__Bacteria;p__Actinomycetota;c__Actinomycetes;o__Mycobacteriales;f__Mycobacteriaceae;g__Corynebacterium;s__Corynebacterium durum	556548.0
MG-Run35-Ech-8	GCF_000263715.2	25	1	0	0.7071067811865475	0.23975006109347674	d__Bacteria;p__Pseudomonadota;c__Gammaproteobacteria;o__Pseudomonadales;f__Pseudomonadaceae;g__Pseudomonas_E;s__Pseudomonas_E synxantha_A	33069.0
MG-Run35-Ech-8	GCF_000379905.1	25	1	0	0.7071067811865475	0.23975006109347674	d__Bacteria;p__Pseudomonadota;c__Gammaproteobacteria;o__Enterobacterales;f__Pasteurellaceae;g__Rodentibacter;s__Rodentibacter pneumotropicus	758.0
MG-Run35-Ech-8	GCA_900455155.1	25	1	0	0.7071067811865475	0.23975006109347674	d__Bacteria;p__Pseudomonadota;c__Gammaproteobacteria;o__Enterobacterales;f__Enterobacteriaceae;g__Providencia_C;s__Providencia_C stuartii	588.0
MG-Run35-Ech-8	GCF_000210895.1	25	1	0	0.7071067811865475	0.23975006109347674	d__Bacteria;p__Pseudomonadota;c__Gammaproteobacteria;o__Enterobacterales;f__Pasteurellaceae;g__Haemophilus_D;s__Haemophilus_D parainfluenzae_A	862965.0
MG-Run35-Ech-8	GCF_009183365.2	25	1	1	-0.4082482904638631	0.6584543008451956	d__Bacteria;p__Pseudomonadota;c__Gammaproteobacteria;o__Enterobacterales;f__Shewanellaceae;g__Shewanella;s__Shewanella algae	38313.0
MG-Run35-Ech-8	GCF_900445255.1	25	1	0	0.7071067811865475	0.23975006109347674	d__Bacteria;p__Pseudomonadota;c__Gammaproteobacteria;o__Enterobacterales;f__Succinivibrionaceae;g__Anaerobiospirillum_A;s__Anaerobiospirillum_A thomasii	179995.0
MG-Run35-Ech-8	GCF_902702935.1	25	1	0	0.7071067811865475	0.23975006109347674	d__Bacteria;p__Actinomycetota;c__Actinomycetes;o__Mycobacteriales;f__Mycobacteriaceae;g__Corynebacterium;s__Corynebacterium rouxii	2719119.0
MG-Run35-Ech-9	GCF_001632285.1	25	4550	1	3713.834698349762	0.0	d__Bacteria;p__Pseudomonadota;c__Gammaproteobacteria;o__Pseudomonadales;f__Moraxellaceae;g__Moraxella;s__Moraxella catarrhalis	480.0
MG-Run35-Ech-9	GCF_002014765.1	25	2924	4	1376.265498449417	0.0	d__Bacteria;p__Pseudomonadota;c__Gammaproteobacteria;o__Pseudomonadales;f__Moraxellaceae;g__Moraxella_C;s__Moraxella_C lincolnii	90241.0
MG-Run35-Ech-9	GCF_003942765.1	25	2018	0	2853.175862087719	0.0	d__Bacteria;p__Bacillota;c__Bacilli;o__Lactobacillales;f__Streptococcaceae;g__Streptococcus;s__Streptococcus mitis_BE	28037.0
MG-Run35-Ech-9	GCF_000375525.1	25	1113	0	1573.312588140068	0.0	d__Bacteria;p__Actinomycetota;c__Actinomycetes;o__Mycobacteriales;f__Mycobacteriaceae;g__Corynebacterium;s__Corynebacterium propinquum	43769.0
MG-Run35-Ech-9	GCF_000469305.1	25	670	0	946.815980008787	0.0	d__Bacteria;p__Bacillota_I;c__Bacilli_A;o__Erysipelotrichales;f__Erysipelotrichaceae;g__Faecalitalea;s__Faecalitalea cylindroides	39483.0
MG-Run35-Ech-9	GCF_000820085.1	25	617	0	871.8626612030131	0.0	d__Bacteria;p__Pseudomonadota;c__Gammaproteobacteria;o__Enterobacterales;f__Aeromonadaceae;g__Aeromonas;s__Aeromonas sanarellii	2778058.0
MG-Run35-Ech-9	GCF_019703545.1	25	444	0	627.2037149124676	0.0	d__Bacteria;p__Pseudomonadota;c__Gammaproteobacteria;o__Enterobacterales;f__Pasteurellaceae;g__Haemophilus;s__Haemophilus influenzae_E	727.0
MG-Run35-Ech-9	GCF_000245815.1	25	362	0	511.23820279787384	0.0	d__Bacteria;p__Bacillota;c__Bacilli;o__Lactobacillales;f__Carnobacteriaceae;g__Dolosigranulum;s__Dolosigranulum pigrum	29394.0
MG-Run35-Ech-9	GCF_015477355.1	25	292	0	412.2432534317572	0.0	d__Bacteria;p__Actinomycetota;c__Actinomycetes;o__Mycobacteriales;f__Mycobacteriaceae;g__Nocardia;s__Nocardia blacklockiae	480036.0
MG-Run35-Ech-9	GCF_003943815.1	25	229	0	323.1477990022522	0.0	d__Bacteria;p__Bacillota;c__Bacilli;o__Lactobacillales;f__Streptococcaceae;g__Streptococcus;s__Streptococcus cristatus_F	45634.0
MG-Run35-Ech-9	GCF_001457655.1	25	228	0	321.7335854398791	0.0	d__Bacteria;p__Pseudomonadota;c__Gammaproteobacteria;o__Enterobacterales;f__Pasteurellaceae;g__Haemophilus;s__Haemophilus influenzae	727.0
MG-Run35-Ech-9	GCF_902825235.1	25	206	0	290.620887067671	0.0	d__Bacteria;p__Pseudomonadota;c__Alphaproteobacteria;o__Rhizobiales;f__Rhizobiaceae;g__Bartonella;s__Bartonella vinsonii	33047.0
MG-Run35-Ech-9	GCF_003943825.1	25	201	0	283.5498192558055	0.0	d__Bacteria;p__Bacillota;c__Bacilli;o__Lactobacillales;f__Streptococcaceae;g__Streptococcus;s__Streptococcus oralis_CD	1303.0
MG-Run35-Ech-9	GCF_002238115.1	25	192	0	270.8218971944477	0.0	d__Bacteria;p__Bacillota;c__Bacilli;o__Lactobacillales;f__Streptococcaceae;g__Streptococcus;s__Streptococcus sp002238115	257758.0
MG-Run35-Ech-9	GCF_003991585.1	25	130	0	183.1406563273158	0.0	d__Bacteria;p__Pseudomonadota;c__Gammaproteobacteria;o__Burkholderiales;f__Burkholderiaceae;g__Saezia;s__Saezia sanguinis	1965230.0
MG-Run35-Ech-9	GCF_000688415.1	25	125	0	176.06958851545033	0.0	d__Bacteria;p__Actinomycetota;c__Actinomycetes;o__Mycobacteriales;f__Mycobacteriaceae;g__Corynebacterium;s__Corynebacterium pseudodiphtheriticum	37637.0
MG-Run35-Ech-9	GCF_002984305.1	25	124	0	174.65537495307723	0.0	d__Bacteria;p__Pseudomonadota;c__Gammaproteobacteria;o__Enterobacterales;f__Pasteurellaceae;g__Haemophilus;s__Haemophilus influenzae_H	727.0
MG-Run35-Ech-9	GCF_013417155.1	25	102	0	143.54267658086914	0.0	d__Bacteria;p__Pseudomonadota;c__Gammaproteobacteria;o__Pseudomonadales;f__Moraxellaceae;g__Acinetobacter;s__Acinetobacter sp013417155	28090.0
MG-Run35-Ech-9	GCF_010858045.1	25	78	0	109.60155108391486	0.0	d__Bacteria;p__Actinomycetota;c__Actinomycetes;o__Mycobacteriales;f__Mycobacteriaceae;g__Nocardia;s__Nocardia cyriacigeorgica_E	135487.0
MG-Run35-Ech-9	GCF_904848165.1	25	66	0	92.63098833543772	0.0	d__Bacteria;p__Pseudomonadota;c__Gammaproteobacteria;o__Pseudomonadales;f__Moraxellaceae;g__Psychrobacter;s__Psychrobacter arenosus	256326.0
MG-Run35-Ech-9	GCF_014647715.1	25	63	17	10.876580344942981	0.0	d__Bacteria;p__Pseudomonadota;c__Gammaproteobacteria;o__Pseudomonadales;f__Moraxellaceae;g__Moraxella_A;s__Moraxella_A cinereus	1946462.0
MG-Run35-Ech-9	GCF_001656295.1	25	60	2	36.36619309193636	0.0	d__Bacteria;p__Pseudomonadota;c__Gammaproteobacteria;o__Pseudomonadales;f__Moraxellaceae;g__Moraxella;s__Moraxella catarrhalis_C	480.0
MG-Run35-Ech-9	GCF_002561295.1	25	50	0	70.0035713374682	0.0	d__Bacteria;p__Bacillota;c__Bacilli;o__Bacillales;f__Bacillaceae_G;g__Bacillus_A;s__Bacillus_A cereus_S	1396.0
MG-Run35-Ech-9	GCF_900637665.1	25	40	0	55.86143571373725	0.0	d__Bacteria;p__Bacteroidota;c__Bacteroidia;o__Flavobacteriales;f__Weeksellaceae;g__Chryseobacterium;s__Chryseobacterium nakagawai	1241982.0
MG-Run35-Ech-9	GCF_900460215.1	25	32	1	24.903145718295647	0.0	d__Bacteria;p__Pseudomonadota;c__Gammaproteobacteria;o__Cardiobacteriales;f__Cardiobacteriaceae;g__Suttonella;s__Suttonella indologenes	13276.0
MG-Run35-Ech-9	GCF_003970865.1	25	32	1	24.903145718295647	0.0	d__Bacteria;p__Pseudomonadota;c__Gammaproteobacteria;o__Xanthomonadales;f__Xanthomonadaceae;g__Stenotrophomonas;s__Stenotrophomonas maltophilia_AR	40324.0
MG-Run35-Ech-9	GCF_000368145.1	25	30	954	-29.923951979024334	1.0	d__Bacteria;p__Pseudomonadota;c__Gammaproteobacteria;o__Pseudomonadales;f__Moraxellaceae;g__Acinetobacter;s__Acinetobacter guillouiae	2929509.0
MG-Run35-Ech-9	GCF_023520795.1	25	29	0	40.30508652763321	0.0	d__Bacteria;p__Actinomycetota;c__Actinomycetes;o__Mycobacteriales;f__Mycobacteriaceae;g__Corynebacterium;s__Corynebacterium accolens	38284.0
MG-Run35-Ech-9	GCF_005888195.1	25	26	0	36.062445840513924	0.0	d__Bacteria;p__Pseudomonadota;c__Gammaproteobacteria;o__Enterobacterales;f__Pasteurellaceae;g__Haemophilus;s__Haemophilus aegyptius	197575.0
MG-Run35-Ech-9	GCF_900475755.1	25	25	0	34.648232278140824	0.0	d__Bacteria;p__Pseudomonadota;c__Gammaproteobacteria;o__Enterobacterales;f__Pasteurellaceae;g__Haemophilus;s__Haemophilus influenzae_D	727.0
MG-Run35-Ech-9	GCF_001679005.1	25	21	0	28.991378028648448	0.0	d__Bacteria;p__Pseudomonadota;c__Gammaproteobacteria;o__Pseudomonadales;f__Moraxellaceae;g__Moraxella;s__Moraxella nonliquefaciens	478.0
MG-Run35-Ech-9	GCF_010868145.1	25	20	0	27.577164466275352	0.0	d__Bacteria;p__Actinomycetota;c__Actinomycetes;o__Mycobacteriales;f__Mycobacteriaceae;g__Nocardia;s__Nocardia cyriacigeorgica_D	135487.0
MG-Run35-Ech-9	GCF_000740775.1	25	19	2	10.435516278555651	0.0	d__Bacteria;p__Pseudomonadota;c__Alphaproteobacteria;o__Rhodobacterales;f__Rhodobacteraceae;g__Haematobacter;s__Haematobacter missouriensis	366616.0
MG-Run35-Ech-9	GCF_009183365.2	25	19	1	14.288690166235208	0.0	d__Bacteria;p__Pseudomonadota;c__Gammaproteobacteria;o__Enterobacterales;f__Shewanellaceae;g__Shewanella;s__Shewanella algae	38313.0
MG-Run35-Ech-9	GCF_003493605.1	25	18	0	24.74873734152916	0.0	d__Bacteria;p__Pseudomonadota;c__Gammaproteobacteria;o__Enterobacterales;f__Pasteurellaceae;g__Haemophilus;s__Haemophilus haemolyticus_J	726.0
MG-Run35-Ech-9	GCF_002014965.1	25	16	2	8.538149682454623	0.0	d__Bacteria;p__Pseudomonadota;c__Gammaproteobacteria;o__Pseudomonadales;f__Moraxellaceae;g__Moraxella;s__Moraxella canis	90239.0
MG-Run35-Ech-9	GCF_026344175.1	25	16	15	0.1270001270001905	0.4494701490160631	d__Bacteria;p__Pseudomonadota;c__Gammaproteobacteria;o__Pseudomonadales;f__Moraxellaceae;g__Acinetobacter;s__Acinetobacter nematophilus	2777946.0
MG-Run35-Ech-9	GCF_009932725.1	25	16	0	21.920310216782973	0.0	d__Bacteria;p__Pseudomonadota;c__Gammaproteobacteria;o__Pseudomonadales;f__Pseudomonadaceae;g__Pseudomonas_E;s__Pseudomonas_E yangonensis	2579922.0
MG-Run35-Ech-9	GCF_000740795.1	25	15	0	20.506096654409877	0.0	d__Bacteria;p__Pseudomonadota;c__Alphaproteobacteria;o__Rhodobacterales;f__Rhodobacteraceae;g__Haematobacter;s__Haematobacter massiliensis	195105.0
MG-Run35-Ech-9	GCF_900453205.1	25	13	0	17.677669529663685	0.0	d__Bacteria;p__Pseudomonadota;c__Gammaproteobacteria;o__Pseudomonadales;f__Moraxellaceae;g__Moraxella;s__Moraxella lacunata_B	477.0
MG-Run35-Ech-9	GCF_000222025.1	25	11	0	14.849242404917497	0.0	d__Bacteria;p__Pseudomonadota;c__Gammaproteobacteria;o__Enterobacterales;f__Pasteurellaceae;g__Haemophilus;s__Haemophilus haemolyticus_G	1028803.0
MG-Run35-Ech-9	GCA_001752465.1	25	11	0	14.849242404917497	0.0	d__Bacteria;p__Pseudomonadota;c__Gammaproteobacteria;o__Enterobacterales;f__Pasteurellaceae;g__Haemophilus;s__Haemophilus quentini	726.0
MG-Run35-Ech-9	GCF_014838735.1	25	10	0	13.435028842544401	0.0	d__Bacteria;p__Bacillota;c__Bacilli;o__Lactobacillales;f__Lactobacillaceae;g__Limosilactobacillus;s__Limosilactobacillus portuensis	2742601.0
MG-Run35-Ech-9	GCA_010604095.1	25	9	0	12.020815280171307	0.0	d__Bacteria;p__Bacillota;c__Bacilli;o__Lactobacillales;f__Streptococcaceae;g__Streptococcus;s__Streptococcus sp000187445	1316412.0
MG-Run35-Ech-9	GCF_003243515.1	25	9	23	-2.991121614150501	0.9986102261363858	d__Bacteria;p__Actinomycetota;c__Actinomycetes;o__Mycobacteriales;f__Mycobacteriaceae;g__Corynebacterium;s__Corynebacterium kroppenstedtii_B	161879.0
MG-Run35-Ech-9	GCF_018252635.1	25	8	0	10.606601717798211	0.0	d__Bacteria;p__Pseudomonadota;c__Gammaproteobacteria;o__Enterobacterales;f__Enterobacteriaceae;g__Citrobacter_A;s__Citrobacter_A amalonaticus_E	35703.0
MG-Run35-Ech-9	GCF_001276515.1	25	8	0	10.606601717798211	0.0	d__Bacteria;p__Pseudomonadota;c__Gammaproteobacteria;o__Enterobacterales;f__Pasteurellaceae;g__Haemophilus;s__Haemophilus sp001276515	726.0
MG-Run35-Ech-9	GCF_000039765.1	25	7	0	9.192388155425117	0.0	d__Bacteria;p__Pseudomonadota;c__Gammaproteobacteria;o__Enterobacterales;f__Vibrionaceae;g__Vibrio;s__Vibrio vulnificus_B	672.0
MG-Run35-Ech-9	GCF_900156515.1	25	7	0	9.192388155425117	0.0	d__Bacteria;p__Pseudomonadota;c__Gammaproteobacteria;o__Pseudomonadales;f__Moraxellaceae;g__Moraxella;s__Moraxella cuniculi	34061.0
MG-Run35-Ech-9	GCF_001679045.1	25	7	0	9.192388155425117	0.0	d__Bacteria;p__Pseudomonadota;c__Gammaproteobacteria;o__Enterobacterales;f__Pasteurellaceae;g__Haemophilus;s__Haemophilus haemolyticus	726.0
MG-Run35-Ech-9	GCF_900453105.1	25	7	0	9.192388155425117	0.0	d__Bacteria;p__Pseudomonadota;c__Gammaproteobacteria;o__Pseudomonadales;f__Moraxellaceae;g__Moraxella;s__Moraxella ovis	29433.0
MG-Run35-Ech-9	GCA_002578045.1	25	7	0	9.192388155425117	0.0	d__Bacteria;p__Bacillota;c__Bacilli;o__Bacillales;f__Bacillaceae_G;g__Bacillus_A;s__Bacillus_A cereus_AK	1396.0
MG-Run35-Ech-9	GCF_904846685.1	25	5	0	6.363961030678928	9.830802838450836e-11	d__Bacteria;p__Pseudomonadota;c__Gammaproteobacteria;o__Pseudomonadales;f__Moraxellaceae;g__Psychrobacter;s__Psychrobacter sp000511655	259303.0
MG-Run35-Ech-9	GCF_001618065.1	25	5	0	6.363961030678928	9.830802838450836e-11	d__Bacteria;p__Pseudomonadota;c__Gammaproteobacteria;o__Burkholderiales;f__Neisseriaceae;g__Neisseria;s__Neisseria flavescens_A	484.0
MG-Run35-Ech-9	GCF_000262245.1	25	5	6	-0.5883484054145521	0.7218507693626326	d__Bacteria;p__Pseudomonadota;c__Gammaproteobacteria;o__Enterobacterales;f__Pasteurellaceae;g__Basfia;s__Basfia bettyae	1095749.0
MG-Run35-Ech-9	GCF_001975225.1	25	5	1	2.8577380332470415	0.00213336241108808	d__Bacteria;p__Pseudomonadota;c__Gammaproteobacteria;o__Enterobacterales;f__Enterobacteriaceae;g__Kosakonia;s__Kosakonia cowanii	1399146.0
MG-Run35-Ech-9	GCF_003493685.1	25	5	1	2.8577380332470415	0.00213336241108808	d__Bacteria;p__Pseudomonadota;c__Gammaproteobacteria;o__Enterobacterales;f__Pasteurellaceae;g__Haemophilus;s__Haemophilus haemolyticus_O	726.0
MG-Run35-Ech-9	GCA_018372995.1	25	4	0	4.949747468305833	3.7154918619553e-7	d__Bacteria;p__Pseudomonadota;c__Gammaproteobacteria;o__Enterobacterales;f__Pasteurellaceae;g__Haemophilus;s__Haemophilus haemolyticus_K	726.0
MG-Run35-Ech-9	GCF_904846065.1	25	4	1	2.041241452319315	0.020613416668581852	d__Bacteria;p__Pseudomonadota;c__Gammaproteobacteria;o__Pseudomonadales;f__Moraxellaceae;g__Psychrobacter;s__Psychrobacter immobilis_H	498.0
MG-Run35-Ech-9	GCF_002836975.1	25	4	0	4.949747468305833	3.7154918619553e-7	d__Bacteria;p__Pseudomonadota;c__Gammaproteobacteria;o__Enterobacterales;f__Shewanellaceae;g__Shewanella;s__Shewanella indica	768528.0
MG-Run35-Ech-9	GCF_000238795.1	25	4	0	4.949747468305833	3.7154918619553e-7	d__Bacteria;p__Pseudomonadota;c__Gammaproteobacteria;o__Enterobacterales;f__Pasteurellaceae;g__Haemophilus_A;s__Haemophilus_A sputorum	1078480.0
MG-Run35-Ech-9	GCF_006384255.1	25	4	0	4.949747468305833	3.7154918619553e-7	d__Bacteria;p__Pseudomonadota;c__Gammaproteobacteria;o__Enterobacterales;f__Pasteurellaceae;g__Haemophilus;s__Haemophilus seminalis	2839968.0
MG-Run35-Ech-9	GCF_030718935.1	25	4	0	4.949747468305833	3.7154918619553e-7	d__Bacteria;p__Pseudomonadota;c__Gammaproteobacteria;o__Pseudomonadales;f__Moraxellaceae;g__Psychrobacter;s__Psychrobacter immobilis_G	498.0
MG-Run35-Ech-9	GCF_003351405.1	25	4	0	4.949747468305833	3.7154918619553e-7	d__Bacteria;p__Pseudomonadota;c__Gammaproteobacteria;o__Enterobacterales;f__Pasteurellaceae;g__Haemophilus;s__Haemophilus haemolyticus_N	726.0
MG-Run35-Ech-9	GCF_029433855.1	25	4	1	2.041241452319315	0.020613416668581852	d__Bacteria;p__Pseudomonadota;c__Gammaproteobacteria;o__Enterobacterales;f__Enterobacteriaceae;g__Kosakonia;s__Kosakonia cowanii_A	208223.0
MG-Run35-Ech-9	GCF_003352385.1	25	3	0	3.5355339059327373	0.00020347600872250293	d__Bacteria;p__Pseudomonadota;c__Gammaproteobacteria;o__Enterobacterales;f__Pasteurellaceae;g__Haemophilus;s__Haemophilus haemolyticus_I	726.0
MG-Run35-Ech-9	GCF_003667225.1	25	3	0	3.5355339059327373	0.00020347600872250293	d__Bacteria;p__Actinomycetota;c__Actinomycetes;o__Actinomycetales;f__Micrococcaceae;g__Kocuria;s__Kocuria rhizophila	72000.0
MG-Run35-Ech-9	GCF_000275725.1	25	3	1	1.2247448713915892	0.11033568095992341	d__Bacteria;p__Pseudomonadota;c__Gammaproteobacteria;o__Pseudomonadales;f__Halomonadaceae;g__Vreelandella;s__Vreelandella stevensii	1177117.0
MG-Run35-Ech-9	GCF_002027545.1	25	3	0	3.5355339059327373	0.00020347600872250293	d__Bacteria;p__Pseudomonadota;c__Gammaproteobacteria;o__Pseudomonadales;f__Moraxellaceae;g__Moraxella;s__Moraxella lacunata	1223506.0
MG-Run35-Ech-9	GCF_001591265.1	25	3	377	-19.274953723928952	1.0	d__Bacteria;p__Pseudomonadota;c__Gammaproteobacteria;o__Pseudomonadales;f__Moraxellaceae;g__Moraxella_A;s__Moraxella_A atlantae	34059.0
MG-Run35-Ech-9	GCF_015223095.1	25	3	0	3.5355339059327373	0.00020347600872250293	d__Bacteria;p__Pseudomonadota;c__Gammaproteobacteria;o__Pseudomonadales;f__Moraxellaceae;g__Moraxella;s__Moraxella sp015223095	477.0
MG-Run35-Ech-9	GCF_021602345.1	25	3	0	3.5355339059327373	0.00020347600872250293	d__Bacteria;p__Pseudomonadota;c__Gammaproteobacteria;o__Pseudomonadales;f__Pseudomonadaceae;g__Pseudomonas_E;s__Pseudomonas_E pharyngis	1981743.0
MG-Run35-Ech-9	GCF_009867135.1	25	3	5	-1.0660035817780522	0.8567889886110707	d__Bacteria;p__Pseudomonadota;c__Gammaproteobacteria;o__Pseudomonadales;f__Moraxellaceae;g__Moraxella_A;s__Moraxella_A sp002478835	1946455.0
MG-Run35-Ech-9	GCF_002195995.1	25	3	0	3.5355339059327373	0.00020347600872250293	d__Bacteria;p__Pseudomonadota;c__Alphaproteobacteria;o__DSM-16000;f__Inquilinaceae;g__Inquilinus;s__Inquilinus limosus_C	171674.0
MG-Run35-Ech-9	GCF_003942795.1	25	3	0	3.5355339059327373	0.00020347600872250293	d__Bacteria;p__Bacillota;c__Bacilli;o__Lactobacillales;f__Streptococcaceae;g__Streptococcus;s__Streptococcus mitis_BJ	28037.0
MG-Run35-Ech-9	GCF_003490935.1	25	3	0	3.5355339059327373	0.00020347600872250293	d__Bacteria;p__Pseudomonadota;c__Gammaproteobacteria;o__Enterobacterales;f__Pasteurellaceae;g__Haemophilus;s__Haemophilus haemolyticus_M	726.0
MG-Run35-Ech-9	GCF_002014985.1	25	3	0	3.5355339059327373	0.00020347600872250293	d__Bacteria;p__Pseudomonadota;c__Gammaproteobacteria;o__Pseudomonadales;f__Moraxellaceae;g__Moraxella;s__Moraxella caviae	34060.0
MG-Run35-Ech-9	GCF_016107575.1	25	3	1	1.2247448713915892	0.11033568095992341	d__Bacteria;p__Pseudomonadota;c__Gammaproteobacteria;o__Pseudomonadales;f__Moraxellaceae;g__Psychrobacter;s__Psychrobacter faecalis	180588.0
MG-Run35-Ech-9	GCF_022631235.2	25	2	1	0.4082482904638631	0.34154569915480437	d__Bacteria;p__Pseudomonadota;c__Gammaproteobacteria;o__Pseudomonadales;f__Moraxellaceae;g__Psychrobacter;s__Psychrobacter sanguinis_A	1569265.0
MG-Run35-Ech-9	GCF_001553625.1	25	2	0	2.1213203435596424	0.01694742676234462	d__Bacteria;p__Desulfobacterota;c__Desulfovibrionia;o__Desulfovibrionales;f__Desulfomicrobiaceae;g__Desulfomicrobium;s__Desulfomicrobium orale	888061.0
MG-Run35-Ech-9	GCF_013248965.1	25	2	0	2.1213203435596424	0.01694742676234462	d__Bacteria;p__Pseudomonadota;c__Gammaproteobacteria;o__Pseudomonadales;f__Moraxellaceae;g__Psychrobacter;s__Psychrobacter okhotskensis	498.0
MG-Run35-Ech-9	GCA_006171285.1	25	2	0	2.1213203435596424	0.01694742676234462	d__Bacteria;p__Pseudomonadota;c__Gammaproteobacteria;o__Enterobacterales;f__Enterobacteriaceae;g__Leclercia;s__Leclercia adecarboxylata_A	2870836.0
MG-Run35-Ech-9	GCF_002165255.2	25	2	0	2.1213203435596424	0.01694742676234462	d__Bacteria;p__Pseudomonadota;c__Gammaproteobacteria;o__Pseudomonadales;f__Moraxellaceae;g__Acinetobacter;s__Acinetobacter sp002165255	2004649.0
MG-Run35-Ech-9	GCF_900637685.1	25	2	0	2.1213203435596424	0.01694742676234462	d__Bacteria;p__Pseudomonadota;c__Gammaproteobacteria;o__Legionellales;f__Legionellaceae;g__Legionella;s__Legionella sainthelensi	28087.0
MG-Run35-Ech-9	GCF_904846185.1	25	2	1	0.4082482904638631	0.34154569915480437	d__Bacteria;p__Pseudomonadota;c__Gammaproteobacteria;o__Pseudomonadales;f__Moraxellaceae;g__Psychrobacter;s__Psychrobacter immobilis_B	498.0
MG-Run35-Ech-9	GCA_016429195.1	25	2	0	2.1213203435596424	0.01694742676234462	d__Bacteria;p__Pseudomonadota;c__Alphaproteobacteria;o__Caulobacterales;f__Caulobacteraceae;g__Brevundimonas;s__Brevundimonas sp016429195	41276.0
MG-Run35-Ech-9	GCF_014769185.1	25	2	0	2.1213203435596424	0.01694742676234462	d__Bacteria;p__Pseudomonadota;c__Gammaproteobacteria;o__Pseudomonadales;f__Moraxellaceae;g__Acinetobacter;s__Acinetobacter lwoffii_D	28090.0
MG-Run35-Ech-9	GCF_002564555.1	25	2	0	2.1213203435596424	0.01694742676234462	d__Bacteria;p__Bacillota;c__Bacilli;o__Bacillales;f__Bacillaceae_G;g__Bacillus_A;s__Bacillus_A cereus_K	1396.0
MG-Run35-Ech-9	GCF_938021905.1	25	2	0	2.1213203435596424	0.01694742676234462	d__Bacteria;p__Pseudomonadota;c__Gammaproteobacteria;o__Enterobacterales;f__Pasteurellaceae;g__Haemophilus_A;s__Haemophilus_A parahaemolyticus_B	735.0
MG-Run35-Ech-9	GCF_029024105.1	25	2	2	-0.31622776601683794	0.6240851829770754	d__Bacteria;p__Pseudomonadota;c__Gammaproteobacteria;o__Pseudomonadales;f__Moraxellaceae;g__Acinetobacter;s__Acinetobacter lwoffii	28090.0
MG-Run35-Ech-9	GCF_030408675.1	25	2	0	2.1213203435596424	0.01694742676234462	d__Bacteria;p__Actinomycetota;c__Actinomycetes;o__Mycobacteriales;f__Mycobacteriaceae;g__Corynebacterium;s__Corynebacterium durum	556548.0
MG-Run35-Ech-9	GCA_901472505.1	25	2	0	2.1213203435596424	0.01694742676234462	d__Bacteria;p__Pseudomonadota;c__Gammaproteobacteria;o__Enterobacterales;f__Enterobacteriaceae;g__Proteus;s__Proteus vulgaris	585.0
MG-Run35-Ech-9	GCF_023109155.1	25	2	0	2.1213203435596424	0.01694742676234462	d__Bacteria;p__Bacillota;c__Bacilli;o__Lactobacillales;f__Streptococcaceae;g__Streptococcus;s__Streptococcus oralis_BZ	1303.0
MG-Run35-Ech-9	GCF_019048845.1	25	2	0	2.1213203435596424	0.01694742676234462	d__Bacteria;p__Pseudomonadota;c__Gammaproteobacteria;o__Enterobacterales;f__Vibrionaceae;g__Vibrio;s__Vibrio sp000176715	674.0
MG-Run35-Ech-9	GCA_000510425.1	25	2	0	2.1213203435596424	0.01694742676234462	d__Bacteria;p__Bacillota_A;c__Clostridia;o__Peptostreptococcales;f__Anaerovoracaceae;g__Hornefia;s__Hornefia nodata	1161902.0
MG-Run35-Ech-9	GCF_902806985.1	25	2	2	-0.31622776601683794	0.6240851829770754	d__Bacteria;p__Pseudomonadota;c__Gammaproteobacteria;o__Enterobacterales;f__Alteromonadaceae;g__Pseudidiomarina;s__Pseudidiomarina piscicola	287.0
MG-Run35-Ech-9	GCF_003490595.1	25	2	0	2.1213203435596424	0.01694742676234462	d__Bacteria;p__Pseudomonadota;c__Gammaproteobacteria;o__Enterobacterales;f__Pasteurellaceae;g__Haemophilus;s__Haemophilus haemolyticus_L	726.0
MG-Run35-Ech-9	GCF_009496285.1	25	2	0	2.1213203435596424	0.01694742676234462	d__Bacteria;p__Bacillota;c__Bacilli;o__Lactobacillales;f__Streptococcaceae;g__Streptococcus;s__Streptococcus mitis_BP	28037.0
MG-Run35-Ech-9	GCF_002015045.1	25	2	0	2.1213203435596424	0.01694742676234462	d__Bacteria;p__Pseudomonadota;c__Gammaproteobacteria;o__Enterobacterales;f__Pasteurellaceae;g__Haemophilus_A;s__Haemophilus_A paraphrohaemolyticus	1095743.0
MG-Run35-Ech-9	GCF_012922555.1	25	2	1	0.4082482904638631	0.34154569915480437	d__Bacteria;p__Bacillota_A;c__Clostridia;o__Peptostreptococcales;f__Peptostreptococcaceae;g__Paraclostridium;s__Paraclostridium dentum	1490.0
MG-Run35-Ech-9	GCF_006757745.1	25	1	5	-1.9188064472004938	0.9724955831853671	d__Bacteria;p__Pseudomonadota;c__Gammaproteobacteria;o__Pseudomonadales;f__Moraxellaceae;g__Acinetobacter;s__Acinetobacter radioresistens	40216.0
MG-Run35-Ech-9	GCF_900186995.1	25	1	0	0.7071067811865475	0.23975006109347674	d__Bacteria;p__Pseudomonadota;c__Gammaproteobacteria;o__Enterobacterales;f__Pasteurellaceae;g__Haemophilus_D;s__Haemophilus_D pittmaniae	249188.0
MG-Run35-Ech-9	GCF_003693265.1	25	1	0	0.7071067811865475	0.23975006109347674	d__Bacteria;p__Actinomycetota;c__Actinomycetes;o__Mycobacteriales;f__Mycobacteriaceae;g__Corynebacterium;s__Corynebacterium gottingense	2026255.0
MG-Run35-Ech-9	GCA_902506215.1	25	1	15	-3.6830036830055244	0.9998847490860268	d__Bacteria;p__Pseudomonadota;c__Gammaproteobacteria;o__Pseudomonadales;f__Moraxellaceae;g__Moraxella_A;s__Moraxella_A sp902506215	2653185.0
MG-Run35-Ech-9	GCF_001679485.1	25	1	0	0.7071067811865475	0.23975006109347674	d__Bacteria;p__Pseudomonadota;c__Gammaproteobacteria;o__Enterobacterales;f__Pasteurellaceae;g__Haemophilus_D;s__Haemophilus_D sp001679485	729.0
MG-Run35-Ech-9	GCF_019458035.1	25	1	0	0.7071067811865475	0.23975006109347674	d__Bacteria;p__Bacillota;c__Bacilli;o__Lactobacillales;f__Streptococcaceae;g__Streptococcus;s__Streptococcus oralis_BP	1303.0
MG-Run35-Ech-9	GCF_000160755.1	25	1	0	0.7071067811865475	0.23975006109347674	d__Bacteria;p__Pseudomonadota;c__Gammaproteobacteria;o__Enterobacterales;f__Enterobacteriaceae;g__Proteus;s__Proteus mirabilis	584.0
MG-Run35-Ech-9	GCF_904846175.1	25	1	0	0.7071067811865475	0.23975006109347674	d__Bacteria;p__Pseudomonadota;c__Gammaproteobacteria;o__Pseudomonadales;f__Moraxellaceae;g__Psychrobacter;s__Psychrobacter immobilis_E	498.0
MG-Run35-Ech-9	GCF_001605725.1	25	1	0	0.7071067811865475	0.23975006109347674	d__Bacteria;p__Actinomycetota;c__Actinomycetes;o__Mycobacteriales;f__Mycobacteriaceae;g__Mycobacterium;s__Mycobacterium immunogenum	83262.0
MG-Run35-Ech-9	GCF_000959445.1	25	1	1	-0.4082482904638631	0.6584543008451956	d__Bacteria;p__Pseudomonadota;c__Gammaproteobacteria;o__Burkholderiales;f__Burkholderiaceae;g__Burkholderia;s__Burkholderia vietnamiensis	60552.0
MG-Run35-Ech-9	GCA_028994555.1	25	1	1	-0.4082482904638631	0.6584543008451956	d__Bacteria;p__Pseudomonadota;c__Gammaproteobacteria;o__Enterobacterales;f__Enterobacteriaceae;g__Citrobacter_A;s__Citrobacter_A amalonaticus_G	35703.0
MG-Run35-Ech-9	GCF_019048525.1	25	1	0	0.7071067811865475	0.23975006109347674	d__Bacteria;p__Pseudomonadota;c__Gammaproteobacteria;o__Pseudomonadales;f__Moraxellaceae;g__Acinetobacter;s__Acinetobacter lwoffii_K	28090.0
MG-Run35-Ech-9	GCF_010731295.1	25	1	0	0.7071067811865475	0.23975006109347674	d__Bacteria;p__Actinomycetota;c__Actinomycetes;o__Mycobacteriales;f__Mycobacteriaceae;g__Mycobacterium;s__Mycobacterium boenickei	146017.0
MG-Run35-Ech-9	GCF_007667275.1	25	1	0	0.7071067811865475	0.23975006109347674	d__Bacteria;p__Pseudomonadota;c__Gammaproteobacteria;o__Xanthomonadales;f__Xanthomonadaceae;g__Stenotrophomonas;s__Stenotrophomonas maltophilia_AE	40324.0
MG-Run35-Ech-9	GCF_001457455.1	25	1	0	0.7071067811865475	0.23975006109347674	d__Bacteria;p__Actinomycetota;c__Actinomycetes;o__Mycobacteriales;f__Mycobacteriaceae;g__Corynebacterium;s__Corynebacterium diphtheriae	1806053.0
MG-Run35-Ech-9	GCF_002220655.1	25	1	0	0.7071067811865475	0.23975006109347674	d__Bacteria;p__Pseudomonadota;c__Gammaproteobacteria;o__Enterobacterales;f__Enterobacteriaceae;g__Serratia;s__Serratia marcescens_K	615.0
MG-Run35-Ech-9	GCF_003515945.1	25	1	107	-10.271772112229778	1.0	d__Bacteria;p__Actinomycetota;c__Actinomycetes;o__Actinomycetales;f__Dermatophilaceae;g__Dermacoccus;s__Dermacoccus abyssi	2762331.0
MG-Run35-Ech-9	GCA_901472455.1	25	1	0	0.7071067811865475	0.23975006109347674	d__Bacteria;p__Pseudomonadota;c__Gammaproteobacteria;o__Enterobacterales;f__Enterobacteriaceae;g__Leclercia;s__Leclercia adecarboxylata	83655.0
MG-Run35-Ech-9	GCF_902859765.1	25	1	0	0.7071067811865475	0.23975006109347674	d__Bacteria;p__Pseudomonadota;c__Gammaproteobacteria;o__Burkholderiales;f__Burkholderiaceae;g__Achromobacter;s__Achromobacter pulmonis	1389932.0
MG-Run35-Ech-9	GCF_022113815.1	25	1	0	0.7071067811865475	0.23975006109347674	d__Bacteria;p__Pseudomonadota;c__Gammaproteobacteria;o__Enterobacterales;f__Vibrionaceae;g__Vibrio;s__Vibrio cincinnatiensis_A	675.0
MG-Run35-Ech-9	GCF_001468035.1	25	1	0	0.7071067811865475	0.23975006109347674	d__Bacteria;p__Pseudomonadota;c__Gammaproteobacteria;o__Legionellales;f__Legionellaceae;g__Legionella;s__Legionella tucsonensis	40335.0
MG-Run35-Ech-9	GCF_000008485.1	25	1	0	0.7071067811865475	0.23975006109347674	d__Bacteria;p__Pseudomonadota;c__Gammaproteobacteria;o__Legionellales;f__Legionellaceae;g__Legionella;s__Legionella pneumophila	446.0
MG-Run35-Ech-9	GCF_000368625.1	25	1	1	-0.4082482904638631	0.6584543008451956	d__Bacteria;p__Pseudomonadota;c__Gammaproteobacteria;o__Pseudomonadales;f__Moraxellaceae;g__Acinetobacter;s__Acinetobacter schindleri	472.0
MG-Run35-Ech-9	GCF_030515985.1	25	1	0	0.7071067811865475	0.23975006109347674	d__Bacteria;p__Actinomycetota;c__Actinomycetes;o__Mycobacteriales;f__Mycobacteriaceae;g__Corynebacterium;s__Corynebacterium sp022346005	2918194.0
MG-Run35-Ech-9	GCF_000372365.1	25	1	0	0.7071067811865475	0.23975006109347674	d__Bacteria;p__Pseudomonadota;c__Gammaproteobacteria;o__Enterobacterales;f__Pasteurellaceae;g__Aggregatibacter;s__Aggregatibacter actinomycetemcomitans	714.0
MG-Run35-Ech-9	GCF_000369625.1	25	1	1	-0.4082482904638631	0.6584543008451956	d__Bacteria;p__Pseudomonadota;c__Gammaproteobacteria;o__Pseudomonadales;f__Moraxellaceae;g__Acinetobacter;s__Acinetobacter variabilis	70346.0
MG-Run35-Ech-9	GCF_003688935.1	25	1	0	0.7071067811865475	0.23975006109347674	d__Bacteria;p__Actinomycetota;c__Actinomycetes;o__Mycobacteriales;f__Mycobacteriaceae;g__Corynebacterium;s__Corynebacterium macginleyi	38290.0
MG-Run35-Ech-9	GCF_000239695.1	25	1	0	0.7071067811865475	0.23975006109347674	d__Bacteria;p__Actinomycetota;c__Actinomycetes;o__Actinomycetales;f__Actinomycetaceae;g__Actinomyces;s__Actinomyces graevenitzii	1321817.0
MG-Run35-Ech-9	GCF_000379185.1	25	1	0	0.7071067811865475	0.23975006109347674	d__Bacteria;p__Bacteroidota;c__Bacteroidia;o__Flavobacteriales;f__Flavobacteriaceae;g__Capnocytophaga;s__Capnocytophaga cynodegmi	28189.0
MG-Run35-Ech-9	GCA_001347015.1	25	1	0	0.7071067811865475	0.23975006109347674	d__Bacteria;p__Bacillota;c__Bacilli;o__Lactobacillales;f__Streptococcaceae;g__Streptococcus;s__Streptococcus pneumoniae_E	1313.0
MG-Run35-Ech-9	GCF_003148585.1	25	1	1	-0.4082482904638631	0.6584543008451956	d__Bacteria;p__Pseudomonadota;c__Gammaproteobacteria;o__Pseudomonadales;f__Moraxellaceae;g__Psychrobacter;s__Psychrobacter immobilis	1947353.0
MG-Run35-Ech-9	GCF_900452415.1	25	1	0	0.7071067811865475	0.23975006109347674	d__Bacteria;p__Pseudomonadota;c__Gammaproteobacteria;o__Legionellales;f__Legionellaceae;g__Legionella;s__Legionella cincinnatiensis	28085.0
MG-Run35-Ech-9	GCF_014651775.1	25	1	2	-0.9486832980505138	0.8286091444260443	d__Bacteria;p__Pseudomonadota;c__Gammaproteobacteria;o__Pseudomonadales;f__Halomonadaceae;g__Vreelandella;s__Vreelandella hamiltonii	2883106.0
MG-Run35-Ech-9	GCF_001267175.1	25	1	1	-0.4082482904638631	0.6584543008451956	d__Bacteria;p__Pseudomonadota;c__Gammaproteobacteria;o__Pseudomonadales;f__Pseudomonadaceae;g__Thiopseudomonas;s__Thiopseudomonas alkaliphila	1697053.0
MG-Run35-Ech-9	GCA_018365265.1	25	1	0	0.7071067811865475	0.23975006109347674	d__Bacteria;p__Bacillota;c__Bacilli;o__Lactobacillales;f__Streptococcaceae;g__Streptococcus;s__Streptococcus parasanguinis_G	1318.0
MG-Run35-Ech-9	GCF_001552295.1	25	1	0	0.7071067811865475	0.23975006109347674	d__Bacteria;p__Bacillota;c__Bacilli;o__Lactobacillales;f__Aerococcaceae;g__Globicatella;s__Globicatella sanguinis	13076.0
MG-Run35-Ech-9	GCF_001467525.1	25	1	0	0.7071067811865475	0.23975006109347674	d__Bacteria;p__Pseudomonadota;c__Gammaproteobacteria;o__Legionellales;f__Legionellaceae;g__Legionella;s__Legionella anisa	28082.0
MG-Run35-Ech-9	GCF_004217095.1	25	1	5	-1.9188064472004938	0.9724955831853671	d__Bacteria;p__Pseudomonadota;c__Gammaproteobacteria;o__Burkholderiales;f__Burkholderiaceae;g__Advenella;s__Advenella incenata	2490496.0
MG-Run35-Ech-9	GCF_000422085.1	25	1	0	0.7071067811865475	0.23975006109347674	d__Bacteria;p__Pseudomonadota;c__Gammaproteobacteria;o__Enterobacterales;f__Enterobacteriaceae;g__Serratia_J;s__Serratia_J liquefaciens	614.0
MG-Run35-Ech-9	GCF_904846285.1	25	1	0	0.7071067811865475	0.23975006109347674	d__Bacteria;p__Pseudomonadota;c__Gammaproteobacteria;o__Pseudomonadales;f__Moraxellaceae;g__Psychrobacter;s__Psychrobacter immobilis_D	498.0
MG-Run35-Ech-9	GCF_013387485.1	25	1	19	-4.1894250263350035	0.9999860168919992	d__Bacteria;p__Pseudomonadota;c__Gammaproteobacteria;o__Xanthomonadales;f__Xanthomonadaceae;g__Stenotrophomonas;s__Stenotrophomonas maltophilia_AA	2723077.0
MG-Run35-Ech-9	GCF_005843885.1	25	1	1	-0.4082482904638631	0.6584543008451956	d__Bacteria;p__Pseudomonadota;c__Gammaproteobacteria;o__Enterobacterales;f__Enterobacteriaceae;g__Escherichia;s__Escherichia sp005843885	2044462.0
MG-Run35-Ech-9	GCF_000306945.1	25	1	0	0.7071067811865475	0.23975006109347674	d__Bacteria;p__Pseudomonadota;c__Gammaproteobacteria;o__Burkholderiales;f__Burkholderiaceae;g__Bordetella;s__Bordetella pertussis	1458277.0
MG-Run35-Ech-9	GCF_000368025.1	25	1	3	-1.3363062095621219	0.9092753961392899	d__Bacteria;p__Pseudomonadota;c__Gammaproteobacteria;o__Pseudomonadales;f__Moraxellaceae;g__Acinetobacter;s__Acinetobacter parvus	1144668.0
MG-Run35-Ech-9	GCF_904846235.1	25	1	1	-0.4082482904638631	0.6584543008451956	d__Bacteria;p__Pseudomonadota;c__Gammaproteobacteria;o__Pseudomonadales;f__Moraxellaceae;g__Psychrobacter;s__Psychrobacter immobilis_C	498.0
MG-Run35-Ech-9	GCF_005221305.1	25	1	0	0.7071067811865475	0.23975006109347674	d__Bacteria;p__Pseudomonadota;c__Gammaproteobacteria;o__Burkholderiales;f__Neisseriaceae;g__Neisseria;s__Neisseria subflava	1739544.0
MG-Run35-Ech-9	GCF_902499175.1	25	1	0	0.7071067811865475	0.23975006109347674	d__Bacteria;p__Pseudomonadota;c__Gammaproteobacteria;o__Burkholderiales;f__Burkholderiaceae;g__Burkholderia;s__Burkholderia aenigmatica	2015348.0
MG-Run35-Ech-9	GCF_900450995.1	25	1	0	0.7071067811865475	0.23975006109347674	d__Bacteria;p__Pseudomonadota;c__Gammaproteobacteria;o__Enterobacterales;f__Pasteurellaceae;g__Haemophilus_D;s__Haemophilus_D parainfluenzae_O	729.0
MG-Run35-Ech-9	GCF_001293465.1	25	1	0	0.7071067811865475	0.23975006109347674	d__Bacteria;p__Pseudomonadota;c__Gammaproteobacteria;o__Pseudomonadales;f__Pseudomonadaceae;g__Pseudomonas_E;s__Pseudomonas_E fuscovaginae_B	615.0
MG-Run35-Ech-9	GCF_003241315.1	25	1	0	0.7071067811865475	0.23975006109347674	d__Bacteria;p__Actinomycetota;c__Actinomycetes;o__Mycobacteriales;f__Mycobacteriaceae;g__Lawsonella;s__Lawsonella clevelandensis_A	2041415.0
MG-Run35-Ech-9	GCA_018363335.1	25	1	0	0.7071067811865475	0.23975006109347674	d__Bacteria;p__Pseudomonadota;c__Gammaproteobacteria;o__Enterobacterales;f__Pasteurellaceae;g__Haemophilus_D;s__Haemophilus_D parainfluenzae_Y	729.0
MG-Run35-Ech-9	GCF_000185305.1	25	1	0	0.7071067811865475	0.23975006109347674	d__Bacteria;p__Pseudomonadota;c__Gammaproteobacteria;o__Enterobacterales;f__Pasteurellaceae;g__Aggregatibacter;s__Aggregatibacter segnis	888057.0
MG-Run35-Ech-9	GCF_900186835.1	25	1	0	0.7071067811865475	0.23975006109347674	d__Bacteria;p__Pseudomonadota;c__Gammaproteobacteria;o__Enterobacterales;f__Pasteurellaceae;g__Pasteurella;s__Pasteurella dagmatis	747.0
MG-Run35-Ech-9	GCA_028869255.1	25	1	0	0.7071067811865475	0.23975006109347674	d__Bacteria;p__Pseudomonadota;c__Gammaproteobacteria;o__Pseudomonadales;f__Pseudomonadaceae;g__Pseudomonas_E;s__Pseudomonas_E poae_C	200451.0
MG-Run35-Ech-9	GCF_009817885.1	25	1	1	-0.4082482904638631	0.6584543008451956	d__Bacteria;p__Pseudomonadota;c__Gammaproteobacteria;o__Enterobacterales;f__Enterobacteriaceae;g__Serratia_B;s__Serratia_B rhizosphaerae	2033438.0
MG-Run35-Ech-9	GCF_000236165.1	25	1	0	0.7071067811865475	0.23975006109347674	d__Bacteria;p__Pseudomonadota;c__Gammaproteobacteria;o__Legionellales;f__Legionellaceae;g__Legionella;s__Legionella dumoffii	1094715.0
MG-Run35-Ech-9	GCF_000176515.1	25	1	1	-0.4082482904638631	0.6584543008451956	d__Bacteria;p__Pseudomonadota;c__Gammaproteobacteria;o__Enterobacterales;f__Vibrionaceae;g__Enterovibrio;s__Enterovibrio hollisae	673.0
MG-Run35-Ech-9	GCF_001654845.1	25	1	0	0.7071067811865475	0.23975006109347674	d__Bacteria;p__Pseudomonadota;c__Gammaproteobacteria;o__Enterobacterales;f__Enterobacteriaceae;g__Enterobacter;s__Enterobacter soli	2976431.0
MG-Run35-Ech-9	GCA_900446925.1	25	1	4	-1.649915822768611	0.9505199229902971	d__Bacteria;p__Pseudomonadota;c__Gammaproteobacteria;o__Enterobacterales;f__Enterobacteriaceae;g__Citrobacter_B;s__Citrobacter_B koseri	545.0
MG-Run35-Ech-9	GCF_002836505.1	25	1	0	0.7071067811865475	0.23975006109347674	d__Bacteria;p__Pseudomonadota;c__Gammaproteobacteria;o__Pseudomonadales;f__Moraxellaceae;g__Psychrobacter;s__Psychrobacter sp002836505	2555884.0
MG-Run35-Ech-9	GCF_002075345.1	25	1	0	0.7071067811865475	0.23975006109347674	d__Bacteria;p__Pseudomonadota;c__Gammaproteobacteria;o__Enterobacterales;f__Enterobacteriaceae;g__Citrobacter;s__Citrobacter braakii	2985013.0
MG-Run35-Ech-9	GCF_029339075.1	25	1	0	0.7071067811865475	0.23975006109347674	d__Bacteria;p__Bacteroidota;c__Bacteroidia;o__Flavobacteriales;f__Weeksellaceae;g__Chryseobacterium;s__Chryseobacterium bernardetii_B	1241978.0
MG-Run35-Ech-9	GCF_900106665.1	25	1	0	0.7071067811865475	0.23975006109347674	d__Bacteria;p__Pseudomonadota;c__Alphaproteobacteria;o__Rhodobacterales;f__Rhodobacteraceae;g__Paracoccus;s__Paracoccus sanguinis	1545044.0
MG-Run35-Ech-9	GCF_003026365.1	25	1	0	0.7071067811865475	0.23975006109347674	d__Bacteria;p__Pseudomonadota;c__Gammaproteobacteria;o__Enterobacterales;f__Vibrionaceae;g__Photobacterium;s__Photobacterium angustum	661.0
MG-Run35-Ech-9	GCF_014931275.1	25	1	0	0.7071067811865475	0.23975006109347674	d__Bacteria;p__Pseudomonadota;c__Gammaproteobacteria;o__Enterobacterales;f__Pasteurellaceae;g__Haemophilus_D;s__Haemophilus_D sp014931275	729.0
MG-Run35-Ech-9	GCF_004792415.1	25	1	0	0.7071067811865475	0.23975006109347674	d__Bacteria;p__Pseudomonadota;c__Gammaproteobacteria;o__Enterobacterales;f__Enterobacteriaceae;g__Pantoea;s__Pantoea vagans	470934.0
MG-Run35-Ech-9	GCF_003589745.1	25	1	0	0.7071067811865475	0.23975006109347674	d__Bacteria;p__Bacillota_A;c__Clostridia;o__Lachnospirales;f__Lachnospiraceae;g__Lachnoanaerobaculum;s__Lachnoanaerobaculum umeaense	617123.0
MG-Run35-Ech-9	GCF_000708715.2	25	1	1	-0.4082482904638631	0.6584543008451956	d__Bacteria;p__Pseudomonadota;c__Gammaproteobacteria;o__Pseudomonadales;f__Pseudomonadaceae;g__Pseudomonas_E;s__Pseudomonas_E putida_R	303.0
MG-Run35-Ech-9	GCF_004342115.1	25	1	0	0.7071067811865475	0.23975006109347674	d__Bacteria;p__Pseudomonadota;c__Gammaproteobacteria;o__Enterobacterales;f__Pasteurellaceae;g__Mannheimia;s__Mannheimia haemolytica	75985.0
MG-Run35-Ech-9	GCF_000014805.1	25	1	1	-0.4082482904638631	0.6584543008451956	d__Bacteria;p__Pseudomonadota;c__Gammaproteobacteria;o__Enterobacterales;f__Aeromonadaceae;g__Aeromonas;s__Aeromonas hydrophila	644.0
MG-Run35-Ech-9	GCF_000369045.1	25	1	3	-1.3363062095621219	0.9092753961392899	d__Bacteria;p__Pseudomonadota;c__Gammaproteobacteria;o__Pseudomonadales;f__Moraxellaceae;g__Acinetobacter;s__Acinetobacter pittii	48296.0
MG-Run35-Ech-9	GCF_000967965.1	25	1	0	0.7071067811865475	0.23975006109347674	d__Bacteria;p__Pseudomonadota;c__Gammaproteobacteria;o__Pseudomonadales;f__Pseudomonadaceae;g__Pseudomonas_E;s__Pseudomonas_E fluorescens_O	294.0
MG-Run35-Ech-9	GCF_004353185.1	25	1	1	-0.4082482904638631	0.6584543008451956	d__Bacteria;p__Bacillota_A;c__Clostridia;o__Clostridiales;f__Clostridiaceae;g__Clostridium;s__Clostridium cuniculi	2548455.0
MG-Run35-Ech-9	GCF_003253115.1	25	1	0	0.7071067811865475	0.23975006109347674	d__Bacteria;p__Pseudomonadota;c__Gammaproteobacteria;o__Enterobacterales;f__Pasteurellaceae;g__Haemophilus_A;s__Haemophilus_A paraphrohaemolyticus_A	736.0
MG-Run35-Ech-9	GCF_000379905.1	25	1	0	0.7071067811865475	0.23975006109347674	d__Bacteria;p__Pseudomonadota;c__Gammaproteobacteria;o__Enterobacterales;f__Pasteurellaceae;g__Rodentibacter;s__Rodentibacter pneumotropicus	758.0
MG-Run35-Ech-9	GCF_000730425.1	25	1	0	0.7071067811865475	0.23975006109347674	d__Bacteria;p__Pseudomonadota;c__Gammaproteobacteria;o__Pseudomonadales;f__Pseudomonadaceae;g__Pseudomonas_E;s__Pseudomonas_E fluorescens_X	294.0
MG-Run35-Ech-9	GCF_000757825.1	25	1	0	0.7071067811865475	0.23975006109347674	d__Bacteria;p__Pseudomonadota;c__Gammaproteobacteria;o__Enterobacterales;f__Enterobacteriaceae;g__Cedecea;s__Cedecea neteri_A	158822.0
MG-Run35-Ech-10	GCF_000368145.1	25	996	954	1.3432601483282962	0.08959387570208266	d__Bacteria;p__Pseudomonadota;c__Gammaproteobacteria;o__Pseudomonadales;f__Moraxellaceae;g__Acinetobacter;s__Acinetobacter guillouiae	2929509.0
MG-Run35-Ech-10	GCF_006742205.1	25	257	0	362.74577874869885	0.0	d__Bacteria;p__Bacillota;c__Bacilli;o__Staphylococcales;f__Staphylococcaceae;g__Staphylococcus;s__Staphylococcus epidermidis	1282.0
MG-Run35-Ech-10	GCF_000735695.2	25	203	0	286.37824638055173	0.0	d__Bacteria;p__Bacteroidota;c__Bacteroidia;o__Flavobacteriales;f__Weeksellaceae;g__Kaistella;s__Kaistella haifensis	1450526.0
MG-Run35-Ech-10	GCF_000174015.1	25	173	0	243.95183950935888	0.0	d__Bacteria;p__Actinomycetota;c__Coriobacteriia;o__Coriobacteriales;f__Atopobiaceae;g__Lancefieldella;s__Lancefieldella rimae	553184.0
MG-Run35-Ech-10	GCF_003942765.1	25	141	0	198.69700551341984	0.0	d__Bacteria;p__Bacillota;c__Bacilli;o__Lactobacillales;f__Streptococcaceae;g__Streptococcus;s__Streptococcus mitis_BE	28037.0
MG-Run35-Ech-10	GCF_000469305.1	25	134	0	188.79751057680818	0.0	d__Bacteria;p__Bacillota_I;c__Bacilli_A;o__Erysipelotrichales;f__Erysipelotrichaceae;g__Faecalitalea;s__Faecalitalea cylindroides	39483.0
MG-Run35-Ech-10	GCF_003030305.1	25	74	0	103.94469683442247	0.0	d__Bacteria;p__Actinomycetota;c__Actinomycetes;o__Propionibacteriales;f__Propionibacteriaceae;g__Cutibacterium;s__Cutibacterium acnes	765068.0
MG-Run35-Ech-10	GCF_900626155.1	25	70	0	98.2878425849301	0.0	d__Bacteria;p__Bacillota_A;c__Clostridia;o__Tissierellales;f__Peptoniphilaceae;g__Anaerococcus;s__Anaerococcus vaginimassiliensis	293428.0
MG-Run35-Ech-10	GCF_000820085.1	25	49	0	68.58935777509511	0.0	d__Bacteria;p__Pseudomonadota;c__Gammaproteobacteria;o__Enterobacterales;f__Aeromonadaceae;g__Aeromonas;s__Aeromonas sanarellii	2778058.0
MG-Run35-Ech-10	GCF_002238115.1	25	47	0	65.76093065034891	0.0	d__Bacteria;p__Bacillota;c__Bacilli;o__Lactobacillales;f__Streptococcaceae;g__Streptococcus;s__Streptococcus sp002238115	257758.0
MG-Run35-Ech-10	GCF_003943815.1	25	35	0	48.790367901871775	0.0	d__Bacteria;p__Bacillota;c__Bacilli;o__Lactobacillales;f__Streptococcaceae;g__Streptococcus;s__Streptococcus cristatus_F	45634.0
MG-Run35-Ech-10	GCF_001746855.1	25	33	0	45.961940777125584	0.0	d__Bacteria;p__Actinomycetota;c__Actinomycetes;o__Actinomycetales;f__Actinomycetaceae;g__Pauljensenia;s__Pauljensenia hongkongensis	3059029.0
MG-Run35-Ech-10	GCF_026344175.1	25	19	15	0.8890008890013334	0.18700130101301748	d__Bacteria;p__Pseudomonadota;c__Gammaproteobacteria;o__Pseudomonadales;f__Moraxellaceae;g__Acinetobacter;s__Acinetobacter nematophilus	2777946.0
MG-Run35-Ech-10	GCF_015477355.1	25	18	0	24.74873734152916	0.0	d__Bacteria;p__Actinomycetota;c__Actinomycetes;o__Mycobacteriales;f__Mycobacteriaceae;g__Nocardia;s__Nocardia blacklockiae	480036.0
MG-Run35-Ech-10	GCF_002902325.1	25	18	0	24.74873734152916	0.0	d__Bacteria;p__Bacillota;c__Bacilli;o__Staphylococcales;f__Staphylococcaceae;g__Staphylococcus;s__Staphylococcus capitis	29388.0
MG-Run35-Ech-10	GCF_000375645.1	25	17	0	23.33452377915607	0.0	d__Bacteria;p__Bacteroidota;c__Bacteroidia;o__Bacteroidales;f__Porphyromonadaceae;g__Porphyromonas_A;s__Porphyromonas_A bennonis	501496.0
MG-Run35-Ech-10	GCF_003943825.1	25	13	0	17.677669529663685	0.0	d__Bacteria;p__Bacillota;c__Bacilli;o__Lactobacillales;f__Streptococcaceae;g__Streptococcus;s__Streptococcus oralis_CD	1303.0
MG-Run35-Ech-10	GCF_003243515.1	25	13	23	-2.165984617143466	0.9848438187763365	d__Bacteria;p__Actinomycetota;c__Actinomycetes;o__Mycobacteriales;f__Mycobacteriaceae;g__Corynebacterium;s__Corynebacterium kroppenstedtii_B	161879.0
MG-Run35-Ech-10	GCF_003515945.1	25	12	107	-9.210837903454872	1.0	d__Bacteria;p__Actinomycetota;c__Actinomycetes;o__Actinomycetales;f__Dermatophilaceae;g__Dermacoccus;s__Dermacoccus abyssi	2762331.0
MG-Run35-Ech-10	GCF_014647715.1	25	12	17	-1.314751470267833	0.9057032789091183	d__Bacteria;p__Pseudomonadota;c__Gammaproteobacteria;o__Pseudomonadales;f__Moraxellaceae;g__Moraxella_A;s__Moraxella_A cinereus	1946462.0
MG-Run35-Ech-10	GCF_900106665.1	25	11	0	14.849242404917497	0.0	d__Bacteria;p__Pseudomonadota;c__Alphaproteobacteria;o__Rhodobacterales;f__Rhodobacteraceae;g__Paracoccus;s__Paracoccus sanguinis	1545044.0
MG-Run35-Ech-10	GCF_902825235.1	25	9	0	12.020815280171307	0.0	d__Bacteria;p__Pseudomonadota;c__Alphaproteobacteria;o__Rhizobiales;f__Rhizobiaceae;g__Bartonella;s__Bartonella vinsonii	33047.0
MG-Run35-Ech-10	GCF_900168205.1	25	6	64	-7.284101834466877	0.9999999999998381	d__Bacteria;p__Bacteroidota;c__Bacteroidia;o__Flavobacteriales;f__Weeksellaceae;g__Chryseobacterium;s__Chryseobacterium balustinum	246.0
MG-Run35-Ech-10	GCF_002965065.1	25	6	3	1.3363062095621219	0.09072460386071013	d__Bacteria;p__Pseudomonadota;c__Gammaproteobacteria;o__Enterobacterales;f__Enterobacteriaceae;g__Escherichia;s__Escherichia sp002965065	2093900.0
MG-Run35-Ech-10	GCF_003991585.1	25	5	0	6.363961030678928	9.830802838450836e-11	d__Bacteria;p__Pseudomonadota;c__Gammaproteobacteria;o__Burkholderiales;f__Burkholderiaceae;g__Saezia;s__Saezia sanguinis	1965230.0
MG-Run35-Ech-10	GCF_001642025.1	25	5	0	6.363961030678928	9.830802838450836e-11	d__Bacteria;p__Actinomycetota;c__Actinomycetes;o__Propionibacteriales;f__Propionibacteriaceae;g__Cutibacterium;s__Cutibacterium namnetense	1912223.0
MG-Run35-Ech-10	GCF_010858045.1	25	5	0	6.363961030678928	9.830802838450836e-11	d__Bacteria;p__Actinomycetota;c__Actinomycetes;o__Mycobacteriales;f__Mycobacteriaceae;g__Nocardia;s__Nocardia cyriacigeorgica_E	135487.0
MG-Run35-Ech-10	GCF_003970865.1	25	5	1	2.8577380332470415	0.00213336241108808	d__Bacteria;p__Pseudomonadota;c__Gammaproteobacteria;o__Xanthomonadales;f__Xanthomonadaceae;g__Stenotrophomonas;s__Stenotrophomonas maltophilia_AR	40324.0
MG-Run35-Ech-10	GCF_002885955.2	25	5	0	6.363961030678928	9.830802838450836e-11	d__Bacteria;p__Pseudomonadota;c__Gammaproteobacteria;o__Burkholderiales;f__Burkholderiaceae;g__Achromobacter;s__Achromobacter pulmonis_A	1416886.0
MG-Run35-Ech-10	GCF_014838735.1	25	4	0	4.949747468305833	3.7154918619553e-7	d__Bacteria;p__Bacillota;c__Bacilli;o__Lactobacillales;f__Lactobacillaceae;g__Limosilactobacillus;s__Limosilactobacillus portuensis	2742601.0
MG-Run35-Ech-10	GCF_900637665.1	25	4	0	4.949747468305833	3.7154918619553e-7	d__Bacteria;p__Bacteroidota;c__Bacteroidia;o__Flavobacteriales;f__Weeksellaceae;g__Chryseobacterium;s__Chryseobacterium nakagawai	1241982.0
MG-Run35-Ech-10	GCF_019458035.1	25	4	0	4.949747468305833	3.7154918619553e-7	d__Bacteria;p__Bacillota;c__Bacilli;o__Lactobacillales;f__Streptococcaceae;g__Streptococcus;s__Streptococcus oralis_BP	1303.0
MG-Run35-Ech-10	GCF_001598475.1	25	4	0	4.949747468305833	3.7154918619553e-7	d__Bacteria;p__Pseudomonadota;c__Gammaproteobacteria;o__Enterobacterales;f__Enterobacteriaceae;g__Pantoea;s__Pantoea agglomerans	549.0
MG-Run35-Ech-10	GCF_029433855.1	25	4	1	2.041241452319315	0.020613416668581852	d__Bacteria;p__Pseudomonadota;c__Gammaproteobacteria;o__Enterobacterales;f__Enterobacteriaceae;g__Kosakonia;s__Kosakonia cowanii_A	208223.0
MG-Run35-Ech-10	GCF_025566055.1	25	4	8	-1.5434872662825794	0.9386437026359151	d__Bacteria;p__Pseudomonadota;c__Gammaproteobacteria;o__Enterobacterales;f__Enterobacteriaceae;g__Leclercia;s__Leclercia tamurae	2866582.0
MG-Run35-Ech-10	GCF_008692845.1	25	4	7	-1.2780193008453875	0.899378689521138	d__Bacteria;p__Pseudomonadota;c__Gammaproteobacteria;o__Enterobacterales;f__Enterobacteriaceae;g__Salmonella;s__Salmonella arizonae	1395119.0
MG-Run35-Ech-10	GCF_001267175.1	25	4	1	2.041241452319315	0.020613416668581852	d__Bacteria;p__Pseudomonadota;c__Gammaproteobacteria;o__Pseudomonadales;f__Pseudomonadaceae;g__Thiopseudomonas;s__Thiopseudomonas alkaliphila	1697053.0
MG-Run35-Ech-10	GCF_000369045.1	25	3	3	-0.2672612419124244	0.6053659869328594	d__Bacteria;p__Pseudomonadota;c__Gammaproteobacteria;o__Pseudomonadales;f__Moraxellaceae;g__Acinetobacter;s__Acinetobacter pittii	48296.0
MG-Run35-Ech-10	GCF_019048525.1	25	3	0	3.5355339059327373	0.00020347600872250293	d__Bacteria;p__Pseudomonadota;c__Gammaproteobacteria;o__Pseudomonadales;f__Moraxellaceae;g__Acinetobacter;s__Acinetobacter lwoffii_K	28090.0
MG-Run35-Ech-10	GCF_000982825.1	25	3	2	0.31622776601683794	0.3759148170229246	d__Bacteria;p__Pseudomonadota;c__Gammaproteobacteria;o__Enterobacterales;f__Enterobacteriaceae;g__Cronobacter;s__Cronobacter sakazakii	28141.0
MG-Run35-Ech-10	GCF_029339075.1	25	3	0	3.5355339059327373	0.00020347600872250293	d__Bacteria;p__Bacteroidota;c__Bacteroidia;o__Flavobacteriales;f__Weeksellaceae;g__Chryseobacterium;s__Chryseobacterium bernardetii_B	1241978.0
MG-Run35-Ech-10	GCF_019880405.1	25	3	1	1.2247448713915892	0.11033568095992341	d__Bacteria;p__Pseudomonadota;c__Gammaproteobacteria;o__Enterobacterales;f__Enterobacteriaceae;g__Pseudescherichia;s__Pseudescherichia sp002298805	1951706.0
MG-Run35-Ech-10	GCF_000368925.1	25	3	0	3.5355339059327373	0.00020347600872250293	d__Bacteria;p__Pseudomonadota;c__Gammaproteobacteria;o__Pseudomonadales;f__Moraxellaceae;g__Acinetobacter;s__Acinetobacter bereziniae	106648.0
MG-Run35-Ech-10	GCA_900446925.1	25	3	4	-0.7071067811865476	0.7602499389065233	d__Bacteria;p__Pseudomonadota;c__Gammaproteobacteria;o__Enterobacterales;f__Enterobacteriaceae;g__Citrobacter_B;s__Citrobacter_B koseri	545.0
MG-Run35-Ech-10	GCF_001553955.1	25	3	3	-0.2672612419124244	0.6053659869328594	d__Bacteria;p__Pseudomonadota;c__Gammaproteobacteria;o__Pseudomonadales;f__Moraxellaceae;g__Moraxella_A;s__Moraxella_A osloensis	34062.0
MG-Run35-Ech-10	GCF_003634575.1	25	3	1	1.2247448713915892	0.11033568095992341	d__Bacteria;p__Pseudomonadota;c__Gammaproteobacteria;o__Enterobacterales;f__Enterobacteriaceae;g__Photorhabdus;s__Photorhabdus asymbiotica	291112.0
MG-Run35-Ech-10	GCF_023518235.1	25	2	0	2.1213203435596424	0.01694742676234462	d__Bacteria;p__Pseudomonadota;c__Gammaproteobacteria;o__Xanthomonadales;f__Xanthomonadaceae;g__Stenotrophomonas;s__Stenotrophomonas sp003028475	69392.0
MG-Run35-Ech-10	GCA_004345325.1	25	2	1	0.4082482904638631	0.34154569915480437	d__Bacteria;p__Pseudomonadota;c__Gammaproteobacteria;o__Pseudomonadales;f__Moraxellaceae;g__Acinetobacter;s__Acinetobacter calcoaceticus_D	471.0
MG-Run35-Ech-10	GCF_013343215.1	25	2	3	-0.8017837257372732	0.7886609629146824	d__Bacteria;p__Pseudomonadota;c__Gammaproteobacteria;o__Pseudomonadales;f__Moraxellaceae;g__Acinetobacter;s__Acinetobacter lwoffii_C	2563897.0
MG-Run35-Ech-10	GCF_001586215.1	25	2	0	2.1213203435596424	0.01694742676234462	d__Bacteria;p__Actinomycetota;c__Actinomycetes;o__Mycobacteriales;f__Mycobacteriaceae;g__Corynebacterium;s__Corynebacterium simulans	146827.0
MG-Run35-Ech-10	GCF_002918555.1	25	2	1	0.4082482904638631	0.34154569915480437	d__Bacteria;p__Pseudomonadota;c__Gammaproteobacteria;o__Enterobacterales;f__Enterobacteriaceae;g__Citrobacter_C;s__Citrobacter_C amalonaticus_A	35703.0
MG-Run35-Ech-10	GCA_006171285.1	25	2	0	2.1213203435596424	0.01694742676234462	d__Bacteria;p__Pseudomonadota;c__Gammaproteobacteria;o__Enterobacterales;f__Enterobacteriaceae;g__Leclercia;s__Leclercia adecarboxylata_A	2870836.0
MG-Run35-Ech-10	GCF_002561295.1	25	2	0	2.1213203435596424	0.01694742676234462	d__Bacteria;p__Bacillota;c__Bacilli;o__Bacillales;f__Bacillaceae_G;g__Bacillus_A;s__Bacillus_A cereus_S	1396.0
MG-Run35-Ech-10	GCF_000227295.1	25	2	0	2.1213203435596424	0.01694742676234462	d__Bacteria;p__Actinomycetota;c__Actinomycetes;o__Propionibacteriales;f__Propionibacteriaceae;g__Cutibacterium;s__Cutibacterium avidum	33010.0
MG-Run35-Ech-10	GCF_001975225.1	25	2	1	0.4082482904638631	0.34154569915480437	d__Bacteria;p__Pseudomonadota;c__Gammaproteobacteria;o__Enterobacterales;f__Enterobacteriaceae;g__Kosakonia;s__Kosakonia cowanii	1399146.0
MG-Run35-Ech-10	GCF_001559075.2	25	2	0	2.1213203435596424	0.01694742676234462	d__Bacteria;p__Pseudomonadota;c__Gammaproteobacteria;o__Enterobacterales;f__Enterobacteriaceae;g__Citrobacter_A;s__Citrobacter_A amalonaticus_F	35703.0
MG-Run35-Ech-10	GCA_901456055.1	25	2	0	2.1213203435596424	0.01694742676234462	d__Bacteria;p__Pseudomonadota;c__Gammaproteobacteria;o__Enterobacterales;f__Enterobacteriaceae;g__Phytobacter;s__Phytobacter ursingii	2066051.0
MG-Run35-Ech-10	GCF_021278985.1	25	2	2	-0.31622776601683794	0.6240851829770754	d__Bacteria;p__Pseudomonadota;c__Gammaproteobacteria;o__Enterobacterales;f__Enterobacteriaceae;g__Citrobacter_A;s__Citrobacter_A rodentium	1218085.0
MG-Run35-Ech-10	GCA_902506215.1	25	2	15	-3.4290034290051437	0.9996970990631342	d__Bacteria;p__Pseudomonadota;c__Gammaproteobacteria;o__Pseudomonadales;f__Moraxellaceae;g__Moraxella_A;s__Moraxella_A sp902506215	2653185.0
MG-Run35-Ech-10	GCF_001277215.2	25	2	2	-0.31622776601683794	0.6240851829770754	d__Bacteria;p__Pseudomonadota;c__Gammaproteobacteria;o__Enterobacterales;f__Enterobacteriaceae;g__Cronobacter;s__Cronobacter malonaticus	1128983.0
MG-Run35-Ech-10	GCA_901472455.1	25	2	0	2.1213203435596424	0.01694742676234462	d__Bacteria;p__Pseudomonadota;c__Gammaproteobacteria;o__Enterobacterales;f__Enterobacteriaceae;g__Leclercia;s__Leclercia adecarboxylata	83655.0
MG-Run35-Ech-10	GCF_001571285.1	25	2	2	-0.31622776601683794	0.6240851829770754	d__Bacteria;p__Pseudomonadota;c__Gammaproteobacteria;o__Enterobacterales;f__Enterobacteriaceae;g__Kluyvera;s__Kluyvera cryocrescens	580.0
MG-Run35-Ech-10	GCA_006385655.1	25	2	0	2.1213203435596424	0.01694742676234462	d__Bacteria;p__Pseudomonadota;c__Gammaproteobacteria;o__Enterobacterales;f__Enterobacteriaceae;g__Enterobacter;s__Enterobacter hormaechei_C	158836.0
MG-Run35-Ech-10	GCF_900101825.1	25	2	0	2.1213203435596424	0.01694742676234462	d__Bacteria;p__Pseudomonadota;c__Gammaproteobacteria;o__Xanthomonadales;f__Xanthomonadaceae;g__Aquimonas;s__Aquimonas voraii	265719.0
MG-Run35-Ech-10	GCF_009183365.2	25	2	1	0.4082482904638631	0.34154569915480437	d__Bacteria;p__Pseudomonadota;c__Gammaproteobacteria;o__Enterobacterales;f__Shewanellaceae;g__Shewanella;s__Shewanella algae	38313.0
MG-Run35-Ech-10	GCF_000314675.2	25	1	11	-3.0962810792528397	0.9990201774729173	d__Bacteria;p__Pseudomonadota;c__Alphaproteobacteria;o__Rhizobiales;f__Xanthobacteraceae;g__Afipia;s__Afipia broomeae	1871052.0
MG-Run35-Ech-10	GCF_031191205.1	25	1	0	0.7071067811865475	0.23975006109347674	d__Bacteria;p__Pseudomonadota;c__Gammaproteobacteria;o__Enterobacterales;f__Pasteurellaceae;g__Haemophilus_D;s__Haemophilus_D parainfluenzae	729.0
MG-Run35-Ech-10	GCA_029027985.1	25	1	0	0.7071067811865475	0.23975006109347674	d__Bacteria;p__Pseudomonadota;c__Gammaproteobacteria;o__Enterobacterales;f__Enterobacteriaceae;g__Klebsiella;s__Klebsiella aerogenes_A	548.0
MG-Run35-Ech-10	GCF_019242955.1	25	1	0	0.7071067811865475	0.23975006109347674	d__Bacteria;p__Pseudomonadota;c__Gammaproteobacteria;o__Enterobacterales;f__Enterobacteriaceae;g__Morganella;s__Morganella morganii_A	582.0
MG-Run35-Ech-10	GCF_028596125.1	25	1	0	0.7071067811865475	0.23975006109347674	d__Bacteria;p__Bacillota;c__Bacilli;o__Lactobacillales;f__Listeriaceae;g__Listeria;s__Listeria innocua	1642.0
MG-Run35-Ech-10	GCF_000017405.1	25	1	0	0.7071067811865475	0.23975006109347674	d__Bacteria;p__Pseudomonadota;c__Alphaproteobacteria;o__Rhizobiales;f__Rhizobiaceae;g__Ochrobactrum;s__Ochrobactrum anthropi	2587040.0
MG-Run35-Ech-10	GCF_029026145.1	25	1	0	0.7071067811865475	0.23975006109347674	d__Bacteria;p__Pseudomonadota;c__Gammaproteobacteria;o__Legionellales;f__Legionellaceae;g__Tatlockia;s__Tatlockia cardiaca	1071983.0
MG-Run35-Ech-10	GCF_017299535.1	25	1	0	0.7071067811865475	0.23975006109347674	d__Bacteria;p__Pseudomonadota;c__Gammaproteobacteria;o__Enterobacterales;f__Enterobacteriaceae;g__Serratia;s__Serratia marcescens	911022.0
MG-Run35-Ech-10	GCF_000243695.2	25	1	0	0.7071067811865475	0.23975006109347674	d__Bacteria;p__Spirochaetota;c__Leptospirae;o__Leptospirales;f__Leptospiraceae;g__Leptospira;s__Leptospira kirschneri	561005.0
MG-Run35-Ech-10	GCF_019880205.1	25	1	0	0.7071067811865475	0.23975006109347674	d__Bacteria;p__Pseudomonadota;c__Gammaproteobacteria;o__Enterobacterales;f__Enterobacteriaceae;g__Pantoea;s__Pantoea sp003512445	549.0
MG-Run35-Ech-10	GCA_945897825.1	25	1	0	0.7071067811865475	0.23975006109347674	d__Bacteria;p__Pseudomonadota;c__Alphaproteobacteria;o__Acetobacterales;f__Acetobacteraceae;g__CAMDGX01;s__CAMDGX01 sp945897825	91915.0
MG-Run35-Ech-10	GCF_900635815.1	25	1	0	0.7071067811865475	0.23975006109347674	d__Bacteria;p__Pseudomonadota;c__Gammaproteobacteria;o__Legionellales;f__Legionellaceae;g__Legionella;s__Legionella cherrii	28084.0
MG-Run35-Ech-10	GCF_938021905.1	25	1	0	0.7071067811865475	0.23975006109347674	d__Bacteria;p__Pseudomonadota;c__Gammaproteobacteria;o__Enterobacterales;f__Pasteurellaceae;g__Haemophilus_A;s__Haemophilus_A parahaemolyticus_B	735.0
MG-Run35-Ech-10	GCA_945860725.1	25	1	1	-0.4082482904638631	0.6584543008451956	d__Bacteria;p__Pseudomonadota;c__Gammaproteobacteria;o__Steroidobacterales;f__Steroidobacteraceae;g__UBA964;s__UBA964 sp945860725	573.0
MG-Run35-Ech-10	GCF_000959725.1	25	1	0	0.7071067811865475	0.23975006109347674	d__Bacteria;p__Pseudomonadota;c__Gammaproteobacteria;o__Burkholderiales;f__Burkholderiaceae;g__Burkholderia;s__Burkholderia gladioli	28095.0
MG-Run35-Ech-10	GCF_002014765.1	25	1	4	-1.649915822768611	0.9505199229902971	d__Bacteria;p__Pseudomonadota;c__Gammaproteobacteria;o__Pseudomonadales;f__Moraxellaceae;g__Moraxella_C;s__Moraxella_C lincolnii	90241.0
MG-Run35-Ech-10	GCF_013702265.1	25	1	0	0.7071067811865475	0.23975006109347674	d__Bacteria;p__Pseudomonadota;c__Gammaproteobacteria;o__Enterobacterales;f__Enterobacteriaceae;g__Providencia;s__Providencia rettgeri_F	2675150.0
MG-Run35-Ech-10	GCF_000025565.1	25	1	1	-0.4082482904638631	0.6584543008451956	d__Bacteria;p__Pseudomonadota;c__Gammaproteobacteria;o__Enterobacterales;f__Enterobacteriaceae;g__Enterobacter;s__Enterobacter cloacae	550.0
MG-Run35-Ech-10	GCF_000092025.1	25	1	0	0.7071067811865475	0.23975006109347674	d__Bacteria;p__Pseudomonadota;c__Alphaproteobacteria;o__Rhizobiales;f__Rhizobiaceae;g__Agrobacterium;s__Agrobacterium fabrum	1176649.0
MG-Run35-Ech-10	GCF_000368625.1	25	1	1	-0.4082482904638631	0.6584543008451956	d__Bacteria;p__Pseudomonadota;c__Gammaproteobacteria;o__Pseudomonadales;f__Moraxellaceae;g__Acinetobacter;s__Acinetobacter schindleri	472.0
MG-Run35-Ech-10	GCF_014298075.1	25	1	0	0.7071067811865475	0.23975006109347674	d__Bacteria;p__Pseudomonadota;c__Gammaproteobacteria;o__Enterobacterales;f__Enterobacteriaceae;g__Klebsiella;s__Klebsiella sp003752615	2485119.0
MG-Run35-Ech-10	GCA_943328885.2	25	1	0	0.7071067811865475	0.23975006109347674	d__Bacteria;p__Pseudomonadota;c__Gammaproteobacteria;o__Burkholderiales;f__Burkholderiaceae;g__Aquabacterium_A;s__Aquabacterium_A parapertussis_A	519.0
MG-Run35-Ech-10	GCF_029959395.1	25	1	0	0.7071067811865475	0.23975006109347674	d__Bacteria;p__Pseudomonadota;c__Gammaproteobacteria;o__Xanthomonadales;f__Xanthomonadaceae;g__Stenotrophomonas;s__Stenotrophomonas maltophilia_AD	2991426.0
MG-Run35-Ech-10	GCF_029024945.1	25	1	0	0.7071067811865475	0.23975006109347674	d__Bacteria;p__Bacillota;c__Bacilli;o__Staphylococcales;f__Staphylococcaceae;g__Staphylococcus;s__Staphylococcus succinus	61015.0
MG-Run35-Ech-10	GCF_000369625.1	25	1	1	-0.4082482904638631	0.6584543008451956	d__Bacteria;p__Pseudomonadota;c__Gammaproteobacteria;o__Pseudomonadales;f__Moraxellaceae;g__Acinetobacter;s__Acinetobacter variabilis	70346.0
MG-Run35-Ech-10	GCF_019754935.1	25	1	0	0.7071067811865475	0.23975006109347674	d__Bacteria;p__Actinomycetota;c__Actinomycetes;o__Mycobacteriales;f__Mycobacteriaceae;g__Corynebacterium;s__Corynebacterium parakroppenstedtii	2828363.0
MG-Run35-Ech-10	GCF_902806985.1	25	1	2	-0.9486832980505138	0.8286091444260443	d__Bacteria;p__Pseudomonadota;c__Gammaproteobacteria;o__Enterobacterales;f__Alteromonadaceae;g__Pseudidiomarina;s__Pseudidiomarina piscicola	287.0
MG-Run35-Ech-10	GCF_001591265.1	25	1	377	-19.37789072645995	1.0	d__Bacteria;p__Pseudomonadota;c__Gammaproteobacteria;o__Pseudomonadales;f__Moraxellaceae;g__Moraxella_A;s__Moraxella_A atlantae	34059.0
MG-Run35-Ech-10	GCF_000488255.1	25	1	1	-0.4082482904638631	0.6584543008451956	d__Bacteria;p__Pseudomonadota;c__Gammaproteobacteria;o__Pseudomonadales;f__Moraxellaceae;g__Acinetobacter;s__Acinetobacter indicus	756892.0
MG-Run35-Ech-10	GCF_900636535.1	25	1	0	0.7071067811865475	0.23975006109347674	d__Bacteria;p__Bacteroidota;c__Bacteroidia;o__Flavobacteriales;f__Weeksellaceae;g__Chryseobacterium;s__Chryseobacterium gleum	253.0
MG-Run35-Ech-10	GCF_000959445.1	25	1	1	-0.4082482904638631	0.6584543008451956	d__Bacteria;p__Pseudomonadota;c__Gammaproteobacteria;o__Burkholderiales;f__Burkholderiaceae;g__Burkholderia;s__Burkholderia vietnamiensis	60552.0
MG-Run35-Ech-10	GCF_024707505.1	25	1	0	0.7071067811865475	0.23975006109347674	d__Bacteria;p__Pseudomonadota;c__Gammaproteobacteria;o__Enterobacterales;f__Enterobacteriaceae;g__Pantoea;s__Pantoea symbiotica	1144341.0
MG-Run35-Ech-10	GCF_004346925.1	25	1	1	-0.4082482904638631	0.6584543008451956	d__Bacteria;p__Pseudomonadota;c__Gammaproteobacteria;o__Xanthomonadales;f__Xanthomonadaceae;g__Stenotrophomonas;s__Stenotrophomonas maltophilia_A	40324.0
MG-Run35-Ech-10	GCA_002578045.1	25	1	0	0.7071067811865475	0.23975006109347674	d__Bacteria;p__Bacillota;c__Bacilli;o__Bacillales;f__Bacillaceae_G;g__Bacillus_A;s__Bacillus_A cereus_AK	1396.0
MG-Run35-Ech-10	GCF_017874535.1	25	1	8	-2.5724787771376323	0.9949513426762464	d__Bacteria;p__Bacillota_A;c__Clostridia;o__Tissierellales;f__Peptoniphilaceae;g__Anaerococcus;s__Anaerococcus nagyae	1891242.0
MG-Run35-Ech-10	GCF_003815975.1	25	1	0	0.7071067811865475	0.23975006109347674	d__Bacteria;p__Bacteroidota;c__Bacteroidia;o__Flavobacteriales;f__Weeksellaceae;g__Chryseobacterium;s__Chryseobacterium bernardetii	1241978.0
MG-Run35-Ech-10	GCF_006438725.1	25	1	0	0.7071067811865475	0.23975006109347674	d__Bacteria;p__Pseudomonadota;c__Gammaproteobacteria;o__Enterobacterales;f__Enterobacteriaceae;g__Ewingella;s__Ewingella americana_A	41202.0
MG-Run35-Ech-10	GCF_009763805.1	25	1	2	-0.9486832980505138	0.8286091444260443	d__Bacteria;p__Pseudomonadota;c__Gammaproteobacteria;o__Enterobacterales;f__Vibrionaceae;g__Vibrio;s__Vibrio cidicii	1763883.0
MG-Run35-Ech-10	GCF_000817815.1	25	1	0	0.7071067811865475	0.23975006109347674	d__Bacteria;p__Pseudomonadota;c__Gammaproteobacteria;o__Enterobacterales;f__Vibrionaceae;g__Vibrio;s__Vibrio owensii	696485.0
MG-Run35-Ech-10	GCF_000759835.1	25	1	0	0.7071067811865475	0.23975006109347674	d__Bacteria;p__Pseudomonadota;c__Gammaproteobacteria;o__Enterobacterales;f__Enterobacteriaceae;g__Citrobacter_A;s__Citrobacter_A sedlakii	67826.0
MG-Run35-Ech-10	GCF_002953215.1	25	1	0	0.7071067811865475	0.23975006109347674	d__Bacteria;p__Pseudomonadota;c__Gammaproteobacteria;o__Enterobacterales;f__Enterobacteriaceae;g__Mixta;s__Mixta calida	1951660.0
MG-Run35-Ech-10	GCA_000973525.1	25	1	0	0.7071067811865475	0.23975006109347674	d__Bacteria;p__Pseudomonadota;c__Gammaproteobacteria;o__Enterobacterales;f__Pasteurellaceae;g__Pasteurella;s__Pasteurella multocida_A	1304873.0
MG-Run35-Ech-10	GCF_030408595.1	25	1	1	-0.4082482904638631	0.6584543008451956	d__Bacteria;p__Actinomycetota;c__Actinomycetes;o__Mycobacteriales;f__Mycobacteriaceae;g__Corynebacterium;s__Corynebacterium canis	679663.0
MG-Run35-Ech-10	GCF_022533585.1	25	1	0	0.7071067811865475	0.23975006109347674	d__Bacteria;p__Pseudomonadota;c__Gammaproteobacteria;o__Pseudomonadales;f__Pseudomonadaceae;g__Pseudomonas_E;s__Pseudomonas_E sp001642705	2813560.0
MG-Run35-Ech-10	GCF_904846285.1	25	1	0	0.7071067811865475	0.23975006109347674	d__Bacteria;p__Pseudomonadota;c__Gammaproteobacteria;o__Pseudomonadales;f__Moraxellaceae;g__Psychrobacter;s__Psychrobacter immobilis_D	498.0
MG-Run35-Ech-10	GCF_900636965.1	25	1	0	0.7071067811865475	0.23975006109347674	d__Bacteria;p__Bacillota;c__Bacilli;o__Lactobacillales;f__Lactobacillaceae;g__Lacticaseibacillus;s__Lacticaseibacillus rhamnosus	47715.0
MG-Run35-Ech-10	GCF_001274595.1	25	1	0	0.7071067811865475	0.23975006109347674	d__Bacteria;p__Pseudomonadota;c__Gammaproteobacteria;o__Xanthomonadales;f__Xanthomonadaceae;g__Stenotrophomonas;s__Stenotrophomonas maltophilia_AJ	2975422.0
MG-Run35-Ech-10	GCF_011064845.1	25	1	0	0.7071067811865475	0.23975006109347674	d__Bacteria;p__Pseudomonadota;c__Gammaproteobacteria;o__Enterobacterales;f__Enterobacteriaceae;g__Citrobacter;s__Citrobacter freundii	546.0
MG-Run35-Ech-10	GCF_021602345.1	25	1	0	0.7071067811865475	0.23975006109347674	d__Bacteria;p__Pseudomonadota;c__Gammaproteobacteria;o__Pseudomonadales;f__Pseudomonadaceae;g__Pseudomonas_E;s__Pseudomonas_E pharyngis	1981743.0
MG-Run35-Ech-10	GCF_000159635.1	25	1	0	0.7071067811865475	0.23975006109347674	d__Bacteria;p__Actinomycetota;c__Actinomycetes;o__Mycobacteriales;f__Mycobacteriaceae;g__Corynebacterium;s__Corynebacterium lipophiloflavum	525263.0
MG-Run35-Ech-10	GCF_029717145.1	25	1	0	0.7071067811865475	0.23975006109347674	d__Bacteria;p__Pseudomonadota;c__Gammaproteobacteria;o__Enterobacterales;f__Enterobacteriaceae;g__Citrobacter;s__Citrobacter gillenii	562.0
MG-Run35-Ech-10	GCF_001642805.2	25	1	0	0.7071067811865475	0.23975006109347674	d__Bacteria;p__Pseudomonadota;c__Gammaproteobacteria;o__Enterobacterales;f__Enterobacteriaceae;g__Serratia;s__Serratia surfactantfaciens	1416761.0
MG-Run35-Ech-10	GCF_900186975.1	25	1	0	0.7071067811865475	0.23975006109347674	d__Bacteria;p__Actinomycetota;c__Actinomycetes;o__Propionibacteriales;f__Propionibacteriaceae;g__Cutibacterium;s__Cutibacterium granulosum	1912223.0
MG-Run35-Ech-10	GCF_900638155.1	25	1	0	0.7071067811865475	0.23975006109347674	d__Bacteria;p__Pseudomonadota;c__Gammaproteobacteria;o__Enterobacterales;f__Pasteurellaceae;g__Mannheimia;s__Mannheimia haemolytica_A	75985.0
MG-Run35-Ech-10	GCF_003493605.1	25	1	0	0.7071067811865475	0.23975006109347674	d__Bacteria;p__Pseudomonadota;c__Gammaproteobacteria;o__Enterobacterales;f__Pasteurellaceae;g__Haemophilus;s__Haemophilus haemolyticus_J	726.0
MG-Run35-Ech-10	GCF_001722135.1	25	1	0	0.7071067811865475	0.23975006109347674	d__Bacteria;p__Pseudomonadota;c__Gammaproteobacteria;o__Enterobacterales;f__Enterobacteriaceae;g__Proteus;s__Proteus sp001722135	1898041.0
MG-Run35-Ech-10	GCF_900635495.1	25	1	0	0.7071067811865475	0.23975006109347674	d__Bacteria;p__Pseudomonadota;c__Gammaproteobacteria;o__Enterobacterales;f__Enterobacteriaceae;g__Atlantibacter;s__Atlantibacter hermannii	2965277.0
MG-Run35-Ech-10	GCF_003688935.1	25	1	0	0.7071067811865475	0.23975006109347674	d__Bacteria;p__Actinomycetota;c__Actinomycetes;o__Mycobacteriales;f__Mycobacteriaceae;g__Corynebacterium;s__Corynebacterium macginleyi	38290.0
MG-Run35-Ech-10	GCF_000176515.1	25	1	1	-0.4082482904638631	0.6584543008451956	d__Bacteria;p__Pseudomonadota;c__Gammaproteobacteria;o__Enterobacterales;f__Vibrionaceae;g__Enterovibrio;s__Enterovibrio hollisae	673.0
MG-Run35-Ech-10	GCF_013375155.1	25	1	0	0.7071067811865475	0.23975006109347674	d__Bacteria;p__Pseudomonadota;c__Gammaproteobacteria;o__Enterobacterales;f__Enterobacteriaceae;g__Serratia;s__Serratia ureilytica	2744257.0
MG-Run35-Ech-10	GCF_002925905.1	25	1	0	0.7071067811865475	0.23975006109347674	d__Bacteria;p__Pseudomonadota;c__Gammaproteobacteria;o__Enterobacterales;f__Enterobacteriaceae;g__Klebsiella;s__Klebsiella michiganensis	1134687.0
MG-Run35-Ech-10	GCF_008326345.1	25	1	0	0.7071067811865475	0.23975006109347674	d__Bacteria;p__Actinomycetota;c__Actinomycetes;o__Propionibacteriales;f__Propionibacteriaceae;g__Cutibacterium;s__Cutibacterium modestum	1182755.0
MG-Run35-Ech-10	GCF_002014975.1	25	1	0	0.7071067811865475	0.23975006109347674	d__Bacteria;p__Pseudomonadota;c__Gammaproteobacteria;o__Pseudomonadales;f__Moraxellaceae;g__Moraxella;s__Moraxella bovis	476.0
MG-Run35-Ech-10	GCF_008327825.1	25	1	0	0.7071067811865475	0.23975006109347674	d__Bacteria;p__Fusobacteriota;c__Fusobacteriia;o__Fusobacteriales;f__Leptotrichiaceae;g__Leptotrichia;s__Leptotrichia shahii	157691.0
MG-Run35-Ech-10	GCF_900637305.1	25	1	0	0.7071067811865475	0.23975006109347674	d__Bacteria;p__Pseudomonadota;c__Gammaproteobacteria;o__Cardiobacteriales;f__Cardiobacteriaceae;g__Cardiobacterium;s__Cardiobacterium hominis	2718.0
MG-Run35-Ech-10	GCF_000194175.1	25	1	29	-5.247275322020443	0.999999922817437	d__Bacteria;p__Pseudomonadota;c__Gammaproteobacteria;o__Enterobacterales;f__Enterobacteriaceae;g__Escherichia;s__Escherichia coli_F	562.0
MG-Run35-Ech-10	GCF_009831415.1	25	1	0	0.7071067811865475	0.23975006109347674	d__Bacteria;p__Pseudomonadota;c__Gammaproteobacteria;o__Enterobacterales;f__Enterobacteriaceae;g__Yersinia;s__Yersinia canariae	2607663.0
MG-Run35-Ech-10	GCF_023520795.1	25	1	0	0.7071067811865475	0.23975006109347674	d__Bacteria;p__Actinomycetota;c__Actinomycetes;o__Mycobacteriales;f__Mycobacteriaceae;g__Corynebacterium;s__Corynebacterium accolens	38284.0
MG-Run35-Ech-10	GCA_011077955.1	25	1	0	0.7071067811865475	0.23975006109347674	d__Bacteria;p__Pseudomonadota;c__Gammaproteobacteria;o__Enterobacterales;f__Enterobacteriaceae;g__Atlantibacter;s__Atlantibacter sp002358165	1951679.0
MG-Run35-Ech-10	GCF_030718935.1	25	1	0	0.7071067811865475	0.23975006109347674	d__Bacteria;p__Pseudomonadota;c__Gammaproteobacteria;o__Pseudomonadales;f__Moraxellaceae;g__Psychrobacter;s__Psychrobacter immobilis_G	498.0
MG-Run35-Ech-10	GCF_018323885.1	25	1	0	0.7071067811865475	0.23975006109347674	d__Bacteria;p__Pseudomonadota;c__Gammaproteobacteria;o__Enterobacterales;f__Enterobacteriaceae;g__Citrobacter_A;s__Citrobacter_A amalonaticus	2742620.0
MG-Run35-Ech-10	GCF_020042665.1	25	1	0	0.7071067811865475	0.23975006109347674	d__Bacteria;p__Pseudomonadota;c__Gammaproteobacteria;o__Xanthomonadales;f__Xanthomonadaceae;g__Pseudoxanthomonas_A;s__Pseudoxanthomonas_A spadix_A	2571115.0
MG-Run35-Ech-10	GCF_000155975.1	25	1	0	0.7071067811865475	0.23975006109347674	d__Bacteria;p__Pseudomonadota;c__Gammaproteobacteria;o__Enterobacterales;f__Enterobacteriaceae;g__Citrobacter;s__Citrobacter portucalensis_A	500640.0
MG-Run35-Ech-10	GCF_000368045.1	25	1	5	-1.9188064472004938	0.9724955831853671	d__Bacteria;p__Pseudomonadota;c__Gammaproteobacteria;o__Pseudomonadales;f__Moraxellaceae;g__Acinetobacter;s__Acinetobacter johnsonii	472.0
MG-Run35-Ech-10	GCF_900635445.1	25	1	0	0.7071067811865475	0.23975006109347674	d__Bacteria;p__Pseudomonadota;c__Gammaproteobacteria;o__Enterobacterales;f__Enterobacteriaceae;g__Serratia_F;s__Serratia_F odorifera	618.0
MG-Run35-Ech-10	GCA_945897555.1	25	1	0	0.7071067811865475	0.23975006109347674	d__Bacteria;p__Pseudomonadota;c__Gammaproteobacteria;o__Burkholderiales;f__UBA3065;g__UBA3065;s__UBA3065 sp945897555	573.0
MG-Run35-Ech-10	GCF_000759795.1	25	1	1	-0.4082482904638631	0.6584543008451956	d__Bacteria;p__Pseudomonadota;c__Gammaproteobacteria;o__Enterobacterales;f__Enterobacteriaceae;g__Pseudescherichia;s__Pseudescherichia vulneris	1884818.0
MG-Run35-Ech-10	GCF_003970495.1	25	1	0	0.7071067811865475	0.23975006109347674	d__Bacteria;p__Bacillota;c__Bacilli;o__Staphylococcales;f__Staphylococcaceae;g__Staphylococcus;s__Staphylococcus pasteuri	2653174.0
MG-Run35-Ech-10	GCF_000368065.1	25	1	1	-0.4082482904638631	0.6584543008451956	d__Bacteria;p__Pseudomonadota;c__Gammaproteobacteria;o__Pseudomonadales;f__Moraxellaceae;g__Acinetobacter;s__Acinetobacter seifertii	1530123.0
MG-Run35-Ech-10	GCF_000026225.1	25	1	2	-0.9486832980505138	0.8286091444260443	d__Bacteria;p__Pseudomonadota;c__Gammaproteobacteria;o__Enterobacterales;f__Enterobacteriaceae;g__Escherichia;s__Escherichia fergusonii	564.0
MG-Run35-Ech-10	GCF_023100685.1	25	1	0	0.7071067811865475	0.23975006109347674	d__Bacteria;p__Pseudomonadota;c__Gammaproteobacteria;o__Enterobacterales;f__Enterobacteriaceae;g__Proteus;s__Proteus sp003144375	1311819.0
MG-Run35-Ech-10	GCF_002163755.1	25	1	0	0.7071067811865475	0.23975006109347674	d__Bacteria;p__Pseudomonadota;c__Gammaproteobacteria;o__Enterobacterales;f__Vibrionaceae;g__Vibrio;s__Vibrio campbellii	680.0
MG-Run35-Ech-10	GCF_000740775.1	25	1	2	-0.9486832980505138	0.8286091444260443	d__Bacteria;p__Pseudomonadota;c__Alphaproteobacteria;o__Rhodobacterales;f__Rhodobacteraceae;g__Haematobacter;s__Haematobacter missouriensis	366616.0
MG-Run35-Ech-10	GCF_000832605.1	25	1	0	0.7071067811865475	0.23975006109347674	d__Bacteria;p__Bacillota;c__Bacilli;o__Bacillales;f__Bacillaceae_G;g__Bacillus_A;s__Bacillus_A mycoides	1405.0
MG-Run35-Ech-10	GCF_009932725.1	25	1	0	0.7071067811865475	0.23975006109347674	d__Bacteria;p__Pseudomonadota;c__Gammaproteobacteria;o__Pseudomonadales;f__Pseudomonadaceae;g__Pseudomonas_E;s__Pseudomonas_E yangonensis	2579922.0
MG-Run35-Ech-10	GCF_013464915.1	25	1	0	0.7071067811865475	0.23975006109347674	d__Bacteria;p__Pseudomonadota;c__Gammaproteobacteria;o__Xanthomonadales;f__Xanthomonadaceae;g__Stenotrophomonas;s__Stenotrophomonas maltophilia_AT	40324.0
MG-Run35-Ech-10	GCF_016767715.1	25	1	0	0.7071067811865475	0.23975006109347674	d__Bacteria;p__Actinomycetota;c__Actinomycetes;o__Mycobacteriales;f__Mycobacteriaceae;g__Mycobacterium;s__Mycobacterium gwanakae	1774.0
MG-Run35-Ech-10	GCF_002813755.1	25	1	0	0.7071067811865475	0.23975006109347674	d__Bacteria;p__Bacillota;c__Bacilli;o__Lactobacillales;f__Enterococcaceae;g__Enterococcus_B;s__Enterococcus_B mundtii	53346.0
MG-Run35-Ech-10	GCA_900478215.1	25	1	0	0.7071067811865475	0.23975006109347674	d__Bacteria;p__Pseudomonadota;c__Gammaproteobacteria;o__Enterobacterales;f__Enterobacteriaceae;g__Salmonella;s__Salmonella houtenae	28901.0
MG-Run35-Ech-10	GCF_002564555.1	25	1	0	0.7071067811865475	0.23975006109347674	d__Bacteria;p__Bacillota;c__Bacilli;o__Bacillales;f__Bacillaceae_G;g__Bacillus_A;s__Bacillus_A cereus_K	1396.0
MG-Run35-Ech-10	GCF_001722485.1	25	1	1	-0.4082482904638631	0.6584543008451956	d__Bacteria;p__Actinomycetota;c__Actinomycetes;o__Actinomycetales;f__Cellulomonadaceae;g__Cellulosimicrobium;s__Cellulosimicrobium cellulans_A	1710.0
MG-Run35-Ech-10	GCF_000024785.1	25	1	0	0.7071067811865475	0.23975006109347674	d__Bacteria;p__Actinomycetota;c__Actinomycetes;o__Mycobacteriales;f__Mycobacteriaceae;g__Gordonia;s__Gordonia bronchialis	2054.0
MG-Run35-Ech-10	GCA_900637135.1	25	1	0	0.7071067811865475	0.23975006109347674	d__Bacteria;p__Actinomycetota;c__Actinomycetes;o__Mycobacteriales;f__Mycobacteriaceae;g__Mycobacterium;s__Mycobacterium neumannii	1776.0
MG-Run35-Ech-10	GCF_022631235.2	25	1	1	-0.4082482904638631	0.6584543008451956	d__Bacteria;p__Pseudomonadota;c__Gammaproteobacteria;o__Pseudomonadales;f__Moraxellaceae;g__Psychrobacter;s__Psychrobacter sanguinis_A	1569265.0
MG-Run35-Ech-10	GCF_000176175.1	25	1	1	-0.4082482904638631	0.6584543008451956	d__Bacteria;p__Pseudomonadota;c__Gammaproteobacteria;o__Enterobacterales;f__Vibrionaceae;g__Vibrio;s__Vibrio furnissii	675811.0
MG-Run35-Ech-10	GCF_004353185.1	25	1	1	-0.4082482904638631	0.6584543008451956	d__Bacteria;p__Bacillota_A;c__Clostridia;o__Clostridiales;f__Clostridiaceae;g__Clostridium;s__Clostridium cuniculi	2548455.0
MG-Run35-Ech-10	GCF_001598855.1	25	1	2	-0.9486832980505138	0.8286091444260443	d__Bacteria;p__Pseudomonadota;c__Gammaproteobacteria;o__Enterobacterales;f__Enterobacteriaceae;g__Pluralibacter;s__Pluralibacter gergoviae	61647.0
MG-Run35-Ech-10	GCF_000622145.1	25	1	0	0.7071067811865475	0.23975006109347674	d__Bacteria;p__Pseudomonadota;c__Alphaproteobacteria;o__Rhodobacterales;f__Rhodobacteraceae;g__Paracoccus;s__Paracoccus yeei	147645.0
MG-Run35-Ech-10	GCA_009912575.1	25	1	0	0.7071067811865475	0.23975006109347674	d__Bacteria;p__Pseudomonadota;c__Gammaproteobacteria;o__Pseudomonadales;f__Moraxellaceae;g__Acinetobacter;s__Acinetobacter bereziniae_A	472.0
MG-Run35-Ech-10	GCF_004216755.1	25	1	0	0.7071067811865475	0.23975006109347674	d__Bacteria;p__Pseudomonadota;c__Gammaproteobacteria;o__Burkholderiales;f__Burkholderiaceae;g__Kerstersia;s__Kerstersia gyiorum	206506.0
MG-Run35-Ech-10	GCA_006438735.1	25	1	0	0.7071067811865475	0.23975006109347674	d__Bacteria;p__Pseudomonadota;c__Alphaproteobacteria;o__Sphingomonadales;f__Sphingomonadaceae;g__Sphingomonas;s__Sphingomonas koreensis_A	93064.0
MG-Run35-Ech-10	GCF_000039765.1	25	1	0	0.7071067811865475	0.23975006109347674	d__Bacteria;p__Pseudomonadota;c__Gammaproteobacteria;o__Enterobacterales;f__Vibrionaceae;g__Vibrio;s__Vibrio vulnificus_B	672.0
